view_count,wishlist_add_count,cart_add_count,buy_count,price_change_pct
4,0,1,0,-1.0
3,0,0,0,-2.15
2,0,0,0,-2.46
11,1,1,0,1.87
41,4,6,6,4.89
0,0,0,0,-2.81
13,1,1,2,4.34
4,0,0,0,-1.69
13,1,3,0,3.5
18,3,0,0,3.44
4,0,0,0,-1.91
1,2,1,0,-0.52
46,6,1,1,4.99
4,0,2,0,-0.08
1,0,0,0,-2.6
2,0,1,0,-1.23
12,3,0,1,3.3
0,0,0,0,-2.71
11,1,2,0,2.62
6,0,0,0,-1.41
48,7,2,0,5.0
15,2,1,1,4.02
17,0,1,0,2.72
43,8,6,5,5.0
2,0,1,0,-1.59
3,1,0,0,-1.61
6,1,0,0,-0.65
42,2,4,0,4.92
13,2,1,0,3.05
15,3,1,0,3.7
0,2,0,0,-2.15
4,1,0,0,-1.57
3,0,0,0,-1.94
49,4,4,3,5.0
1,0,0,0,-2.65
14,3,2,0,3.87
0,0,0,0,-2.86
1,1,0,0,-2.03
20,2,4,1,4.87
53,8,2,3,5.0
14,3,1,0,3.78
4,0,0,0,-2.08
2,1,0,0,-1.93
42,10,1,1,5.0
3,1,0,0,-1.74
1,1,1,1,0.31
16,4,3,0,4.29
2,0,0,2,0.96
13,1,5,2,4.76
3,0,0,1,-0.68
15,1,8,0,4.75
5,0,0,0,-1.59
15,3,0,0,3.15
16,1,0,0,2.17
14,3,2,1,4.17
45,6,2,0,5.0
11,3,0,0,2.33
1,0,0,0,-2.58
3,1,0,0,-1.86
32,7,3,3,5.0
3,0,0,0,-2.39
1,1,0,0,-2.24
1,0,0,0,-2.81
3,0,1,0,-0.86
1,0,0,0,-2.67
2,0,1,0,-1.62
40,8,4,1,5.0
1,0,0,0,-2.59
41,10,4,2,4.86
11,1,2,1,3.86
14,2,1,1,3.9
21,0,2,0,3.7
16,2,1,1,4.03
13,0,1,0,2.19
10,4,1,0,3.22
47,6,9,4,4.94
53,6,1,1,5.0
22,2,1,0,4.05
4,0,0,0,-1.77
3,1,0,0,-1.39
11,0,2,1,3.21
14,1,0,2,4.04
2,0,0,0,-2.27
2,0,0,0,-2.75
2,0,0,0,-2.59
14,1,1,0,2.65
0,0,0,0,-2.82
52,6,6,3,5.0
3,2,0,0,-0.98
3,0,0,0,-2.18
0,0,1,0,-2.29
17,3,0,0,3.26
8,1,1,1,2.46
15,3,1,0,3.63
3,0,0,0,-2.18
14,3,1,0,3.46
44,12,5,1,5.0
44,5,2,2,4.8
5,0,0,0,-1.56
7,0,0,0,-1.2
51,5,2,0,5.0
44,8,7,1,5.0
3,4,0,0,0.16
11,3,2,3,4.93
16,2,2,0,4.04
15,3,1,2,4.54
54,8,4,3,4.93
5,1,0,0,-1.0
42,5,4,0,4.83
50,2,7,1,4.93
17,0,2,1,4.33
4,1,1,0,-0.15
5,1,0,0,-0.75
16,0,3,0,3.91
3,0,0,0,-2.17
13,0,0,0,0.91
5,0,0,0,-1.72
37,3,3,0,4.94
2,0,0,0,-2.35
2,0,1,0,-1.61
20,3,3,0,4.6
18,0,1,1,4.25
42,10,1,1,4.78
50,4,9,1,5.0
16,0,2,0,3.02
38,7,6,2,4.94
2,1,0,0,-2.04
11,0,3,1,3.79
39,4,5,0,4.97
64,8,5,3,4.84
17,3,3,0,4.37
2,1,1,0,-1.12
16,2,4,1,5.0
13,2,1,0,2.72
4,1,0,0,-1.24
3,0,0,0,-2.49
24,1,2,1,4.7
42,6,4,0,5.0
11,1,1,1,3.3
16,5,0,0,3.93
4,0,1,0,-0.89
3,0,1,0,-1.31
3,0,0,0,-2.18
36,6,4,1,4.79
2,0,0,0,-2.62
5,0,1,0,-0.69
15,2,1,0,3.5
6,0,0,1,0.49
19,1,1,1,4.09
12,0,2,0,2.45
6,1,0,0,-0.42
51,4,9,1,5.0
1,0,0,1,-1.29
44,5,2,2,4.88
37,3,8,2,5.0
4,0,0,0,-1.77
3,0,0,1,-0.69
45,5,6,3,5.0
14,1,3,1,4.22
8,1,2,0,1.98
8,0,3,0,2.16
17,1,2,0,3.7
5,0,0,0,-1.45
15,4,4,0,4.84
39,6,10,3,4.72
6,0,2,0,0.6
18,2,3,1,4.61
0,0,0,1,-1.64
4,0,0,0,-1.82
13,1,3,1,4.03
14,1,1,1,3.81
15,0,2,0,3.01
19,2,0,0,3.37
17,2,1,0,3.73
8,0,1,0,0.53
11,1,0,1,2.5
12,3,1,0,3.13
5,0,0,0,-1.72
24,0,1,0,4.06
40,5,3,1,4.91
58,7,5,1,4.78
46,5,3,4,5.0
15,3,1,0,3.81
3,2,0,0,-1.03
51,5,7,4,5.0
46,8,5,0,4.93
52,8,2,2,4.86
11,3,2,0,3.85
2,0,1,0,-1.59
4,0,1,1,0.62
3,0,1,0,-1.29
4,0,0,0,-1.88
54,7,6,0,4.92
22,5,2,1,4.89
35,3,5,0,4.9
53,4,6,2,4.81
7,0,0,0,-1.08
44,6,7,1,4.85
0,0,0,1,-1.63
2,0,0,0,-2.54
1,0,0,0,-2.42
15,2,1,0,3.35
20,2,1,0,3.74
7,0,0,0,-1.19
2,0,0,0,-2.44
2,0,0,0,-2.35
17,1,5,1,4.85
10,1,2,0,2.51
13,4,1,1,4.15
21,2,3,0,4.91
2,0,0,0,-2.54
13,1,2,0,3.26
44,2,4,1,4.77
4,1,1,0,-0.56
41,5,6,0,5.0
4,0,0,0,-1.79
6,0,0,0,-1.44
21,2,1,1,4.72
59,7,10,1,5.0
4,1,0,0,-1.27
49,5,2,3,5.0
4,1,0,0,-1.28
9,0,1,0,0.51
3,1,0,0,-1.36
6,1,1,2,3.25
41,6,5,1,4.98
16,1,1,0,3.29
1,1,0,0,-1.94
2,1,0,0,-1.76
1,0,1,0,-1.83
44,7,0,0,4.88
17,0,2,0,3.4
45,4,8,2,4.71
4,0,0,0,-1.86
1,0,0,0,-2.69
13,0,1,0,1.55
16,4,4,0,4.34
19,1,2,0,4.31
0,0,0,1,-1.87
5,0,0,0,-1.53
2,2,1,1,1.08
1,0,0,0,-2.48
17,2,2,1,4.59
1,0,0,0,-2.61
46,6,2,1,4.85
6,2,1,0,1.05
1,0,1,0,-1.97
50,8,1,2,4.77
11,2,1,0,2.39
10,3,2,2,4.37
13,2,1,0,2.77
35,2,6,2,5.0
7,0,0,0,-1.21
39,7,6,0,5.0
1,0,0,0,-2.56
39,2,8,2,4.96
7,0,0,0,-0.76
6,2,1,0,0.86
19,5,1,0,4.52
7,0,0,0,-0.93
14,1,3,1,4.16
26,3,2,0,4.9
37,9,3,1,4.87
13,1,2,1,4.04
5,0,0,0,-1.59
3,0,0,1,-0.78
4,0,0,0,-1.93
4,0,1,0,-0.92
16,1,2,1,4.36
4,0,1,0,-1.26
4,0,0,0,-1.83
43,4,5,2,4.86
16,2,0,1,3.61
2,0,0,0,-2.45
16,0,6,0,4.46
18,0,2,0,3.65
5,0,0,0,-1.73
2,1,0,0,-1.86
1,0,1,0,-1.78
2,0,0,0,-2.27
20,1,1,0,3.69
15,3,3,0,4.29
54,10,4,0,4.84
0,0,0,0,-3.01
1,0,1,0,-2.02
3,0,0,0,-2.12
5,0,0,0,-1.63
14,2,1,0,3.12
4,0,0,0,-1.77
8,3,0,1,2.81
15,2,3,0,4.09
21,0,2,1,3.99
8,4,0,0,2.04
1,0,0,0,-2.56
17,0,3,1,4.32
15,3,0,1,3.98
50,8,4,1,5.0
5,0,0,0,-1.35
13,1,0,0,1.44
5,0,0,0,-1.66
1,1,0,0,-2.44
13,6,1,0,4.1
41,6,2,1,4.9
12,3,3,1,4.11
14,1,3,0,3.96
6,0,0,0,-1.09
4,0,0,0,-1.71
16,4,0,1,4.41
19,3,0,0,3.55
4,0,0,0,-1.62
17,3,3,1,4.74
44,2,6,0,5.0
2,0,0,1,-0.83
44,4,3,0,5.0
10,1,0,0,0.91
3,0,0,0,-2.29
1,0,0,0,-2.47
5,1,0,0,-1.21
55,8,4,1,5.0
16,2,2,0,3.86
2,1,2,0,0.03
2,0,1,0,-1.42
11,2,0,2,3.96
10,1,2,0,2.44
3,1,0,0,-1.79
14,1,0,0,1.72
16,2,0,0,3.1
2,0,0,0,-2.42
9,1,2,1,3.22
12,3,0,1,3.36
12,0,3,0,3.21
13,4,1,1,4.53
13,1,3,0,3.62
32,6,8,0,5.0
6,0,0,0,-1.47
3,0,0,0,-2.06
3,0,0,0,-1.95
7,0,0,0,-1.1
9,1,1,0,1.43
18,2,0,0,3.35
6,0,0,0,-1.31
2,0,0,0,-2.66
15,2,0,0,2.5
3,1,0,0,-1.55
4,0,0,0,-1.92
4,0,0,0,-1.85
48,8,4,1,5.0
1,0,0,0,-2.9
12,4,3,1,4.82
14,1,3,0,3.64
40,5,1,4,4.97
14,2,3,1,4.41
11,2,0,0,1.47
21,1,0,0,3.8
10,0,2,0,1.93
57,1,2,1,5.0
13,3,1,0,3.16
42,5,6,0,4.98
14,2,3,0,3.87
3,0,0,0,-2.41
4,0,0,0,-1.84
19,2,2,0,4.28
6,1,0,0,-0.54
4,1,1,0,0.04
1,2,0,0,-1.79
2,1,1,0,-1.06
16,2,1,1,4.25
18,0,0,0,2.32
13,3,0,0,2.73
3,0,0,1,-0.74
46,3,5,4,4.94
23,0,1,0,3.77
16,3,1,0,3.86
22,0,3,0,4.47
13,0,4,0,3.77
14,1,0,0,2.0
3,2,0,0,-1.06
4,0,0,0,-1.53
17,4,0,0,3.96
3,1,0,0,-1.48
8,0,2,0,1.07
17,4,2,0,4.42
4,0,0,0,-2.0
13,3,2,0,3.74
42,7,5,1,5.0
23,2,2,0,4.52
2,0,0,0,-2.47
20,3,2,0,4.68
2,0,1,0,-1.72
8,3,1,2,4.06
15,5,1,1,4.44
3,0,1,0,-1.42
0,1,0,0,-2.47
16,3,3,0,4.61
11,3,1,0,2.73
1,0,0,0,-2.71
15,1,1,0,2.91
16,2,0,0,2.67
2,2,0,0,-1.42
2,0,1,0,-1.49
2,0,0,0,-2.38
2,0,0,0,-2.38
47,4,6,3,5.0
52,7,6,2,5.0
17,0,0,4,4.76
3,0,0,0,-2.34
3,0,0,0,-2.35
12,4,0,0,2.88
3,0,0,0,-2.23
3,0,0,0,-2.26
3,1,1,0,-0.55
4,0,0,0,-1.68
16,1,0,0,2.41
11,2,4,0,3.88
44,8,4,2,5.0
18,1,3,1,4.57
26,0,3,0,4.63
3,0,0,0,-2.24
21,3,2,0,4.48
1,0,0,0,-2.9
6,0,0,0,-1.33
10,2,2,1,3.76
41,6,4,0,4.88
15,3,3,1,4.42
13,1,2,1,4.05
12,3,0,0,2.24
13,3,1,1,4.07
5,1,0,0,-0.92
5,1,0,0,-1.22
1,2,0,0,-1.69
3,0,0,0,-2.05
18,0,2,0,3.59
3,0,0,0,-2.51
50,6,5,1,5.0
1,0,0,0,-2.75
4,1,0,0,-1.33
2,0,0,0,-2.48
38,5,2,5,5.0
2,0,0,0,-2.23
5,0,0,0,-1.34
0,0,2,0,-1.09
3,0,1,0,-1.33
2,3,0,0,-0.63
3,0,0,0,-2.47
1,0,0,0,-2.58
13,1,1,0,2.37
42,3,3,0,4.75
2,0,0,0,-2.24
39,7,7,1,5.0
5,0,0,0,-1.38
13,5,3,0,4.4
14,2,2,0,3.41
15,4,3,0,4.71
1,0,1,0,-2.0
16,6,1,1,4.68
5,1,0,0,-0.77
3,0,0,0,-2.35
4,1,1,0,-0.4
2,0,0,0,-2.59
7,0,0,0,-1.0
3,1,0,0,-1.63
14,4,2,0,4.02
1,0,0,0,-2.72
4,0,0,0,-1.82
12,2,1,0,2.79
2,0,1,0,-1.57
3,0,0,0,-2.14
7,0,0,0,-1.22
2,0,1,0,-1.43
4,0,1,0,-0.94
3,0,0,0,-1.98
48,6,4,1,5.0
3,0,0,0,-2.03
1,0,0,0,-2.85
34,10,7,1,5.0
8,1,0,0,0.04
3,0,0,0,-2.04
2,0,1,0,-1.52
14,2,2,0,3.55
43,10,4,1,4.88
16,3,2,0,4.17
3,0,1,1,0.18
4,0,0,0,-1.63
0,0,0,0,-2.86
2,1,0,0,-1.71
5,0,2,0,0.44
3,0,0,1,-0.81
8,2,1,0,1.68
59,4,4,1,5.0
12,2,4,0,4.18
16,1,1,0,2.98
15,3,1,0,3.59
6,0,1,0,-0.28
1,0,1,1,-0.2
4,0,0,0,-2.08
7,2,1,0,1.2
5,0,0,0,-1.48
1,0,0,0,-2.86
14,0,1,0,2.16
2,0,0,0,-2.45
3,3,0,0,-0.2
6,0,0,0,-1.26
4,0,0,0,-1.91
17,2,1,0,3.67
5,0,0,0,-1.58
2,0,0,0,-2.42
49,10,3,1,5.0
19,0,0,1,3.77
4,0,0,0,-1.89
1,0,1,0,-1.74
12,2,2,1,4.4
8,2,4,0,3.8
17,0,1,1,3.76
1,1,0,0,-2.39
17,1,0,0,2.6
5,0,1,0,-0.66
20,1,0,2,4.83
4,1,0,0,-1.36
1,1,0,0,-1.94
13,2,3,1,4.47
1,0,2,0,-1.07
6,1,0,0,-0.82
1,0,0,0,-2.71
3,0,0,0,-2.29
37,6,6,2,4.88
4,1,0,0,-1.5
1,0,0,0,-2.77
2,0,0,0,-2.56
13,4,0,0,3.1
46,9,9,0,4.99
50,5,3,0,4.86
12,2,0,1,3.06
12,4,2,0,3.91
3,0,1,0,-1.21
3,0,0,0,-2.04
45,6,9,2,4.96
1,1,0,0,-2.19
5,1,0,0,-1.14
14,0,2,1,3.78
16,2,1,1,4.0
3,1,0,0,-1.52
51,7,6,2,4.82
3,0,0,0,-2.14
48,5,6,2,4.91
17,1,1,0,3.68
64,1,5,0,5.0
13,4,4,2,4.96
4,0,0,0,-1.93
6,0,4,0,2.62
1,0,0,0,-2.66
2,1,0,1,-0.43
6,1,0,0,-0.55
3,0,0,0,-2.18
2,0,0,0,-2.66
12,1,2,0,2.77
3,2,1,0,0.19
15,4,2,1,4.56
1,1,0,0,-2.06
0,0,0,0,-3.11
3,0,0,0,-2.02
1,0,0,0,-2.97
11,0,1,1,2.45
13,0,0,0,0.76
5,0,0,0,-1.57
40,2,6,2,5.0
0,0,0,0,-3.05
19,1,2,0,3.79
4,0,0,0,-1.72
18,1,1,0,3.55
3,0,0,0,-2.11
4,0,0,0,-1.87
2,1,0,0,-2.12
5,0,1,0,-0.71
14,1,2,0,3.23
2,0,0,0,-2.58
2,1,0,0,-2.05
4,0,1,0,-0.98
6,0,0,0,-1.21
11,1,1,0,1.88
5,0,1,1,1.07
13,2,2,0,3.67
5,0,0,0,-1.53
3,1,1,0,-0.53
4,1,0,0,-1.47
5,0,1,0,-0.75
15,1,0,1,3.09
1,0,0,0,-2.74
2,0,0,0,-2.79
14,3,0,0,3.01
7,0,0,0,-0.88
2,0,1,0,-1.78
56,7,6,0,5.0
5,0,1,0,-0.54
2,0,0,0,-2.39
30,9,2,0,4.78
51,9,2,1,4.98
15,4,1,0,4.06
0,0,0,0,-3.13
40,2,10,0,4.87
15,0,0,0,1.66
43,6,2,1,5.0
1,0,0,0,-2.69
53,7,4,0,5.0
1,1,1,0,-1.39
40,8,4,2,4.95
18,0,2,0,3.35
2,0,0,0,-2.46
1,0,1,0,-1.75
40,8,6,1,5.0
6,0,0,0,-1.2
41,3,5,1,4.86
19,4,0,0,4.12
17,2,3,1,4.5
4,1,0,0,-1.26
2,0,0,0,-2.61
5,0,0,0,-1.91
1,1,0,0,-2.45
17,3,1,0,4.08
5,0,0,0,-1.48
3,0,0,0,-2.21
9,4,1,0,2.72
14,0,1,2,3.9
3,1,0,0,-1.71
3,1,0,1,0.21
2,0,0,0,-2.51
12,1,3,1,4.17
3,0,0,0,-2.05
31,11,5,1,4.92
2,1,0,0,-1.89
1,0,0,0,-2.6
5,2,0,0,-0.28
3,0,2,0,-0.25
21,0,0,1,3.99
2,0,2,0,-0.76
4,2,0,0,-0.59
4,0,0,0,-1.88
1,1,0,0,-2.28
4,0,0,0,-2.07
57,3,3,0,4.93
12,3,2,0,3.77
3,0,1,0,-1.31
16,3,1,0,4.0
5,1,0,0,-1.0
18,2,2,0,4.03
13,4,2,0,4.04
13,1,1,0,2.58
14,2,0,0,2.62
52,4,3,4,4.79
5,3,1,0,1.31
3,0,1,0,-1.23
7,1,0,0,-0.65
4,0,0,0,-1.56
14,2,1,0,2.88
5,1,2,0,0.73
18,1,1,0,3.34
2,0,0,0,-2.45
16,2,2,0,3.63
13,0,2,0,2.63
19,2,0,1,3.76
1,0,1,0,-2.0
43,7,4,1,5.0
40,7,7,2,5.0
5,0,0,0,-1.86
3,1,0,0,-1.83
3,0,1,0,-1.35
12,3,2,0,3.79
15,2,0,3,4.79
3,0,0,0,-2.17
14,2,4,1,4.5
4,1,0,0,-1.42
4,0,0,0,-2.12
36,4,7,0,5.0
14,1,0,1,3.14
3,1,0,0,-1.41
41,4,7,0,4.87
3,0,0,0,-2.35
3,2,0,0,-0.84
45,3,7,0,4.92
3,2,0,0,-1.05
4,0,0,0,-1.69
4,0,0,0,-1.87
6,0,1,0,-0.17
4,0,0,0,-1.84
3,0,0,1,-0.55
13,2,1,1,4.0
1,1,0,0,-2.33
16,1,2,0,3.78
3,0,0,0,-1.94
3,0,0,0,-2.29
3,0,0,0,-2.29
2,0,0,0,-2.15
2,0,0,0,-2.51
9,1,4,0,3.54
4,0,1,0,-1.24
1,1,0,0,-2.11
14,1,1,1,3.6
47,5,4,1,5.0
4,3,0,0,-0.02
12,1,1,0,2.32
13,3,0,0,2.82
5,0,0,0,-1.59
12,4,2,0,3.84
17,4,1,0,3.88
10,0,0,0,-0.06
21,2,0,0,3.91
14,1,0,1,3.1
39,8,4,2,5.0
5,0,0,0,-1.62
21,4,2,0,4.34
7,2,1,1,2.67
2,0,0,0,-2.43
18,3,3,0,4.5
13,4,2,0,4.1
46,5,6,2,4.74
4,0,0,0,-2.1
19,1,1,1,4.33
46,3,5,0,4.99
9,2,0,0,1.19
4,1,0,0,-1.21
10,2,2,0,3.15
4,0,0,0,-1.7
17,1,0,0,2.72
21,1,1,1,4.61
1,0,0,0,-2.85
2,1,0,0,-1.81
2,0,0,0,-2.6
40,2,6,1,5.0
6,0,0,0,-1.31
37,6,6,1,4.99
12,2,0,0,1.77
1,0,0,1,-1.79
1,1,2,0,-0.34
14,0,0,0,1.12
21,2,1,0,4.49
19,4,2,0,4.55
10,3,1,0,2.84
2,0,0,0,-2.25
2,1,0,0,-1.67
18,1,0,0,3.13
13,3,1,0,3.47
22,1,1,1,4.51
19,0,2,0,3.59
17,2,4,0,4.5
11,5,1,0,3.62
2,1,0,0,-1.86
4,0,0,0,-1.62
4,0,0,0,-1.88
4,1,0,0,-1.34
2,1,0,0,-1.88
3,0,0,0,-2.4
10,2,2,0,3.0
4,1,0,0,-1.45
5,0,0,0,-1.58
2,0,0,0,-2.57
20,4,0,0,4.19
14,2,3,0,4.1
48,5,4,0,5.0
54,8,4,1,5.0
3,1,1,0,-0.53
14,2,1,0,3.14
1,0,0,0,-2.81
15,2,1,0,3.25
1,1,0,0,-2.14
45,6,3,2,5.0
12,0,1,0,1.69
14,2,2,0,3.81
42,5,7,2,5.0
2,0,1,0,-1.61
43,5,3,2,5.0
13,0,3,0,3.36
0,0,2,0,-1.24
14,0,3,0,3.59
19,1,2,1,4.47
1,0,0,0,-2.63
1,0,0,0,-2.68
45,5,11,3,5.0
3,0,0,0,-2.29
3,0,0,0,-2.32
2,0,0,0,-2.53
3,0,0,0,-2.3
14,1,1,0,2.63
20,3,0,0,3.78
8,1,0,0,0.16
0,0,0,0,-2.88
3,0,0,0,-2.13
10,1,0,0,0.53
2,0,0,0,-2.41
4,0,0,0,-1.88
2,0,0,0,-2.81
3,0,1,0,-1.5
7,0,0,0,-1.1
2,0,1,0,-1.5
9,1,1,0,1.24
38,6,7,2,5.0
3,0,0,0,-2.09
4,0,0,0,-2.18
4,0,0,0,-1.79
4,1,0,0,-1.42
1,0,0,0,-2.61
8,0,0,0,-0.9
2,0,0,0,-2.55
4,1,0,0,-1.49
21,2,2,1,4.69
3,0,1,0,-1.19
35,3,5,1,4.83
40,3,8,1,5.0
1,0,0,0,-2.7
2,0,0,0,-2.16
3,0,0,0,-2.16
11,2,1,0,2.29
3,0,0,0,-2.06
13,1,0,0,1.48
2,0,0,1,-1.12
4,0,0,0,-1.97
8,3,5,0,4.23
11,3,1,0,2.93
12,3,0,0,2.29
14,0,2,0,2.84
2,0,0,1,-1.08
2,0,0,0,-2.39
37,4,6,2,4.85
41,7,4,1,4.76
6,1,0,0,-0.83
5,0,0,0,-1.68
36,6,4,3,5.0
20,1,3,0,4.56
44,4,6,2,4.81
13,0,1,1,2.9
2,0,0,0,-2.47
5,0,1,0,-0.77
1,0,0,0,-2.76
7,1,0,0,-0.12
1,0,1,0,-2.1
19,2,0,1,4.14
3,0,1,0,-1.23
7,0,0,0,-1.11
3,1,1,0,-0.51
0,0,0,0,-2.69
16,0,1,0,2.66
4,1,0,0,-1.07
5,0,0,0,-1.59
3,2,0,0,-1.14
13,3,1,0,3.45
1,1,0,0,-2.33
45,6,6,1,4.81
3,0,0,0,-2.06
45,6,6,1,4.89
20,2,4,0,4.96
3,0,1,0,-1.55
1,0,0,0,-2.54
2,0,0,0,-2.46
10,1,0,2,3.0
14,6,3,0,4.82
12,2,2,0,3.18
14,4,1,0,3.44
15,1,0,1,3.59
14,5,0,0,3.78
2,0,0,0,-2.49
2,0,0,0,-2.25
17,1,3,2,4.78
7,1,0,0,-0.31
23,1,1,2,5.0
5,1,0,0,-0.94
4,0,0,0,-1.73
6,0,0,0,-1.38
12,2,0,1,2.93
4,0,0,0,-1.95
3,0,0,0,-2.07
14,1,4,0,4.4
15,6,1,1,4.67
10,1,1,0,1.93
13,0,2,1,3.56
47,8,6,4,4.87
50,6,8,1,5.0
16,1,1,0,3.17
14,1,1,0,2.64
12,3,2,0,3.6
1,0,0,0,-2.79
2,0,0,0,-2.33
3,0,0,0,-2.15
15,2,2,1,4.41
19,2,1,0,3.58
2,0,0,0,-2.27
4,0,0,0,-2.02
40,5,10,4,5.0
1,0,0,0,-2.87
9,1,1,0,1.11
3,0,0,0,-2.24
42,4,4,2,5.0
4,0,1,1,0.84
5,1,0,0,-1.01
3,0,0,0,-2.27
50,7,8,0,5.0
1,0,0,0,-2.72
2,0,0,0,-2.47
11,3,2,0,3.64
2,0,0,0,-2.35
4,0,0,0,-1.79
53,5,5,1,5.0
9,1,1,0,1.14
3,0,0,0,-2.14
16,1,1,0,3.01
23,3,1,0,4.38
6,4,0,0,1.44
23,2,0,0,4.23
16,1,3,0,4.43
14,2,2,1,4.28
1,0,0,0,-2.89
3,0,0,0,-2.05
5,2,0,0,-0.45
6,0,0,0,-1.38
5,0,1,0,-0.52
2,0,1,0,-1.63
39,7,7,3,5.0
1,0,0,0,-2.67
7,0,0,0,-0.88
18,2,1,2,4.62
14,3,0,0,2.74
15,4,1,0,4.11
40,8,5,2,4.91
13,5,1,1,4.5
2,0,0,0,-2.38
4,1,0,0,-1.31
11,1,3,1,4.08
5,1,2,1,2.45
0,0,1,0,-2.53
2,0,0,0,-2.42
47,7,1,1,5.0
4,0,0,0,-1.74
2,0,0,0,-2.65
1,0,0,0,-2.61
12,3,2,1,4.08
3,0,0,0,-1.98
48,7,5,4,4.93
2,0,1,0,-1.5
13,0,0,0,1.2
1,0,1,0,-1.92
4,3,0,0,-0.1
3,0,0,0,-2.21
12,5,2,1,4.74
1,0,0,0,-2.56
17,5,2,0,4.67
5,0,0,0,-1.36
12,1,3,1,4.16
5,0,0,0,-1.59
1,0,0,0,-2.6
2,1,0,0,-2.11
15,3,2,0,4.23
3,0,1,0,-1.41
19,3,1,1,4.6
5,0,1,0,-0.55
3,0,0,0,-2.26
5,0,0,0,-1.74
3,0,0,0,-2.18
49,4,4,0,5.0
10,4,0,1,3.6
40,7,8,1,5.0
4,0,0,0,-2.06
1,0,0,0,-2.85
5,0,0,0,-1.49
3,1,0,0,-1.59
5,0,0,0,-1.47
10,0,1,0,0.95
54,6,8,2,4.99
3,1,0,0,-1.57
4,0,0,0,-1.71
12,2,1,1,3.78
5,0,1,0,-0.78
13,5,2,0,4.28
13,3,0,0,2.8
18,4,0,4,5.0
15,3,1,0,4.07
2,0,0,0,-2.57
3,2,0,0,-0.88
11,3,2,1,4.31
4,0,0,0,-1.81
27,3,6,0,4.98
0,0,0,0,-2.95
56,8,3,1,5.0
3,1,1,0,-0.61
0,0,0,0,-2.86
3,0,0,0,-2.01
5,0,0,0,-1.59
6,0,1,0,-0.26
16,1,3,0,4.25
1,0,0,0,-2.6
21,3,1,0,4.52
18,0,3,1,4.49
0,0,1,0,-2.18
16,1,4,1,4.32
44,5,8,1,5.0
4,1,1,0,-0.49
5,0,0,0,-1.7
15,3,1,1,4.47
18,4,0,3,5.0
46,6,4,1,5.0
2,0,0,0,-2.37
47,7,4,1,5.0
44,5,6,3,5.0
1,0,0,0,-2.76
14,1,2,1,4.14
3,0,0,0,-2.29
5,0,0,0,-1.52
17,1,2,0,3.75
4,0,0,0,-1.89
3,0,0,0,-2.28
15,2,0,0,2.74
13,2,0,0,2.1
2,0,1,0,-1.21
34,10,3,1,4.87
15,3,0,0,3.36
7,1,0,0,-0.32
7,3,2,1,3.69
42,3,4,1,5.0
41,4,4,2,4.87
42,2,5,2,5.0
2,0,0,0,-2.41
33,6,8,2,4.69
38,4,4,1,5.0
11,4,2,0,3.82
2,0,0,0,-2.48
5,0,0,0,-1.61
16,1,0,0,2.7
7,1,0,0,-0.2
10,1,4,0,3.48
25,6,0,1,4.64
2,1,0,0,-1.95
7,0,1,0,0.23
14,0,0,0,1.48
11,1,2,0,2.57
3,1,0,0,-1.72
14,0,3,0,3.53
14,4,0,0,3.31
5,1,0,0,-1.22
5,0,0,0,-1.63
57,6,7,2,4.86
7,0,0,0,-1.17
53,8,6,0,4.89
3,0,1,0,-1.49
48,9,4,1,4.99
3,0,0,0,-2.34
51,2,4,2,4.96
1,1,0,0,-2.14
23,3,1,0,4.6
20,1,1,0,3.77
3,1,0,0,-1.37
55,7,3,1,5.0
3,1,0,1,0.18
42,5,1,0,5.0
11,1,0,0,0.96
3,0,0,0,-2.22
59,7,5,1,5.0
50,6,6,2,5.0
3,1,0,0,-1.62
4,1,2,0,0.42
4,0,0,0,-1.99
17,1,3,0,3.73
16,2,1,0,3.43
4,0,0,0,-1.97
1,0,0,0,-2.73
42,7,1,1,5.0
19,4,1,0,4.61
3,1,0,0,-1.73
2,0,1,0,-1.55
3,0,0,0,-2.42
31,9,5,3,5.0
3,0,0,1,-0.64
49,6,6,3,5.0
1,1,1,0,-1.36
34,8,8,4,4.99
52,7,4,0,4.81
4,1,0,0,-1.09
17,1,4,0,4.29
51,7,3,2,5.0
1,1,0,0,-1.95
2,0,0,0,-2.67
15,5,2,0,4.44
5,0,0,0,-1.58
13,0,0,1,2.22
41,8,4,0,4.76
3,0,0,0,-2.45
44,8,4,1,4.75
4,0,1,0,-0.86
2,0,0,0,-2.73
5,1,0,0,-0.93
3,0,0,0,-1.98
2,2,0,0,-1.18
3,0,0,0,-2.33
15,0,1,0,2.79
12,0,0,0,0.71
3,0,0,0,-2.23
12,6,2,1,4.93
3,0,0,0,-2.03
4,0,0,1,-0.37
1,0,0,0,-2.62
13,4,2,0,4.17
4,0,0,0,-1.72
0,0,1,1,-0.8
52,8,4,2,5.0
0,0,0,1,-1.7
7,0,0,0,-0.95
9,2,1,0,1.75
2,1,0,0,-2.18
49,5,11,0,4.86
41,1,4,0,4.97
3,0,0,0,-2.01
5,0,1,0,-0.65
15,3,2,0,4.26
2,0,0,0,-2.35
44,3,4,0,4.93
23,2,1,1,4.86
41,7,7,1,5.0
5,1,0,0,-1.08
13,3,2,0,3.84
3,0,1,0,-1.33
6,0,0,1,0.34
14,3,1,1,4.04
38,4,2,2,5.0
12,1,1,0,2.02
50,8,3,2,4.98
5,1,1,1,1.67
2,0,0,0,-2.55
16,4,2,0,4.35
3,0,0,0,-2.31
1,0,0,0,-2.88
12,4,2,1,4.68
15,3,0,1,4.07
15,2,1,0,3.32
10,3,1,0,2.81
47,9,2,0,5.0
3,0,0,0,-2.23
35,7,4,0,5.0
7,0,0,0,-1.11
43,3,4,2,5.0
6,0,0,0,-1.54
12,0,1,1,2.87
3,0,1,0,-1.51
21,2,3,0,4.67
11,1,3,0,3.52
4,0,3,0,1.11
3,0,0,0,-2.24
3,0,0,0,-2.35
2,1,0,0,-1.45
13,0,1,1,3.54
1,0,0,0,-2.87
50,8,10,0,5.0
12,2,1,0,2.51
6,0,0,0,-1.5
14,3,1,0,3.51
46,8,1,3,5.0
51,5,6,0,5.0
4,0,0,0,-2.22
2,1,0,0,-1.91
11,0,1,1,2.73
1,1,0,0,-1.76
19,1,4,1,4.63
37,6,3,1,5.0
2,0,0,0,-2.21
4,0,0,0,-1.57
1,0,0,0,-2.43
45,10,6,2,5.0
2,0,0,0,-2.46
21,2,0,2,4.54
48,2,6,2,5.0
21,0,1,1,4.19
1,0,0,0,-2.73
38,6,3,3,5.0
5,0,0,0,-1.78
2,0,0,0,-2.39
4,0,0,0,-2.01
18,0,0,0,2.56
7,3,1,1,3.55
4,0,0,0,-1.74
19,1,2,0,3.83
4,1,0,0,-1.26
2,0,0,0,-2.53
7,0,6,0,3.85
2,0,0,0,-2.34
17,1,1,0,3.24
11,0,0,0,0.42
4,0,0,0,-1.76
5,0,0,0,-1.66
3,1,0,0,-1.5
36,6,8,1,4.78
19,2,1,0,4.07
0,0,0,1,-1.23
10,1,1,1,3.06
1,0,0,0,-2.51
3,0,1,0,-1.03
4,0,0,0,-1.92
45,7,5,3,5.0
5,1,0,0,-0.96
1,0,1,0,-1.86
13,3,2,2,4.94
21,2,2,0,4.56
3,1,0,0,-1.87
16,3,3,0,4.31
2,1,0,0,-1.99
2,1,0,0,-1.82
19,0,1,1,4.11
6,0,0,0,-1.3
1,1,2,0,-0.2
2,0,0,0,-2.12
20,0,1,1,4.0
4,0,0,0,-1.6
9,0,0,0,-0.47
1,0,0,0,-3.1
0,0,0,0,-2.79
19,5,4,1,4.98
2,1,0,0,-1.99
6,0,1,0,-0.12
47,7,0,3,4.6
2,2,0,0,-1.17
2,1,0,0,-2.09
65,5,5,0,5.0
9,1,1,0,1.13
5,1,1,0,-0.11
3,0,0,0,-2.33
0,0,0,0,-2.88
2,0,0,0,-2.46
1,0,0,0,-2.83
15,2,3,0,3.95
0,0,0,0,-2.89
12,4,4,0,4.24
0,0,0,0,-2.77
21,1,2,0,4.3
41,10,2,1,4.96
22,4,0,1,4.94
13,3,1,0,3.17
1,0,0,0,-2.65
4,0,2,0,0.11
5,1,0,0,-0.94
5,0,0,0,-1.86
4,0,0,0,-2.02
19,5,1,0,4.22
9,4,2,0,3.53
3,0,0,0,-2.14
4,1,0,0,-1.35
14,1,2,1,4.0
1,2,0,0,-1.64
3,1,0,0,-1.7
0,0,0,0,-3.08
51,6,3,1,5.0
2,0,0,1,-1.1
2,0,1,0,-1.52
1,0,1,0,-2.06
54,9,4,3,4.87
4,1,0,0,-1.16
4,1,0,1,0.31
38,7,4,0,4.87
14,1,1,2,4.29
12,2,2,1,4.25
3,0,0,0,-2.0
19,5,3,0,4.83
1,1,1,0,-1.16
14,2,3,0,4.12
39,7,4,1,4.86
4,0,1,0,-1.15
5,1,0,0,-0.69
2,1,0,0,-2.15
5,0,0,0,-1.54
2,0,0,0,-2.6
12,3,2,0,3.64
0,0,0,0,-3.18
14,1,2,0,3.64
7,0,0,0,-0.87
16,3,1,0,3.97
14,0,1,0,2.3
15,1,2,0,3.43
5,0,1,0,-0.56
19,3,1,1,4.38
12,0,4,0,3.54
19,1,0,0,2.87
3,0,0,0,-2.2
5,0,0,1,-0.19
19,2,2,0,4.46
49,3,5,1,5.0
2,0,0,0,-2.35
11,6,3,0,4.8
2,0,0,0,-2.45
7,1,0,1,1.48
10,1,0,1,2.11
2,0,0,0,-2.71
1,1,0,0,-2.16
1,0,0,0,-2.5
19,1,1,0,3.38
2,0,0,0,-2.31
15,1,2,0,3.54
12,2,3,0,3.78
5,0,1,0,-0.75
6,0,0,1,0.28
6,1,1,0,0.3
44,5,3,0,4.92
4,1,0,0,-1.45
14,1,0,0,2.12
2,0,2,1,1.09
49,6,11,1,4.87
1,1,0,1,-0.66
1,0,0,0,-2.67
5,1,0,0,-0.75
8,1,0,0,-0.11
3,0,0,0,-2.05
1,0,0,0,-2.82
21,2,1,0,4.07
2,0,0,0,-2.45
1,0,0,0,-2.9
15,5,3,1,4.61
11,2,1,0,2.46
11,2,2,0,3.12
24,4,5,0,4.96
12,2,2,0,3.47
2,1,0,0,-1.96
13,2,1,0,2.83
3,0,0,0,-2.08
13,2,2,0,3.43
3,1,1,0,-0.55
1,0,0,0,-3.0
2,0,0,0,-2.4
20,1,1,0,3.84
42,6,3,0,5.0
18,6,2,0,4.8
40,3,7,1,5.0
1,0,0,0,-2.69
40,7,9,1,5.0
5,1,1,0,-0.16
2,0,0,0,-2.52
17,3,2,1,4.68
2,1,0,0,-1.59
2,0,0,0,-2.3
1,0,0,0,-2.58
3,1,0,0,-1.45
21,1,0,0,3.57
1,0,1,1,-0.3
2,2,0,0,-1.32
1,0,0,0,-2.8
8,0,0,1,0.81
49,6,8,1,4.98
9,3,1,0,2.42
1,0,0,0,-2.8
19,3,3,1,4.86
46,4,4,3,5.0
3,0,1,0,-1.37
45,7,6,2,5.0
47,9,2,1,4.91
0,1,0,0,-2.33
11,3,1,2,4.42
20,4,1,0,4.33
6,0,0,0,-1.24
4,0,0,0,-2.23
12,1,1,0,2.27
4,0,0,0,-2.01
40,5,8,3,4.85
3,0,0,0,-2.31
3,0,0,0,-2.29
52,8,10,2,4.8
4,1,0,0,-1.11
4,0,0,0,-1.89
6,1,1,0,0.48
11,2,3,2,4.73
2,0,0,0,-2.43
2,1,0,0,-1.67
14,1,1,1,3.89
4,1,0,0,-1.27
4,0,0,0,-1.84
15,1,1,0,2.82
4,0,0,0,-1.91
7,0,0,0,-1.0
13,3,1,0,3.19
2,0,0,0,-2.29
15,1,2,0,3.49
42,6,3,5,4.9
3,1,0,0,-1.76
12,5,0,0,3.55
5,0,0,0,-1.74
1,0,0,0,-2.74
2,0,0,0,-2.26
14,3,2,0,3.82
2,1,0,1,-0.34
4,1,0,0,-1.17
12,0,2,1,3.4
2,0,0,0,-2.7
17,2,1,1,4.27
4,1,0,0,-1.67
0,0,0,0,-3.15
4,0,0,0,-1.8
18,1,2,0,3.92
15,2,0,0,2.69
3,1,1,0,-0.54
1,0,0,1,-1.28
3,1,0,0,-1.52
53,7,6,0,4.96
15,2,2,1,4.61
18,3,2,0,4.14
4,0,0,0,-1.66
3,0,1,0,-1.37
15,1,2,1,4.02
41,7,5,0,5.0
18,1,1,2,4.48
44,4,2,0,4.88
22,1,2,0,3.99
3,0,0,0,-2.14
10,1,2,0,2.68
3,0,0,0,-2.14
8,1,3,0,2.71
7,1,2,0,1.8
15,1,2,1,4.18
3,1,0,0,-1.68
49,8,5,1,4.84
0,0,0,0,-2.95
2,1,0,0,-1.97
8,2,0,1,2.3
11,1,1,0,1.89
5,0,0,0,-1.51
3,1,1,0,-0.81
20,1,4,0,4.51
3,0,1,0,-1.25
3,1,0,1,-0.22
3,0,0,0,-2.3
19,5,1,0,4.67
12,0,1,1,3.03
7,0,0,0,-1.2
42,10,6,2,4.96
2,0,0,0,-2.34
18,2,1,1,4.34
5,0,0,0,-1.5
14,0,3,0,3.46
14,3,1,0,3.71
1,1,0,0,-2.3
3,0,1,0,-1.32
2,2,0,0,-1.34
3,2,0,0,-0.91
17,1,0,1,4.05
12,2,2,1,3.74
3,0,0,0,-1.96
16,4,2,1,4.83
10,2,1,0,2.24
4,0,1,0,-1.02
11,1,4,1,4.24
16,1,3,0,4.19
5,0,0,0,-1.51
4,0,0,0,-2.11
49,10,2,1,5.0
13,1,3,0,3.65
21,2,2,0,4.17
0,1,0,0,-2.24
0,1,0,0,-2.61
7,1,0,0,-0.29
13,4,0,0,3.4
5,0,0,0,-1.65
1,0,0,0,-2.65
17,1,2,0,3.67
47,8,8,3,5.0
9,3,0,0,1.72
5,0,1,0,-0.68
1,0,0,0,-2.87
12,2,1,0,2.7
3,0,0,0,-2.08
11,3,3,0,4.0
18,1,1,0,3.47
15,2,2,0,3.92
1,0,0,0,-2.6
2,1,1,0,-0.87
4,1,1,0,-0.29
14,4,1,1,4.42
6,0,0,0,-1.34
6,0,0,0,-1.13
1,0,0,0,-2.9
16,1,1,1,3.93
48,6,6,1,4.88
2,0,0,0,-2.39
14,0,0,2,3.81
1,0,0,0,-2.83
22,1,3,0,4.66
2,0,0,0,-2.42
8,0,0,0,-0.85
18,1,1,1,4.26
2,0,0,1,-0.83
1,1,1,0,-1.33
4,0,0,0,-1.88
2,1,0,0,-1.96
22,3,3,0,4.29
2,0,0,0,-2.45
2,1,0,0,-1.93
6,0,0,0,-1.41
3,0,1,0,-1.58
2,1,0,0,-1.95
2,0,0,0,-2.54
35,6,7,3,5.0
45,9,8,1,5.0
21,0,1,1,3.92
1,0,0,0,-2.86
7,0,0,0,-0.97
15,3,0,1,3.99
15,3,1,1,4.13
22,4,3,1,5.0
1,0,0,0,-2.58
8,0,0,0,-0.7
20,1,1,0,3.72
6,1,0,0,-0.82
6,0,0,0,-1.25
13,1,0,0,1.56
6,0,1,0,-0.53
5,1,1,0,0.04
3,0,0,0,-2.31
45,10,2,2,5.0
5,0,0,0,-1.41
46,6,6,4,5.0
7,1,0,0,-0.38
35,8,4,1,4.95
10,3,0,1,3.13
15,1,2,1,4.15
2,0,0,1,-0.72
0,0,0,0,-2.88
47,10,4,3,4.94
5,1,2,0,0.72
5,0,0,0,-1.78
2,0,1,0,-1.7
3,0,1,1,0.47
39,3,9,3,4.86
13,1,0,1,2.8
31,6,4,2,5.0
1,0,0,0,-2.92
33,4,2,1,5.0
11,3,3,0,3.94
55,8,6,3,4.94
14,3,1,1,4.29
14,1,1,2,4.25
43,3,5,1,4.99
11,1,1,0,2.04
12,2,1,0,2.8
1,0,0,0,-2.59
41,3,3,2,4.91
14,2,0,0,1.99
44,7,7,3,5.0
4,1,0,0,-1.04
17,1,1,0,3.09
3,0,0,0,-1.92
18,5,1,1,4.76
3,0,0,0,-2.42
19,2,0,0,3.48
4,0,0,0,-1.95
14,3,2,0,3.88
2,0,0,0,-2.36
0,1,0,0,-2.47
45,6,4,2,4.9
6,0,0,0,-1.04
4,0,0,0,-1.83
3,0,1,0,-1.41
18,2,0,0,3.54
47,7,7,0,4.94
31,8,7,1,5.0
18,1,0,1,3.99
7,5,3,1,4.48
20,2,1,0,4.25
17,3,1,0,4.18
11,2,4,0,4.07
21,1,1,0,4.21
6,1,0,0,-0.85
1,1,0,0,-2.09
18,4,0,0,3.92
3,0,0,0,-2.07
1,0,0,0,-2.63
3,0,0,0,-2.03
52,7,7,1,5.0
4,0,0,0,-1.66
45,3,8,1,5.0
17,0,3,0,3.89
4,1,1,0,-0.3
0,0,0,0,-3.0
52,6,4,0,4.82
2,1,0,0,-1.94
2,2,0,1,0.52
15,3,4,0,4.58
6,0,0,0,-1.2
5,0,0,0,-1.51
64,5,9,4,4.77
9,2,2,0,2.73
0,1,1,0,-1.68
4,1,0,1,0.36
15,1,3,0,4.03
9,0,1,0,0.54
49,5,9,0,5.0
4,1,0,0,-1.44
2,0,1,0,-1.31
50,5,8,3,4.88
2,0,0,0,-2.28
2,0,0,0,-2.53
6,0,0,1,0.37
18,1,3,1,4.74
16,2,7,0,4.6
0,0,0,0,-2.63
6,0,0,0,-1.06
38,4,6,0,5.0
15,3,1,1,4.15
3,0,1,1,0.27
19,0,3,1,4.3
3,0,0,0,-2.24
16,3,2,0,4.02
18,3,1,0,4.18
4,0,0,0,-1.61
2,0,0,0,-2.69
16,4,4,0,4.92
14,0,0,1,2.59
1,0,0,0,-2.66
15,4,1,0,4.03
4,0,0,0,-1.69
3,0,0,0,-2.04
17,1,2,0,3.86
4,0,0,0,-1.91
17,2,5,0,4.88
0,0,0,0,-3.12
5,0,0,0,-1.7
15,3,3,0,4.33
3,1,0,0,-1.64
2,0,0,0,-2.45
6,0,1,0,-0.13
0,1,2,0,-0.66
4,0,0,0,-1.99
1,0,0,0,-2.55
3,0,0,0,-2.05
1,0,0,0,-2.62
3,1,0,0,-1.5
2,0,1,0,-1.61
13,4,1,0,3.65
15,2,2,0,3.73
15,2,1,0,3.02
15,3,1,0,3.52
15,5,3,1,5.0
44,7,6,2,5.0
16,6,2,0,4.61
3,0,0,0,-2.14
16,3,0,1,3.88
3,0,0,0,-1.96
1,0,0,0,-2.46
4,0,0,0,-1.98
0,0,2,0,-1.25
16,4,1,0,3.94
4,0,2,0,0.08
3,1,0,0,-1.48
45,8,6,1,4.98
18,0,2,1,4.34
12,2,1,1,3.54
51,5,5,1,5.0
2,1,0,0,-1.77
22,1,2,0,4.14
4,0,0,0,-1.87
20,0,2,0,4.11
12,1,2,0,2.91
4,0,0,0,-1.87
4,1,1,0,-0.35
8,1,1,0,0.83
12,3,1,0,3.26
13,3,2,1,4.34
2,0,0,0,-2.38
4,0,0,0,-1.82
11,2,0,0,1.46
2,0,0,0,-2.55
40,7,7,0,4.99
7,2,0,2,3.34
16,1,1,1,3.81
11,2,2,1,4.03
3,0,0,0,-2.21
57,4,4,1,4.9
46,3,7,4,4.92
3,0,0,0,-2.08
2,0,1,0,-1.57
40,7,2,2,4.88
11,2,1,1,3.51
2,0,1,0,-1.74
16,4,3,0,4.83
46,9,10,2,4.88
24,5,0,1,4.77
10,2,2,0,2.81
43,8,9,0,5.0
13,4,1,0,3.85
46,5,1,1,4.98
2,0,0,0,-2.56
8,1,0,0,0.1
50,11,8,2,5.0
4,0,1,0,-0.97
2,0,0,0,-2.66
17,2,1,1,4.43
5,1,0,0,-0.74
1,1,1,0,-1.37
4,0,0,0,-1.93
6,4,0,0,1.35
17,1,0,1,3.74
11,3,0,0,2.07
13,2,0,0,2.24
13,0,1,0,1.98
10,1,3,0,3.18
3,0,1,0,-1.38
15,1,2,1,4.48
1,0,1,0,-2.07
2,2,1,0,-0.36
2,1,0,0,-1.9
3,0,0,0,-2.34
3,2,1,0,0.1
3,0,0,0,-2.11
4,0,1,0,-0.75
5,1,0,1,0.57
3,0,0,0,-2.1
1,0,0,0,-2.68
3,1,0,0,-1.67
52,6,2,2,5.0
39,5,5,3,4.94
10,0,0,0,0.17
3,1,0,0,-1.7
16,2,2,0,4.16
2,0,0,0,-2.46
2,0,0,0,-2.59
3,1,0,0,-1.32
5,0,0,0,-1.54
20,2,2,1,4.8
17,2,0,0,2.98
13,3,1,0,3.29
14,4,1,0,3.73
4,0,0,0,-1.92
2,0,0,0,-2.54
41,9,7,4,5.0
4,0,0,0,-2.0
4,0,0,0,-1.71
18,3,0,0,3.43
3,0,0,0,-2.05
2,0,0,0,-2.44
5,1,0,0,-0.83
3,0,1,0,-1.18
6,0,0,0,-1.12
19,3,1,1,4.58
8,1,0,0,0.28
14,1,4,1,4.21
1,0,0,0,-2.66
5,1,0,0,-0.79
3,0,0,0,-2.28
44,6,6,1,5.0
4,1,1,0,-0.73
43,5,3,1,4.76
2,0,0,0,-2.56
2,1,0,0,-1.77
20,3,1,1,4.62
15,0,3,2,4.5
18,1,5,1,4.77
4,1,1,0,-0.15
1,0,0,0,-2.69
40,13,14,0,5.0
2,1,0,0,-1.64
7,2,1,0,0.98
2,2,1,0,-0.54
5,0,1,0,-0.69
4,0,0,0,-1.64
3,0,1,0,-1.35
6,1,1,0,0.35
6,2,0,0,-0.01
5,1,0,0,-0.88
4,0,0,0,-1.87
49,8,2,0,5.0
15,2,2,1,4.19
3,0,0,0,-2.09
1,0,0,0,-2.77
20,1,2,0,4.17
2,0,0,0,-2.47
3,0,0,0,-2.03
2,1,1,0,-1.16
2,1,1,0,-0.99
3,0,0,0,-2.12
15,1,1,0,3.05
5,0,1,0,-0.64
44,2,3,1,4.91
3,1,0,0,-1.61
22,0,3,1,4.54
4,0,1,0,-0.95
2,0,1,0,-1.33
3,0,0,0,-2.32
10,3,3,0,3.8
13,2,0,3,4.38
16,1,1,1,3.95
9,2,0,0,0.8
3,1,0,0,-1.51
5,0,0,0,-1.48
15,6,0,1,4.03
46,6,3,5,5.0
17,1,2,0,3.82
4,0,0,0,-1.8
13,3,1,2,4.38
5,1,0,0,-0.94
2,1,0,0,-1.93
2,2,0,0,-1.26
6,3,0,0,0.57
6,1,0,1,1.16
24,2,4,1,4.72
4,0,0,0,-1.76
44,2,3,1,5.0
47,12,4,0,4.97
5,0,1,0,-0.69
2,1,0,0,-2.02
5,0,0,0,-1.76
46,8,10,1,5.0
3,0,0,0,-1.9
2,0,1,0,-1.88
2,0,0,0,-2.39
34,4,6,2,4.96
3,0,0,0,-1.93
0,0,0,0,-3.15
18,3,1,0,4.03
36,3,6,2,5.0
13,3,1,0,3.05
14,0,5,1,4.93
17,0,0,0,2.28
49,9,5,0,5.0
46,8,6,1,5.0
1,0,1,0,-2.06
6,0,0,0,-1.19
4,0,1,0,-1.04
18,1,1,1,3.95
17,0,3,1,4.57
16,0,0,0,1.53
11,4,2,0,3.88
4,1,0,0,-1.26
2,0,1,0,-1.28
24,2,1,1,4.53
17,4,0,0,3.79
16,0,0,2,3.94
16,3,2,0,4.25
34,5,3,2,5.0
17,3,1,0,3.92
13,1,1,0,2.5
21,2,1,1,4.64
5,0,0,0,-1.49
17,2,4,1,4.81
37,10,3,4,4.95
49,5,1,2,5.0
3,0,0,0,-2.27
18,3,2,1,4.54
5,0,0,0,-1.6
42,8,6,1,4.95
6,0,0,0,-0.91
2,0,0,0,-2.59
8,0,0,0,-0.74
17,2,0,0,3.14
1,1,0,0,-1.95
18,1,0,1,3.63
4,0,0,0,-1.75
1,0,0,0,-2.55
15,2,2,2,4.72
2,0,1,0,-1.72
40,7,6,0,4.89
5,2,0,0,-0.37
11,2,1,0,2.5
13,4,1,0,3.81
44,9,4,1,4.94
11,4,1,0,3.15
1,0,1,1,-0.45
2,0,0,0,-2.49
0,0,0,0,-2.82
2,1,0,0,-2.02
3,0,1,0,-1.45
21,4,1,1,4.7
5,0,0,0,-1.57
2,1,0,0,-1.84
14,1,1,0,2.63
1,0,0,0,-2.68
14,4,1,0,3.61
4,0,1,0,-1.03
16,2,4,0,4.49
1,0,0,0,-2.44
2,0,0,0,-2.29
13,1,4,0,4.11
33,5,7,2,4.8
6,1,1,0,0.4
6,0,0,0,-1.4
5,0,0,1,-0.36
3,1,0,0,-1.46
0,0,0,0,-2.82
6,1,0,0,-0.78
6,0,0,0,-1.22
12,4,1,1,4.17
14,2,0,1,3.42
15,0,0,0,1.69
4,2,0,0,-0.49
21,1,2,0,4.2
15,1,3,1,4.3
18,1,2,0,4.12
42,8,5,2,5.0
13,0,3,0,3.58
3,1,0,0,-1.48
6,1,0,1,0.84
22,0,1,0,3.61
14,3,2,0,4.13
5,0,0,0,-1.54
36,12,8,2,5.0
22,1,0,0,3.44
43,6,4,1,5.0
8,0,0,0,-0.52
10,0,1,0,0.78
45,3,7,3,5.0
4,0,0,0,-2.02
43,4,5,1,4.91
16,4,1,1,4.53
6,0,0,0,-1.21
1,1,0,1,-0.75
18,0,4,0,4.66
3,0,0,0,-2.04
19,2,1,1,4.49
8,0,0,0,-0.75
42,7,10,0,5.0
17,3,0,0,3.25
44,5,11,1,4.82
1,0,0,0,-2.74
1,0,0,0,-2.73
3,0,0,0,-2.33
15,4,2,0,4.41
12,1,0,0,1.12
3,0,0,0,-1.93
7,0,0,1,0.74
41,11,6,1,5.0
6,0,0,0,-1.3
14,1,6,0,4.45
5,0,0,0,-1.37
16,0,2,0,2.98
52,2,7,1,4.98
3,1,1,0,-0.68
13,4,2,0,4.11
17,3,1,1,4.48
3,1,0,0,-1.86
40,9,3,4,4.95
11,1,3,0,3.23
49,6,6,2,5.0
40,6,7,1,4.96
3,0,1,0,-1.28
14,3,2,1,4.54
4,1,0,0,-1.59
4,0,0,0,-2.21
6,1,0,0,-0.68
48,10,8,1,5.0
41,8,4,1,5.0
13,3,0,0,2.52
23,0,0,0,3.55
2,0,0,0,-2.53
4,1,0,0,-1.36
3,0,0,0,-1.98
11,2,5,1,4.77
11,4,2,0,3.96
4,0,0,0,-2.03
0,0,0,0,-2.65
1,0,1,0,-1.93
41,9,5,2,5.0
3,1,0,0,-1.38
3,0,0,0,-2.31
20,2,1,0,3.94
17,2,0,1,4.11
6,0,1,0,-0.25
4,0,0,0,-1.83
3,1,1,0,-0.67
2,0,0,0,-2.53
2,0,0,0,-2.62
3,0,0,0,-2.06
3,0,0,0,-2.33
11,2,0,0,1.68
17,1,4,1,4.7
14,0,2,1,3.78
11,0,1,1,2.67
4,0,0,0,-2.01
2,0,0,0,-2.35
20,1,3,0,4.41
16,0,2,0,3.32
6,0,0,1,0.18
2,0,0,0,-2.48
4,1,0,0,-1.27
16,4,0,1,4.32
4,2,1,0,0.35
4,0,0,0,-1.9
16,4,1,1,4.44
1,0,0,0,-2.73
46,7,3,2,5.0
11,0,2,1,3.49
11,0,3,0,3.21
4,0,0,1,-0.17
22,4,1,1,4.9
19,2,2,0,4.47
4,0,0,0,-1.82
2,0,0,0,-2.37
3,1,0,0,-1.66
17,5,1,0,4.33
14,0,3,0,3.53
0,0,0,0,-2.95
4,1,0,0,-1.43
17,3,0,1,4.17
12,3,1,0,3.1
15,1,1,1,3.65
1,0,1,0,-1.69
1,1,1,0,-1.43
4,2,0,0,-0.6
16,2,1,0,3.54
43,3,5,0,4.83
16,2,2,0,3.98
0,0,0,0,-2.85
1,0,0,0,-2.7
50,5,6,0,4.99
1,0,1,0,-1.99
7,0,0,0,-0.6
4,0,0,1,-0.34
3,0,0,0,-2.11
1,1,0,0,-2.23
1,2,0,0,-1.76
5,0,0,0,-1.61
19,0,0,0,2.59
5,0,0,1,0.12
42,8,6,1,4.96
3,1,0,0,-1.59
49,9,2,1,4.71
41,2,4,2,5.0
4,3,0,0,0.14
49,4,5,2,4.99
14,0,1,1,3.45
5,1,0,0,-0.87
1,0,0,0,-2.56
2,0,2,0,-0.66
1,0,0,0,-2.77
12,1,4,0,3.71
3,1,0,0,-1.67
1,0,0,0,-2.66
21,2,2,1,4.62
45,5,5,3,4.95
4,1,2,0,0.65
0,0,0,0,-2.95
5,0,0,0,-1.53
1,0,0,0,-2.54
50,5,3,2,5.0
18,1,2,1,4.42
1,1,0,0,-2.36
20,2,4,0,4.56
7,0,2,0,1.14
2,0,0,0,-2.42
21,3,1,0,4.21
5,0,0,0,-1.79
7,0,0,0,-1.32
4,1,0,0,-1.35
7,5,2,0,3.68
14,1,0,1,3.27
12,2,2,0,3.35
3,0,0,0,-1.98
37,2,8,1,5.0
14,2,2,1,4.08
16,1,1,1,4.17
1,0,0,0,-2.72
44,8,5,2,4.87
2,0,0,0,-2.49
45,8,8,1,5.0
3,0,0,0,-2.15
2,1,0,0,-1.88
38,9,3,1,5.0
2,0,0,0,-2.51
7,2,1,0,1.3
12,0,1,1,3.02
2,0,0,0,-2.48
6,1,0,0,-0.62
17,0,2,1,3.86
10,4,0,1,3.45
16,4,5,1,5.0
3,0,0,0,-2.12
5,0,1,1,0.66
2,1,0,0,-1.93
11,2,2,0,3.16
4,3,1,0,1.11
3,0,0,0,-1.97
18,1,2,2,4.95
15,0,2,1,4.0
53,5,4,2,4.98
2,0,0,0,-2.43
3,0,0,0,-2.15
2,0,0,0,-2.67
46,5,3,0,4.88
16,2,0,0,2.9
6,0,0,0,-1.25
4,0,0,0,-1.83
16,6,1,2,4.82
16,3,1,1,4.21
14,0,5,1,4.46
50,7,6,1,5.0
52,6,3,4,4.98
23,3,1,1,4.79
7,0,0,0,-1.15
18,2,4,1,5.0
1,0,1,0,-1.78
3,0,0,0,-2.32
4,0,1,1,0.5
1,1,0,0,-2.19
18,4,3,0,4.41
3,0,1,0,-1.0
4,1,2,0,0.52
10,0,2,0,2.03
11,1,2,1,3.75
1,0,1,0,-1.58
20,2,3,0,4.43
2,0,0,0,-2.33
4,0,0,0,-2.05
20,1,3,1,4.66
51,4,4,1,4.65
4,0,1,0,-0.99
2,0,0,0,-2.6
2,1,0,0,-2.3
15,2,3,2,4.64
32,7,0,0,4.9
5,0,0,0,-1.61
13,1,1,0,2.41
51,5,2,4,4.96
12,2,0,0,2.14
2,0,1,0,-1.79
18,3,3,0,4.58
1,0,0,0,-2.72
54,8,6,2,4.85
1,0,0,0,-2.7
10,5,5,3,5.0
3,0,0,0,-2.11
2,0,0,0,-2.33
65,6,10,1,4.96
3,0,0,0,-2.21
47,4,6,2,4.84
17,2,1,0,3.81
3,0,0,0,-2.23
3,0,0,1,-0.67
5,0,0,0,-1.7
2,0,0,0,-2.13
3,0,0,0,-2.03
2,0,1,0,-1.58
45,5,4,2,4.99
11,1,0,1,2.43
9,3,1,0,2.57
14,2,1,0,3.08
46,5,2,1,5.0
14,4,4,0,4.5
9,3,0,0,1.74
39,7,6,0,5.0
33,7,3,2,4.74
3,1,1,0,-0.34
16,4,2,1,4.55
3,1,0,0,-1.61
21,2,3,1,4.72
14,1,0,0,1.68
20,0,2,0,3.87
2,0,0,0,-2.61
12,3,1,0,3.31
13,2,0,0,1.97
1,0,0,0,-2.69
0,0,0,0,-2.87
3,0,0,0,-2.37
17,4,2,1,4.71
44,3,4,1,4.8
3,0,0,0,-2.32
1,1,0,0,-2.31
4,0,1,0,-0.82
5,0,0,0,-1.5
5,0,0,0,-1.86
9,2,2,0,2.68
2,0,0,0,-2.39
14,5,3,0,4.64
51,4,4,1,5.0
3,0,1,0,-1.08
0,0,0,0,-2.89
38,5,6,2,5.0
12,3,1,0,2.97
4,0,0,0,-1.9
10,6,2,0,4.19
7,0,0,1,0.47
7,1,1,0,0.7
46,5,8,0,4.79
1,0,0,0,-2.45
5,0,0,0,-1.91
12,2,4,1,4.3
15,5,0,2,4.64
0,0,0,0,-3.15
3,1,1,0,-0.97
3,0,0,1,-0.64
35,2,12,1,4.76
3,0,2,0,-0.37
5,0,1,0,-0.78
40,7,7,2,5.0
2,0,0,0,-2.43
5,0,0,0,-1.6
3,1,0,0,-1.68
5,0,0,0,-1.59
24,2,0,0,4.16
0,0,1,0,-2.4
3,0,0,0,-2.38
12,3,4,0,4.19
6,0,0,0,-1.43
4,0,0,0,-1.99
3,1,0,0,-1.71
21,3,2,1,4.75
7,0,0,0,-1.03
3,0,0,0,-2.16
7,0,1,0,-0.08
1,0,0,0,-2.76
47,4,2,0,5.0
3,0,1,0,-1.13
2,0,0,0,-2.48
13,2,2,1,4.05
2,0,0,0,-2.2
5,0,0,0,-1.68
3,0,0,0,-2.14
18,2,2,1,4.64
18,3,1,0,3.95
13,3,3,0,3.86
19,1,2,3,4.83
0,0,0,0,-2.94
12,1,1,2,3.95
16,4,2,1,4.54
5,0,0,0,-1.67
9,1,2,2,3.88
2,0,0,0,-2.43
18,3,1,0,4.12
9,0,1,0,0.66
14,3,0,0,2.59
16,5,2,0,4.31
14,1,0,1,3.12
0,0,0,1,-1.52
3,1,1,0,-0.71
17,1,1,0,3.53
3,1,0,0,-1.53
17,0,4,0,4.3
2,0,1,0,-1.57
12,2,2,1,4.07
3,0,0,0,-2.2
1,1,0,1,-0.65
2,0,0,0,-2.21
1,0,1,0,-1.82
18,1,1,0,3.31
34,3,4,0,4.93
2,1,0,0,-2.08
4,1,0,0,-1.4
13,2,2,0,3.27
41,8,2,2,5.0
34,8,4,0,4.93
2,0,0,0,-2.37
9,4,1,0,2.86
47,6,7,0,5.0
44,6,4,3,5.0
4,1,1,0,-0.13
3,0,0,0,-2.19
4,1,0,0,-1.41
2,0,0,0,-2.57
14,3,1,0,3.34
6,0,0,0,-1.38
2,0,0,0,-2.0
1,0,0,0,-2.57
3,1,0,0,-1.65
8,0,0,0,-0.46
18,3,1,0,3.98
2,0,0,0,-2.25
12,2,2,0,3.37
17,2,3,1,4.85
2,0,1,0,-1.54
15,2,1,0,3.17
19,0,4,0,4.46
12,4,6,0,4.87
2,1,0,0,-1.75
14,3,1,0,3.46
23,5,0,1,4.79
2,0,0,0,-2.28
1,0,0,0,-2.58
1,1,0,0,-2.11
2,0,0,0,-2.46
14,3,1,1,4.11
5,1,0,0,-0.96
14,1,3,1,4.29
47,2,10,0,4.83
20,2,1,0,4.24
9,0,0,1,1.16
44,3,4,1,5.0
14,1,0,1,3.02
1,0,0,0,-2.63
5,0,2,0,0.08
4,1,0,0,-1.22
4,0,0,0,-1.87
5,1,0,0,-0.89
5,0,1,0,-0.81
16,1,0,0,2.8
2,1,0,0,-2.19
1,0,1,0,-1.88
2,1,0,0,-2.02
4,0,0,0,-1.75
3,1,0,0,-1.72
23,3,1,0,4.44
16,3,3,0,4.41
5,0,0,0,-1.63
10,2,5,1,4.55
19,0,1,0,3.5
3,0,0,0,-2.35
1,0,1,0,-1.75
10,0,3,0,2.57
3,0,0,0,-2.45
47,5,3,1,5.0
20,3,0,0,3.82
0,0,0,0,-3.09
15,2,1,0,3.44
13,1,3,2,4.36
45,8,7,1,4.9
3,0,0,1,-0.56
4,0,0,0,-2.06
40,2,3,3,4.8
13,1,2,0,3.13
18,3,3,0,4.47
2,0,0,0,-2.42
1,1,0,0,-2.25
47,5,2,2,4.84
5,0,0,0,-1.53
7,0,1,0,0.13
3,1,0,0,-1.71
11,0,0,0,0.6
42,4,7,1,5.0
14,2,1,0,3.5
0,1,1,0,-1.64
15,2,1,1,4.05
5,0,0,0,-1.67
34,5,4,0,5.0
5,0,0,0,-1.78
3,0,0,0,-2.22
16,5,0,0,4.06
1,0,0,0,-2.81
15,1,2,0,3.46
3,0,0,0,-2.1
45,7,13,0,4.97
4,0,1,0,-1.07
24,2,2,0,4.71
1,0,0,0,-2.69
7,0,0,0,-0.96
17,1,3,0,4.07
20,1,1,0,3.72
15,4,3,0,4.6
5,0,0,0,-1.39
8,0,0,0,-0.74
18,3,0,1,4.37
5,0,0,0,-1.52
4,0,0,0,-1.78
6,1,1,0,0.32
15,1,2,0,3.64
10,2,1,0,2.26
2,2,0,0,-1.37
48,4,4,0,4.94
13,2,3,0,4.3
13,1,0,1,3.04
1,0,0,0,-2.65
2,0,0,0,-2.48
3,0,1,0,-1.35
10,2,0,0,1.34
1,0,0,0,-2.83
17,0,0,0,1.95
4,1,0,0,-1.2
4,0,0,0,-1.67
5,0,0,0,-1.37
7,0,1,0,0.1
1,2,0,0,-1.67
4,0,0,0,-1.69
38,10,7,2,5.0
11,6,1,0,3.99
3,0,0,0,-1.99
2,0,0,0,-2.74
4,0,1,0,-0.93
2,2,0,0,-1.24
4,0,0,0,-1.98
4,0,1,0,-1.04
1,0,0,0,-2.53
14,2,2,0,3.72
12,4,1,1,4.27
5,0,1,0,-0.5
15,1,1,0,2.99
36,5,8,0,5.0
4,2,0,0,-0.58
3,0,0,0,-2.39
12,3,0,0,2.59
1,0,0,1,-1.23
10,2,1,0,2.28
51,6,6,3,5.0
1,0,0,0,-2.65
5,0,0,0,-1.45
4,0,0,1,-0.57
34,10,6,1,4.64
17,2,1,1,4.43
19,0,3,0,4.16
3,0,0,0,-2.48
3,0,0,0,-2.27
18,3,1,0,4.12
1,0,0,0,-2.69
39,3,4,0,4.98
4,0,0,0,-1.83
4,0,0,0,-2.02
6,1,1,0,0.13
5,0,1,0,-0.54
4,1,0,0,-1.1
12,1,1,0,2.19
15,2,2,1,4.01
5,0,1,0,-0.69
4,1,0,0,-1.48
15,2,3,0,4.11
5,1,0,0,-1.01
12,3,2,2,4.84
2,0,0,0,-2.34
24,4,2,0,4.4
18,0,2,0,3.46
4,0,1,0,-0.82
1,0,1,0,-2.01
4,0,0,0,-1.84
55,7,5,1,4.9
18,2,0,0,3.45
6,0,0,0,-1.25
2,0,0,0,-2.31
14,0,1,1,3.04
43,10,6,2,5.0
9,4,0,0,1.97
2,0,0,0,-2.31
3,0,0,0,-1.86
10,1,0,0,0.42
2,1,1,0,-0.9
2,0,0,0,-2.65
3,0,0,0,-2.27
16,1,0,0,2.37
42,11,4,3,5.0
3,1,0,0,-1.46
15,3,2,0,4.21
10,2,4,0,3.8
2,0,0,0,-2.35
1,0,0,0,-2.8
13,2,2,1,4.15
3,0,0,0,-2.3
3,0,0,0,-2.09
15,2,1,1,3.96
1,0,0,0,-2.69
4,0,0,0,-1.82
3,1,0,0,-1.86
50,9,7,0,5.0
13,2,2,1,4.44
3,1,2,0,0.15
3,0,0,0,-2.46
3,0,0,0,-2.12
48,9,3,1,5.0
1,0,0,0,-2.9
50,8,8,2,4.92
36,7,8,2,5.0
2,0,0,0,-2.48
5,0,2,0,0.46
3,0,0,0,-2.11
23,0,0,0,3.36
4,1,0,0,-1.18
8,1,0,0,-0.02
8,2,0,0,0.51
2,2,0,0,-1.38
4,0,0,0,-1.81
21,4,1,0,4.29
2,1,0,0,-2.07
19,2,1,0,4.2
0,1,0,0,-2.59
9,4,0,1,3.51
3,0,0,0,-2.39
15,2,0,0,2.73
41,12,6,1,5.0
4,2,0,0,-0.83
19,1,1,0,3.54
12,1,3,0,3.67
16,0,3,0,4.1
4,0,1,0,-0.88
14,4,2,0,4.15
13,1,1,0,2.44
20,3,1,2,4.63
41,4,7,2,4.69
5,1,1,0,0.11
3,0,0,0,-2.45
18,3,1,0,3.98
2,0,0,0,-2.46
15,3,1,1,4.14
17,2,0,1,4.05
37,7,4,1,4.99
14,2,3,0,3.99
16,1,0,0,2.52
0,0,0,0,-2.86
2,0,0,0,-2.31
5,1,0,0,-1.05
11,4,3,1,4.68
14,1,2,1,4.11
41,7,7,0,5.0
6,0,0,0,-1.16
4,0,0,0,-1.79
10,2,1,0,2.18
2,1,1,0,-0.94
38,5,3,1,5.0
2,1,0,0,-2.05
38,9,3,0,5.0
21,0,1,0,3.35
11,3,2,0,3.47
19,0,2,0,3.45
19,4,0,0,3.95
17,2,2,0,3.79
1,1,0,0,-2.02
2,0,0,0,-2.53
54,10,3,1,4.85
2,0,0,0,-2.41
15,1,0,1,3.21
1,0,0,0,-2.88
16,2,2,1,4.39
2,2,0,0,-1.53
6,1,0,0,-0.37
17,3,3,0,4.51
40,5,8,3,5.0
43,4,4,2,5.0
2,1,0,0,-1.7
16,1,1,0,3.23
4,0,0,0,-1.95
15,3,1,0,3.7
20,1,1,0,3.82
5,0,0,0,-1.59
15,1,3,0,4.02
14,4,2,0,4.2
17,2,0,1,3.88
15,1,1,0,3.31
24,3,0,0,4.15
5,0,0,0,-1.56
15,2,0,2,4.36
40,5,6,1,5.0
14,0,2,0,2.89
15,2,2,0,3.91
4,0,1,0,-1.03
10,0,1,2,3.65
0,0,0,0,-2.87
43,1,4,1,5.0
1,0,0,0,-2.63
2,0,0,0,-2.48
3,0,0,0,-2.37
3,0,0,0,-2.35
3,1,0,0,-1.7
2,0,1,0,-1.63
4,0,0,1,-0.24
58,5,1,0,5.0
48,7,4,2,5.0
1,0,0,0,-2.49
5,0,0,0,-1.69
17,1,1,0,3.54
14,0,0,2,3.24
47,4,2,3,5.0
12,0,2,0,2.51
5,1,0,0,-0.9
16,3,0,0,3.5
15,0,2,1,4.07
13,1,3,0,3.79
10,0,2,0,1.58
49,6,3,1,4.9
15,2,0,0,2.64
17,0,2,2,4.67
14,2,0,0,2.57
19,4,1,0,4.22
6,1,0,0,-0.6
9,2,2,0,2.54
2,0,1,0,-1.51
5,0,1,0,-0.52
4,0,0,0,-1.72
3,0,0,0,-2.36
9,3,1,1,3.38
5,0,0,0,-2.01
3,1,0,0,-1.48
7,0,0,0,-0.79
4,0,0,0,-2.05
4,1,0,0,-1.43
2,0,0,0,-2.29
3,0,0,0,-2.22
2,0,0,0,-2.26
5,0,0,0,-1.61
3,0,0,0,-2.09
3,0,0,0,-2.28
2,0,0,0,-2.44
19,2,0,0,3.1
2,0,1,0,-1.32
12,3,1,0,3.21
48,8,4,1,4.96
1,0,0,0,-2.75
14,1,1,0,2.46
2,0,0,0,-2.6
2,1,1,0,-0.93
4,0,0,0,-1.9
0,0,0,0,-2.8
3,1,0,0,-1.77
1,0,0,0,-2.49
14,2,3,0,3.96
7,4,0,1,2.76
48,4,4,0,4.92
5,0,0,0,-1.38
16,4,0,0,3.78
5,0,0,0,-1.76
21,1,1,0,3.83
18,6,1,0,4.2
19,1,1,0,3.73
35,8,5,1,4.96
2,0,0,0,-2.56
5,1,0,0,-0.77
6,0,0,0,-0.95
10,4,1,1,4.0
3,1,0,0,-1.56
3,0,1,0,-1.27
0,0,0,0,-2.91
3,0,0,0,-2.4
0,0,0,0,-3.02
14,5,3,1,4.76
2,0,0,0,-2.3
3,0,1,0,-1.35
0,0,0,0,-2.68
17,3,0,0,3.66
20,3,2,0,4.49
52,6,6,2,4.97
11,2,1,1,3.54
19,2,1,1,4.51
4,1,0,0,-1.29
1,1,0,0,-2.14
11,0,3,0,3.06
36,5,5,1,4.99
5,0,1,0,-0.52
4,0,0,0,-1.95
13,3,1,0,3.2
0,0,0,0,-2.99
16,2,1,0,3.45
2,0,0,0,-2.61
2,0,1,0,-1.53
3,0,1,0,-1.39
3,0,0,0,-2.32
15,0,2,0,3.17
5,0,0,0,-1.84
12,2,0,0,1.89
0,0,0,0,-2.96
2,0,0,0,-2.6
16,1,0,0,2.52
2,1,0,0,-1.98
33,7,4,1,5.0
2,1,0,0,-1.85
3,0,0,0,-2.25
9,1,2,0,2.44
3,1,0,0,-1.58
18,1,1,0,3.45
19,3,0,1,4.62
4,0,0,0,-1.95
14,3,1,2,4.94
2,0,0,0,-2.35
5,1,0,0,-0.72
15,2,0,0,2.86
47,2,4,1,4.91
2,2,2,0,0.74
47,5,3,2,5.0
3,0,0,0,-1.85
3,1,0,0,-1.57
1,0,1,0,-2.09
4,0,0,0,-1.83
4,0,0,0,-1.97
17,5,1,0,4.25
2,0,0,0,-2.3
1,0,1,0,-1.96
52,9,3,2,5.0
4,0,0,0,-2.01
2,0,0,0,-2.48
39,4,4,1,4.86
4,0,0,0,-1.67
3,2,0,0,-1.1
15,1,2,0,3.54
47,6,3,0,5.0
11,4,0,0,2.65
16,2,2,0,4.06
6,0,1,0,-0.27
15,0,4,0,4.29
5,0,0,0,-1.49
39,9,7,0,5.0
18,1,3,1,4.71
15,0,2,1,3.63
10,1,3,0,2.97
38,5,3,1,5.0
3,1,0,0,-1.85
1,0,0,0,-2.63
40,4,8,2,5.0
2,1,0,0,-1.77
3,0,0,0,-2.32
4,0,0,0,-1.82
2,0,0,0,-2.36
4,0,0,0,-1.85
19,1,1,0,3.68
35,6,8,3,4.96
17,2,1,0,3.41
14,4,0,2,4.76
3,1,0,0,-1.5
9,2,2,0,2.75
15,2,4,0,4.5
16,2,2,0,4.15
1,0,0,0,-2.87
14,5,2,1,4.46
14,3,2,0,3.66
5,0,0,0,-1.67
3,0,1,0,-1.28
1,0,1,0,-1.9
1,0,0,0,-2.93
18,2,0,0,3.15
16,2,0,0,3.19
16,2,0,1,3.77
15,1,2,0,3.45
17,3,3,1,4.87
8,3,0,0,1.47
14,2,0,0,2.48
17,1,1,0,3.38
3,0,0,0,-2.36
52,6,7,1,5.0
11,3,0,0,2.27
18,2,0,0,3.47
1,0,0,0,-2.77
51,4,3,1,5.0
46,3,6,2,5.0
2,0,0,0,-2.5
43,4,10,1,5.0
1,0,0,0,-2.81
2,0,1,0,-1.83
1,0,3,0,-0.07
19,4,3,1,4.87
20,2,1,1,4.43
5,0,0,0,-1.84
13,2,1,0,2.98
11,2,0,0,1.59
3,0,0,0,-2.34
2,0,0,0,-2.47
11,0,1,1,2.59
5,0,0,0,-1.61
1,0,0,0,-2.72
2,1,0,0,-1.83
46,5,5,0,4.96
13,0,0,2,3.19
11,1,1,0,1.77
4,0,0,0,-2.03
5,0,1,0,-0.63
19,2,3,0,4.5
0,0,0,0,-2.76
3,0,0,0,-2.2
4,0,0,0,-2.06
3,1,0,0,-1.58
20,2,1,0,4.15
5,0,0,0,-1.65
5,0,0,0,-1.49
1,0,0,0,-2.74
2,0,0,0,-2.44
21,1,1,0,3.94
10,5,2,1,4.3
2,0,0,0,-2.51
1,0,2,0,-0.97
3,0,0,0,-2.13
16,1,1,1,4.18
15,0,1,0,2.34
3,1,0,0,-1.48
3,1,2,0,0.42
2,0,0,0,-2.32
49,4,4,0,4.9
15,3,1,0,3.61
7,5,1,0,2.83
3,1,0,0,-1.64
6,2,0,0,0.08
6,0,1,0,-0.32
17,2,2,1,4.63
3,0,0,0,-2.29
3,1,1,0,-0.96
9,4,1,0,2.9
5,1,0,0,-1.01
43,4,7,0,5.0
2,0,0,0,-2.39
53,9,5,2,4.78
7,1,0,0,-0.62
14,1,0,0,2.25
4,0,0,0,-1.69
13,0,3,0,3.49
13,3,1,0,3.5
15,2,1,2,4.54
21,2,2,1,4.78
5,0,1,0,-0.8
4,0,0,0,-1.88
2,1,0,0,-1.84
4,0,0,0,-1.68
8,0,0,0,-1.0
47,4,9,0,5.0
4,1,0,0,-1.19
36,7,10,1,5.0
53,7,3,2,5.0
0,0,0,0,-2.95
14,2,1,0,2.92
5,0,0,0,-1.64
1,0,0,0,-2.63
1,0,0,0,-2.71
1,0,0,1,-1.24
2,0,0,0,-2.4
13,4,1,0,3.47
13,3,1,0,3.18
21,2,2,0,4.45
2,0,0,0,-2.69
3,0,0,0,-1.99
50,8,10,0,5.0
2,0,0,0,-2.5
17,2,0,0,3.04
2,0,1,0,-1.65
4,0,0,0,-1.91
11,2,2,0,3.01
3,0,1,0,-1.23
4,0,0,0,-1.83
6,1,0,0,-0.68
5,0,0,0,-1.46
3,1,1,0,-0.42
1,0,0,0,-2.89
19,3,1,1,4.71
3,0,0,0,-2.33
2,0,0,0,-2.63
50,8,7,0,4.85
1,0,0,0,-2.62
1,0,0,0,-2.85
10,1,0,0,0.59
2,1,0,0,-1.88
1,1,1,0,-1.5
57,7,3,1,4.93
19,1,1,0,3.59
37,11,5,0,4.94
14,3,0,0,3.05
48,9,6,2,5.0
1,0,0,0,-2.65
8,4,3,0,3.77
2,0,1,0,-1.88
55,5,7,2,4.84
3,0,0,0,-2.09
42,2,5,3,5.0
5,0,0,0,-1.6
3,0,1,0,-1.3
19,1,1,0,3.68
4,0,1,1,0.46
2,0,0,0,-2.51
5,1,0,0,-0.92
15,2,3,0,4.31
11,1,0,0,1.01
5,1,0,0,-0.97
2,0,0,0,-2.16
42,11,4,0,4.79
34,7,7,5,4.85
2,0,1,0,-1.3
6,2,1,1,2.34
1,0,0,0,-2.83
44,6,4,2,4.88
1,0,0,1,-1.0
2,1,0,0,-1.89
17,0,0,1,3.33
18,2,3,2,4.76
3,0,0,0,-2.18
13,2,0,0,2.28
16,1,2,1,4.54
2,0,0,0,-2.64
6,1,1,1,2.14
10,1,2,0,2.56
50,5,3,6,5.0
19,1,3,1,4.56
4,0,1,0,-1.08
3,1,0,0,-1.68
2,1,0,0,-1.8
13,3,4,0,4.46
1,0,0,0,-2.51
2,0,0,0,-2.48
2,0,0,0,-2.47
4,1,0,0,-1.46
2,0,0,0,-2.33
45,7,3,1,4.93
18,2,4,2,4.67
16,1,1,0,3.01
12,3,3,0,3.89
0,0,0,0,-2.81
15,3,1,1,4.23
2,0,1,0,-1.59
6,0,1,0,-0.18
4,0,0,0,-2.06
3,0,1,0,-1.12
11,2,3,1,4.07
4,1,0,0,-1.7
3,0,0,0,-1.97
37,7,5,3,4.65
35,6,5,1,5.0
0,1,0,0,-2.41
11,1,1,0,2.04
2,0,0,0,-2.66
4,0,1,0,-0.98
46,8,4,0,5.0
52,8,6,2,5.0
15,5,1,1,4.63
1,1,0,0,-2.2
4,0,0,0,-1.92
14,2,0,0,2.41
17,0,0,1,3.3
1,1,0,0,-2.27
18,2,2,0,4.27
1,0,0,0,-2.82
9,0,0,0,-0.27
8,2,1,0,1.57
2,0,0,0,-2.8
5,1,1,0,0.19
4,1,0,0,-1.53
48,4,4,2,5.0
5,1,1,0,0.17
2,0,0,0,-2.47
49,7,5,1,5.0
42,8,6,2,4.97
13,2,2,1,4.03
49,7,4,0,5.0
12,0,0,0,0.53
16,3,1,0,3.88
18,3,0,0,3.8
4,0,0,0,-1.92
10,0,4,1,4.09
48,8,3,1,4.97
2,0,1,0,-1.15
3,0,0,0,-1.93
42,4,1,1,5.0
18,0,0,0,2.51
3,1,0,0,-1.7
6,0,0,0,-1.48
4,1,1,0,-0.27
5,0,0,0,-1.51
50,2,5,1,4.66
5,0,1,0,-0.83
8,1,1,1,2.47
1,0,0,0,-2.77
13,2,1,0,2.97
11,1,1,2,3.89
12,3,2,2,4.68
3,0,0,0,-1.94
28,12,6,2,4.81
45,4,6,1,5.0
0,0,0,0,-2.58
3,0,0,0,-2.24
0,0,0,0,-3.03
2,0,0,0,-2.31
3,0,0,0,-2.18
13,2,2,0,3.67
45,9,9,0,4.91
12,2,0,1,3.22
2,1,0,1,-0.4
4,0,0,0,-1.88
2,0,0,0,-2.46
10,3,0,0,2.1
21,2,1,0,4.18
16,3,0,0,3.12
14,1,1,0,2.52
3,0,0,1,-0.62
45,9,3,5,4.87
53,4,6,1,5.0
13,1,0,0,1.46
4,0,1,0,-1.03
2,1,3,0,0.85
13,1,0,0,1.6
17,1,3,0,4.0
1,0,0,0,-2.71
20,4,2,2,4.96
37,4,5,1,4.93
9,2,1,0,1.95
3,0,0,0,-2.37
1,1,0,0,-2.32
1,0,1,0,-1.99
4,0,0,0,-2.03
35,6,5,1,5.0
6,1,0,0,-0.45
4,0,1,0,-1.03
4,0,0,1,-0.09
4,0,0,0,-1.74
44,9,4,1,4.92
11,4,2,1,4.33
7,0,0,0,-0.69
2,0,0,0,-2.37
65,7,3,2,4.88
5,1,0,0,-0.86
0,0,0,1,-1.62
7,2,4,0,3.53
3,0,1,0,-1.1
44,5,3,1,5.0
2,0,0,0,-2.42
9,2,6,1,4.68
12,2,2,0,3.4
13,3,4,0,4.24
14,0,0,0,1.17
10,0,3,1,3.83
19,3,1,0,4.59
18,1,0,0,2.98
21,4,1,0,4.72
13,2,0,0,2.09
1,1,0,0,-2.12
43,7,5,4,4.62
3,0,0,0,-2.19
3,0,0,0,-2.04
2,0,0,1,-1.09
2,0,2,0,-0.7
5,2,0,0,-0.17
2,0,0,0,-2.59
1,0,1,0,-1.82
5,0,0,0,-1.91
9,3,0,0,1.78
1,0,0,0,-2.72
1,1,0,0,-2.17
4,0,0,0,-1.82
14,3,1,1,3.81
3,0,0,0,-2.38
14,2,3,0,4.06
4,0,0,0,-2.05
2,0,0,0,-2.64
2,2,0,0,-1.19
5,0,1,0,-0.79
16,1,1,0,3.11
2,0,0,0,-2.54
18,1,1,0,3.43
49,5,6,0,5.0
10,4,2,0,3.52
2,0,0,0,-2.39
49,2,9,0,4.87
1,1,0,0,-2.16
18,3,1,0,4.04
3,0,0,0,-2.41
16,7,0,1,4.66
3,0,0,0,-2.24
18,1,2,0,3.99
59,3,8,1,4.83
15,1,2,0,3.61
42,6,2,0,4.9
2,0,1,0,-1.52
15,2,3,0,4.45
7,0,0,0,-1.24
2,2,0,0,-1.47
3,0,0,0,-2.29
19,1,0,1,3.96
6,3,0,0,0.69
1,0,0,0,-2.79
3,0,1,0,-1.16
3,0,0,0,-2.05
13,2,2,0,3.67
13,2,1,0,3.04
6,0,0,0,-1.12
3,0,0,0,-2.27
4,2,0,0,-0.77
3,0,0,0,-2.34
13,0,3,1,4.13
60,4,5,0,5.0
4,0,0,0,-1.78
4,0,1,0,-1.04
36,7,5,3,5.0
6,1,0,0,-0.62
13,1,2,0,3.06
44,7,4,3,5.0
2,0,0,0,-2.2
20,1,2,0,4.16
10,4,0,1,3.51
3,2,0,0,-0.93
4,1,0,0,-1.22
51,5,3,2,5.0
4,0,0,0,-1.81
16,3,1,0,3.88
4,1,0,0,-1.25
20,4,1,1,4.96
6,2,1,0,0.88
44,8,5,2,5.0
3,0,0,0,-2.22
1,0,0,0,-2.82
12,2,0,0,1.86
4,0,0,0,-2.05
3,0,0,0,-2.16
9,4,2,0,3.52
6,0,1,0,-0.28
4,1,1,0,-0.36
3,0,0,0,-2.17
11,2,2,0,3.01
50,8,8,0,4.93
1,0,0,0,-2.83
17,1,2,0,3.63
48,12,5,2,4.71
16,4,6,0,5.0
3,1,0,0,-1.42
5,0,0,0,-1.87
14,0,2,1,3.85
13,1,2,0,2.96
5,0,0,0,-1.69
3,0,0,0,-2.21
2,0,0,0,-2.52
50,4,9,1,5.0
18,1,2,0,4.33
4,0,0,0,-2.1
2,0,0,0,-2.31
9,0,2,1,2.99
36,3,3,1,4.97
46,2,6,0,4.87
9,2,1,0,1.61
15,3,1,1,4.33
18,3,2,0,4.37
1,0,1,0,-1.88
13,2,2,0,3.61
52,4,2,1,5.0
1,0,0,1,-1.3
11,0,2,0,2.29
38,6,6,4,5.0
3,0,0,0,-2.17
13,1,0,1,3.11
46,6,5,1,5.0
3,1,0,0,-1.84
3,0,0,0,-2.04
1,0,0,0,-2.55
38,6,1,5,4.98
3,0,0,0,-2.0
15,2,2,0,3.73
3,0,0,0,-2.18
13,4,1,0,3.85
45,4,5,2,4.95
20,2,2,1,4.59
2,0,0,0,-2.42
12,4,0,0,3.04
5,0,0,0,-1.79
11,3,2,0,3.66
2,4,0,0,0.16
4,0,0,0,-1.7
16,2,5,2,4.65
15,3,5,1,5.0
2,0,0,0,-2.42
43,3,5,1,4.95
3,0,0,0,-2.23
3,0,1,0,-1.34
2,0,0,0,-2.36
17,3,1,0,3.96
2,0,1,0,-1.59
49,11,3,1,4.65
11,2,2,1,3.85
3,0,0,1,-0.63
21,3,0,1,4.14
10,3,1,0,2.8
8,3,0,0,1.25
13,0,2,0,2.62
52,7,5,1,5.0
1,0,0,0,-2.86
0,1,0,0,-2.62
19,3,1,0,4.28
6,0,0,0,-1.2
17,2,2,2,4.65
4,0,1,0,-0.86
55,2,5,0,5.0
15,2,1,1,3.76
2,0,1,0,-1.49
50,5,5,1,4.99
1,0,0,0,-2.53
46,2,6,2,5.0
4,0,1,0,-0.98
13,2,1,0,2.97
12,1,1,0,2.27
17,2,2,2,4.92
13,1,1,1,3.56
2,0,0,0,-2.51
4,1,0,0,-1.37
15,2,3,0,4.1
3,0,0,0,-2.18
1,0,0,0,-2.26
40,5,7,2,5.0
13,2,1,1,4.15
2,0,0,0,-2.26
29,3,3,1,4.89
11,3,3,0,3.98
23,3,3,0,4.77
37,7,9,1,5.0
6,0,0,0,-1.24
2,0,0,1,-0.44
2,0,0,0,-2.31
21,0,1,0,3.62
1,2,0,0,-1.64
62,6,9,3,5.0
13,3,0,0,2.66
45,8,5,1,4.94
1,0,0,0,-2.53
21,1,4,2,4.84
5,0,1,0,-0.94
6,0,0,0,-1.4
23,3,2,0,4.78
4,2,0,0,-0.71
23,2,2,0,4.64
4,0,0,0,-2.11
10,2,0,1,2.45
2,0,0,0,-2.56
2,2,0,0,-1.25
2,0,0,0,-2.53
5,0,0,0,-1.66
14,1,1,0,2.66
12,1,2,0,2.75
37,4,5,2,5.0
40,3,5,0,5.0
16,2,3,0,4.38
4,0,0,0,-1.71
2,0,0,1,-0.95
11,3,0,0,2.2
3,0,0,0,-2.11
1,0,0,0,-2.67
0,0,1,0,-2.05
3,0,0,0,-2.3
19,1,1,1,4.4
17,4,2,2,5.0
2,0,0,0,-2.48
17,1,1,0,3.18
7,1,0,0,-0.15
4,0,0,0,-1.82
18,2,1,0,3.86
16,2,0,0,2.85
4,2,0,0,-0.59
0,0,0,0,-2.9
2,1,0,0,-1.87
1,1,1,0,-1.23
3,0,0,0,-2.24
2,0,0,0,-2.54
3,0,0,0,-2.36
4,0,0,0,-1.97
2,0,2,0,-0.7
10,2,3,2,4.66
2,0,0,0,-2.3
17,1,0,1,3.25
5,1,0,0,-0.99
11,0,1,0,1.36
4,0,0,0,-1.93
2,2,0,0,-1.31
3,1,1,0,-0.64
3,2,0,0,-1.02
3,1,0,0,-1.57
2,0,0,0,-2.66
35,6,4,0,4.87
41,10,4,5,4.96
2,0,0,0,-2.52
2,0,0,0,-2.56
17,6,0,1,4.7
5,0,0,0,-1.73
5,0,1,0,-0.41
2,0,0,1,-1.09
19,1,6,1,4.85
35,5,5,1,4.86
4,0,0,0,-2.06
15,2,0,0,2.74
12,1,0,0,1.15
3,0,0,0,-2.16
50,3,6,1,5.0
14,1,2,1,3.9
2,0,0,0,-2.68
14,0,2,1,4.02
16,3,2,1,4.35
14,2,0,0,2.51
0,0,0,0,-3.11
2,0,1,0,-1.56
4,0,0,0,-1.8
1,0,0,0,-2.77
1,0,0,0,-2.9
2,0,2,0,-0.78
34,9,3,6,4.9
46,9,7,1,4.89
6,0,0,0,-1.78
2,0,0,0,-2.64
53,2,9,0,4.89
13,2,1,1,3.79
48,6,8,2,4.88
10,2,4,1,4.48
6,0,0,0,-1.41
3,0,0,0,-2.1
15,1,1,0,3.09
18,4,3,0,4.7
39,5,5,1,5.0
4,0,0,0,-2.01
5,1,0,0,-0.87
3,0,0,0,-2.36
1,0,2,0,-1.01
14,0,0,0,1.36
5,0,0,0,-1.64
4,0,0,0,-1.87
5,0,1,0,-0.82
14,3,0,0,3.03
3,0,0,0,-2.34
25,3,3,0,4.65
1,1,0,0,-2.04
35,4,3,3,5.0
4,1,0,0,-1.26
3,0,0,0,-2.22
3,1,0,0,-1.77
18,3,3,1,4.6
20,3,0,0,3.88
4,1,0,0,-1.37
18,1,2,0,3.6
1,0,0,0,-2.63
17,2,0,0,2.86
15,1,1,0,2.7
6,2,0,0,-0.08
16,1,1,0,3.16
2,1,0,0,-1.88
13,1,3,0,3.65
0,0,0,0,-3.08
4,0,0,1,-0.34
16,1,1,0,3.31
16,3,0,0,3.32
18,4,1,1,4.71
39,5,5,0,4.67
3,0,0,0,-2.16
49,2,5,1,5.0
23,4,3,2,5.0
3,1,1,0,-0.6
0,0,1,0,-2.3
14,4,2,0,4.2
43,8,4,1,5.0
5,0,0,0,-1.63
12,0,2,1,3.76
15,2,0,0,2.51
43,8,7,0,5.0
16,1,2,0,3.63
6,0,0,0,-1.54
1,1,0,0,-2.15
9,2,2,0,2.67
49,7,3,2,4.83
1,0,0,0,-2.93
19,4,1,0,4.38
18,1,3,0,4.27
2,0,0,0,-2.43
6,0,0,0,-1.15
12,1,2,0,2.94
28,6,0,0,4.71
4,0,0,0,-1.51
51,4,7,3,5.0
1,0,1,0,-1.93
3,0,1,0,-1.28
45,3,6,1,4.67
5,0,0,0,-1.5
8,2,3,0,3.08
3,0,0,0,-2.12
5,1,0,0,-1.19
0,0,0,0,-2.83
4,0,0,0,-2.19
3,0,1,1,-0.08
2,0,0,0,-2.21
39,4,6,1,4.68
11,0,2,0,1.92
19,2,4,0,4.49
40,7,7,0,4.96
51,5,5,3,4.65
2,0,0,0,-2.68
2,0,1,0,-1.81
2,0,1,0,-1.68
11,1,4,1,4.61
44,5,1,3,5.0
42,4,3,2,4.99
10,0,0,0,-0.14
11,1,2,1,3.61
5,0,0,0,-1.65
50,4,3,0,5.0
12,1,1,1,3.35
4,0,1,0,-1.03
2,0,0,0,-2.36
2,0,1,0,-1.6
5,1,0,0,-1.24
12,1,0,0,1.11
0,1,0,0,-2.57
3,0,0,0,-2.01
1,2,1,1,1.12
38,1,10,4,4.98
1,0,0,0,-2.67
60,9,7,1,4.95
4,0,1,0,-0.96
39,7,3,3,5.0
13,3,4,0,4.47
42,6,4,2,4.89
0,0,0,0,-2.96
4,0,1,0,-0.96
5,0,0,0,-1.73
5,0,0,0,-1.57
2,1,0,0,-1.81
2,2,1,0,-0.34
53,4,5,1,5.0
3,0,0,0,-2.12
49,5,7,2,5.0
17,5,2,1,4.65
2,0,0,0,-2.25
39,3,6,0,5.0
16,2,4,0,4.47
56,4,8,1,5.0
8,0,0,0,-0.66
3,0,0,0,-2.05
20,3,0,0,3.92
44,1,6,1,4.94
5,0,1,0,-0.73
36,5,4,0,5.0
5,0,1,1,1.05
3,0,0,0,-1.85
13,0,1,0,1.89
13,1,1,1,3.26
3,0,0,0,-2.1
4,0,0,0,-1.88
54,6,3,1,5.0
13,2,3,0,3.91
14,0,1,1,3.31
4,0,0,0,-1.81
1,0,1,0,-1.82
1,0,1,0,-2.01
48,5,2,1,4.96
50,5,7,0,5.0
1,0,0,0,-2.51
19,3,2,1,4.73
41,6,6,1,5.0
52,3,6,2,4.62
43,4,3,2,4.99
1,0,0,0,-2.78
9,1,1,0,1.12
11,2,1,2,3.96
2,0,0,0,-2.36
15,2,1,0,3.1
5,0,1,1,0.9
2,1,0,0,-1.87
14,3,0,0,3.22
35,10,4,2,4.99
20,3,5,0,4.74
1,0,0,0,-2.49
39,4,5,2,5.0
4,0,0,0,-1.9
12,2,0,0,1.82
12,1,2,0,3.08
2,0,0,0,-2.21
1,0,0,0,-2.45
3,0,0,0,-2.33
48,5,7,1,5.0
5,0,0,0,-1.64
4,0,1,0,-1.15
2,0,0,0,-2.67
2,0,1,0,-1.73
42,8,2,2,5.0
11,1,2,0,2.97
0,0,0,0,-3.04
2,0,0,0,-2.93
11,2,1,0,2.5
6,2,2,0,2.2
17,1,7,1,4.94
2,1,2,0,-0.18
4,0,0,0,-1.95
1,1,0,0,-2.45
56,3,3,1,5.0
21,2,0,1,4.41
9,4,2,2,4.55
5,0,0,0,-1.54
1,1,0,0,-2.39
16,3,2,0,4.1
45,6,2,0,5.0
16,2,0,1,3.61
4,0,0,0,-1.74
16,1,5,0,4.51
3,0,0,0,-2.39
47,6,3,0,5.0
3,0,0,0,-1.95
3,0,0,0,-2.25
47,7,4,2,5.0
20,5,1,0,4.65
10,6,1,1,4.32
20,1,0,0,3.46
15,2,2,0,3.9
4,0,0,0,-2.13
4,0,0,0,-2.08
41,3,5,2,4.97
2,0,0,0,-2.28
46,9,7,3,4.96
54,7,2,2,5.0
4,0,0,0,-1.76
20,4,2,0,4.53
3,0,0,0,-2.44
1,0,0,0,-2.7
10,2,4,2,4.73
14,1,0,0,1.95
3,1,1,0,-0.59
15,3,2,1,4.4
50,11,7,1,5.0
2,0,1,0,-1.76
1,0,0,0,-2.51
42,7,5,2,4.86
3,0,0,0,-2.16
21,2,0,1,4.45
8,0,0,0,-0.59
4,0,0,0,-2.04
8,0,0,0,-0.81
53,2,4,1,4.78
44,9,1,1,4.8
17,2,0,0,2.91
19,2,1,0,4.13
1,0,1,0,-1.63
5,1,0,0,-0.92
3,1,0,0,-1.52
12,1,2,0,3.02
15,1,2,1,4.13
17,4,3,1,4.71
1,0,0,0,-2.71
46,9,7,1,4.74
4,0,0,0,-1.89
13,4,1,0,3.96
15,1,2,0,3.47
1,0,0,0,-2.75
2,0,0,0,-2.35
18,1,0,1,3.72
6,0,0,0,-1.47
2,0,0,0,-2.57
17,3,3,0,4.71
4,0,0,0,-1.97
42,8,4,2,4.79
4,0,0,0,-1.8
4,1,1,0,-0.29
4,0,1,0,-1.09
3,1,0,0,-1.53
45,2,6,5,5.0
1,0,0,0,-2.86
46,6,3,2,5.0
8,1,0,0,-0.05
18,3,2,0,4.1
11,1,1,0,1.66
1,1,0,0,-2.28
48,6,9,2,5.0
2,0,0,0,-2.33
1,1,0,0,-2.22
45,6,5,1,4.74
3,0,0,0,-1.99
53,4,3,2,5.0
51,5,2,2,5.0
3,0,0,0,-2.25
3,1,0,0,-1.66
52,3,8,3,4.72
2,1,1,0,-1.05
43,3,6,0,4.79
1,0,0,0,-2.65
2,0,0,0,-2.55
4,0,0,0,-1.65
3,0,0,0,-1.97
14,0,1,0,2.02
21,0,2,2,4.64
14,1,1,0,2.73
39,6,2,1,5.0
3,2,0,0,-0.87
45,10,3,1,4.99
2,0,0,0,-2.76
9,3,2,0,3.07
15,3,1,1,4.21
1,0,0,0,-2.66
2,0,0,0,-2.3
17,0,1,2,4.5
2,0,0,0,-2.36
20,3,1,1,4.58
0,1,0,0,-2.41
1,0,0,0,-2.79
3,0,0,0,-2.0
1,0,0,0,-2.74
47,11,3,2,4.99
2,0,0,0,-2.72
5,0,0,0,-1.64
1,1,0,0,-2.02
47,1,6,5,4.99
16,2,3,1,4.54
18,2,0,0,3.55
9,4,1,1,3.65
13,2,1,2,4.22
5,0,0,0,-1.83
6,0,0,0,-1.11
12,2,3,1,4.08
39,4,2,1,4.96
1,1,0,1,-0.73
4,2,2,0,1.31
41,7,4,0,5.0
33,6,8,2,4.94
5,0,0,0,-1.66
1,0,0,0,-2.89
14,3,2,5,5.0
4,1,0,0,-1.31
47,3,5,0,5.0
1,0,0,0,-2.49
3,0,0,0,-2.14
47,7,0,2,4.79
1,0,0,0,-2.8
21,1,1,2,5.0
16,2,2,0,4.08
10,3,0,0,1.81
4,0,0,0,-2.06
15,0,1,0,2.19
4,0,0,0,-1.8
14,2,2,0,3.62
23,4,2,1,4.77
11,2,1,1,3.52
41,12,5,1,5.0
4,0,0,0,-2.05
11,1,1,0,2.38
21,2,0,0,3.63
58,4,7,0,5.0
1,0,0,0,-2.74
3,1,0,0,-1.6
17,0,1,1,4.06
4,1,0,1,0.49
1,0,0,0,-2.95
0,1,0,1,-1.0
11,3,1,0,2.76
1,0,1,0,-2.01
3,0,0,0,-2.39
15,2,2,1,4.13
0,0,0,0,-2.85
6,0,0,1,0.42
51,8,7,1,4.96
1,1,2,0,-0.4
1,0,0,0,-2.61
3,1,0,0,-1.74
3,0,0,0,-2.54
56,7,5,2,5.0
3,1,0,0,-1.49
4,0,1,0,-0.98
14,2,4,0,4.47
10,2,4,0,4.04
11,3,1,1,3.87
10,3,1,0,2.86
7,0,1,0,-0.19
3,0,0,0,-2.34
6,1,0,0,-0.55
16,2,1,0,3.53
15,2,2,0,3.87
1,0,0,0,-2.63
5,0,0,0,-1.34
3,1,1,0,-0.77
19,0,0,1,3.82
4,0,0,1,-0.47
3,0,0,0,-2.29
6,0,0,0,-1.51
11,2,1,1,3.63
2,0,0,0,-2.59
3,0,2,0,-0.43
50,5,3,1,5.0
3,1,0,0,-1.88
20,2,3,0,4.55
42,10,3,2,5.0
4,1,0,0,-1.28
2,0,0,0,-2.15
57,4,9,2,4.96
41,6,9,3,5.0
18,3,1,0,3.89
5,0,0,0,-1.44
2,0,0,0,-2.53
37,5,6,2,5.0
11,2,2,0,3.17
4,0,0,0,-1.79
2,0,0,0,-2.56
18,2,2,0,4.01
11,3,3,0,3.83
1,0,0,0,-2.62
1,0,1,0,-2.0
2,0,0,0,-2.4
11,4,2,1,4.44
3,0,2,0,-0.62
3,0,0,0,-2.22
39,4,6,1,4.9
11,2,1,0,2.56
9,3,2,0,3.42
16,3,1,0,3.75
3,0,0,0,-1.93
0,0,0,1,-1.55
15,2,0,0,2.61
9,2,1,2,3.95
3,0,0,0,-2.19
17,2,2,1,4.63
5,0,0,0,-1.89
3,0,0,0,-2.14
4,2,0,1,1.19
15,4,2,0,4.37
13,1,2,1,3.94
4,0,0,0,-1.85
42,10,6,4,4.95
18,1,2,0,3.95
5,1,0,0,-0.9
2,1,0,0,-1.94
1,0,0,0,-2.89
3,0,0,0,-2.41
1,0,0,0,-2.61
7,0,1,0,0.02
17,3,1,0,4.07
3,0,0,1,-0.78
11,2,1,0,2.27
15,0,0,1,3.04
17,2,2,0,4.11
16,4,0,0,3.6
3,0,2,0,-0.35
21,1,2,0,4.15
36,4,1,2,5.0
1,0,0,1,-1.27
4,1,0,0,-1.28
13,2,1,1,3.91
52,5,2,4,4.91
20,6,2,1,5.0
6,0,0,0,-1.49
12,2,1,2,4.23
39,4,5,1,5.0
4,0,0,0,-1.9
47,5,9,1,4.96
1,0,0,0,-2.69
1,0,0,0,-2.51
15,0,2,0,3.03
17,1,0,1,3.6
13,1,2,0,3.23
48,4,6,0,4.95
5,0,0,0,-1.77
13,3,2,0,3.8
15,1,1,0,2.77
1,0,0,0,-2.67
12,1,1,0,2.12
2,0,0,0,-2.46
38,6,3,0,4.89
4,0,0,1,-0.21
2,0,0,1,-0.94
14,3,0,1,3.79
1,1,0,1,-0.76
44,4,5,0,4.93
40,7,6,0,4.94
37,4,4,3,4.95
9,2,0,0,1.09
1,0,0,0,-2.81
17,4,1,1,4.53
17,2,0,0,3.11
6,0,0,0,-1.18
12,1,2,1,3.96
10,5,1,2,4.63
18,2,1,0,3.97
9,1,1,1,2.77
2,0,0,0,-2.43
3,0,0,0,-1.94
0,1,0,1,-1.07
6,0,0,0,-1.22
1,0,0,0,-2.77
6,0,0,0,-1.45
4,0,0,0,-1.73
4,0,0,0,-1.9
23,3,0,0,4.49
40,5,5,2,5.0
16,5,4,1,4.91
5,0,0,0,-1.59
2,0,0,0,-2.07
45,10,6,2,5.0
3,0,2,0,-0.64
55,6,7,0,5.0
22,2,2,0,4.63
4,0,0,0,-1.82
3,0,0,0,-2.18
1,0,0,1,-1.3
38,7,7,0,5.0
19,2,1,0,3.95
2,0,1,0,-1.45
2,0,0,0,-2.24
46,8,4,0,4.86
14,3,1,2,4.62
1,0,0,0,-2.88
20,1,0,0,3.53
13,4,2,0,3.99
2,0,0,0,-2.43
13,5,1,0,4.1
16,2,0,2,4.23
14,0,4,0,3.97
1,1,1,0,-1.48
3,0,0,0,-2.17
17,3,1,0,3.98
45,1,4,1,4.67
14,4,2,0,4.28
1,0,0,0,-2.85
40,7,11,2,4.95
2,0,0,0,-2.48
17,2,2,0,3.87
50,8,3,2,5.0
3,0,1,0,-1.29
6,1,1,0,0.13
7,1,1,0,0.88
8,0,0,0,-0.27
2,1,0,0,-1.96
6,0,0,0,-1.41
48,4,3,0,4.89
2,0,1,0,-1.63
3,0,0,0,-2.1
12,2,2,1,3.93
14,2,1,0,3.23
23,2,2,0,4.54
12,1,0,0,1.35
19,1,0,0,3.11
3,0,0,0,-2.41
0,0,0,0,-2.84
4,0,0,0,-1.75
0,0,1,0,-1.95
33,4,3,2,4.98
13,3,2,1,4.06
2,0,0,0,-2.44
3,0,2,0,-0.36
19,0,1,0,3.42
4,1,0,0,-1.5
38,9,5,0,4.89
12,1,1,0,2.04
19,1,2,0,4.01
2,0,0,0,-2.47
1,0,0,0,-2.81
4,0,0,0,-1.75
4,1,0,0,-1.07
50,6,7,2,4.65
16,1,0,0,2.47
10,2,0,1,3.02
2,0,0,0,-2.42
14,2,0,0,2.3
3,1,0,0,-1.7
3,0,0,1,-0.48
5,0,1,0,-0.74
4,0,0,0,-1.75
5,0,0,0,-1.64
4,1,1,0,-0.42
3,1,0,0,-1.43
4,0,1,0,-0.63
14,1,0,0,1.97
4,1,0,0,-1.18
19,2,2,0,4.49
16,2,2,1,4.37
11,2,1,0,2.44
20,4,2,0,4.42
13,3,1,0,3.41
22,1,3,1,4.62
2,0,0,0,-2.28
14,2,4,0,4.25
11,2,5,1,4.7
13,2,0,0,2.15
50,7,5,2,5.0
53,7,8,2,5.0
3,2,0,0,-0.9
13,0,0,1,2.37
1,0,0,0,-2.51
4,0,0,0,-1.71
44,6,4,1,4.77
13,1,2,0,3.21
10,3,3,0,3.9
48,4,8,3,4.94
1,0,0,0,-2.72
46,5,2,3,4.83
10,2,1,0,2.25
18,1,2,0,3.81
4,0,1,0,-0.88
15,3,1,0,3.7
3,0,0,0,-2.38
15,2,1,0,3.24
3,0,1,0,-1.09
51,7,10,1,4.85
10,1,1,3,4.24
32,10,4,0,4.99
17,2,2,0,4.2
6,0,0,1,0.31
35,6,7,1,4.78
50,9,4,0,5.0
2,0,0,0,-2.07
2,0,0,1,-1.03
2,0,1,0,-1.49
10,1,1,0,1.48
12,2,0,1,3.31
43,6,2,0,5.0
2,1,0,0,-1.78
3,0,1,0,-1.17
1,0,0,0,-2.52
1,1,1,0,-1.29
6,1,0,0,-0.98
16,3,1,0,3.8
15,2,1,0,3.22
15,0,1,0,2.38
15,2,1,0,3.38
14,2,2,1,4.32
3,0,1,0,-1.51
3,0,0,0,-2.07
12,3,2,1,4.26
3,1,0,0,-1.47
13,4,0,1,3.99
21,5,0,0,4.48
2,0,0,0,-2.5
3,0,0,0,-2.06
0,0,0,0,-2.81
43,5,8,1,5.0
4,1,0,0,-1.24
2,0,0,0,-2.38
11,1,0,1,2.45
13,3,0,0,2.55
10,3,3,1,4.19
17,2,2,0,3.98
18,1,2,0,4.17
2,0,0,0,-2.26
2,0,1,1,0.14
2,0,1,0,-1.87
4,0,1,0,-0.9
3,0,0,0,-2.04
7,2,1,1,2.74
2,0,0,0,-2.37
59,6,1,1,5.0
0,0,0,0,-2.85
2,1,0,0,-1.87
0,1,0,0,-2.57
4,1,0,1,0.31
3,1,0,0,-1.9
5,0,0,0,-1.66
4,0,0,0,-1.78
2,2,0,0,-1.47
1,1,1,0,-1.43
13,7,3,0,4.5
49,8,1,2,5.0
3,0,0,0,-2.0
2,1,1,0,-1.05
3,1,0,0,-1.24
12,3,2,0,3.85
13,3,1,0,3.48
50,5,3,1,4.99
10,3,0,1,3.24
5,0,0,0,-1.49
14,2,4,0,4.15
2,1,1,0,-0.94
13,0,0,1,2.43
13,2,2,0,3.5
10,3,3,2,4.79
4,0,0,0,-1.7
2,0,0,0,-2.62
2,0,0,0,-2.57
1,0,1,0,-1.93
11,1,3,0,3.47
45,8,4,1,4.93
5,0,0,0,-1.75
2,1,0,0,-1.85
44,15,1,0,4.68
16,1,2,1,4.28
15,0,2,1,4.29
2,0,0,0,-2.37
2,1,0,0,-2.02
1,1,0,0,-2.16
0,1,0,0,-2.55
5,0,1,0,-0.85
14,2,1,0,3.07
46,6,2,4,4.88
17,5,0,0,4.27
4,0,1,0,-0.7
3,0,0,0,-2.19
10,3,1,0,2.63
5,0,1,0,-0.61
3,1,0,0,-1.72
5,1,1,0,-0.03
51,6,7,3,5.0
17,0,3,0,3.83
5,0,0,0,-1.78
3,0,0,0,-2.13
11,1,2,0,2.75
1,0,0,0,-2.83
17,2,1,0,3.73
23,1,2,0,4.39
2,0,0,0,-2.51
49,4,5,2,4.73
37,3,5,0,5.0
6,0,0,0,-1.34
16,4,3,2,4.85
4,0,0,0,-1.81
5,0,0,0,-1.4
1,0,0,0,-2.76
2,1,0,0,-1.87
6,4,3,0,3.75
15,2,1,1,4.11
1,0,0,0,-2.73
49,8,5,1,5.0
3,0,0,0,-2.37
0,0,0,0,-2.87
50,8,7,2,4.93
6,0,0,0,-1.21
56,7,4,3,5.0
4,2,0,0,-1.19
52,5,10,2,5.0
4,1,0,1,0.38
3,1,0,0,-1.38
42,9,8,1,4.85
47,2,5,2,4.96
1,0,0,0,-2.56
3,0,0,1,-0.68
1,0,0,0,-2.69
2,0,0,0,-2.83
1,1,0,0,-2.21
7,3,1,0,2.11
16,5,0,0,4.06
42,3,7,1,5.0
1,0,0,1,-1.45
46,6,6,3,4.97
5,1,0,0,-1.24
6,1,0,2,2.58
3,0,0,0,-2.08
15,2,0,0,2.65
14,1,3,1,4.53
4,0,0,0,-1.76
17,2,0,2,4.55
5,0,0,0,-1.39
3,0,0,0,-1.88
16,2,4,1,4.67
1,0,0,0,-2.75
14,0,2,0,2.82
4,0,0,0,-2.04
3,0,0,0,-2.4
4,1,0,0,-1.37
8,0,1,0,0.31
0,0,1,0,-2.35
2,0,0,0,-2.51
3,0,2,1,1.27
13,1,1,1,3.44
4,1,0,0,-1.38
11,1,0,0,0.93
13,1,2,0,3.19
2,1,0,0,-2.0
48,6,1,2,4.81
42,10,1,0,5.0
1,0,0,0,-2.8
18,3,1,0,4.11
47,4,6,0,4.78
19,2,1,0,4.0
1,0,0,0,-2.69
11,2,2,0,3.22
3,1,1,0,-0.93
3,1,0,0,-1.88
56,5,5,2,4.99
51,5,4,1,4.83
13,2,1,0,2.83
2,1,0,0,-1.68
42,6,9,0,5.0
2,0,1,0,-1.75
2,1,0,0,-1.87
35,9,7,3,4.98
4,0,0,0,-1.89
2,1,0,0,-1.52
4,0,0,0,-1.78
0,1,0,0,-2.7
6,1,0,0,-0.27
2,1,0,0,-1.99
14,4,1,0,3.82
7,0,0,0,-1.21
4,0,0,0,-1.92
10,2,0,0,1.18
3,1,0,0,-1.67
7,0,4,1,3.58
14,2,1,0,3.3
16,2,1,1,4.19
4,0,0,0,-1.63
3,1,1,0,-0.7
3,1,0,0,-1.59
2,0,0,0,-2.43
3,1,0,0,-1.44
4,2,0,0,-0.48
15,0,3,0,3.57
12,2,0,1,3.01
48,11,4,1,4.95
4,1,0,0,-1.38
3,0,0,0,-2.42
1,0,0,0,-2.67
13,2,1,1,3.88
10,3,1,1,3.7
2,1,0,0,-1.93
19,2,1,2,4.76
20,2,2,0,4.61
19,1,2,0,4.11
3,1,0,0,-1.68
1,0,0,0,-2.6
2,1,1,0,-0.8
38,6,8,1,5.0
3,0,0,0,-2.02
2,1,0,0,-1.97
2,1,0,0,-1.86
2,0,0,0,-2.11
2,0,0,0,-2.37
0,0,0,0,-3.04
13,3,3,0,4.09
5,0,0,0,-1.34
4,0,1,1,0.66
1,0,0,0,-2.57
4,0,0,0,-1.98
1,1,2,0,-0.47
5,0,0,0,-1.77
3,0,0,0,-2.12
6,0,0,0,-0.99
50,6,4,2,5.0
13,1,2,0,3.21
1,0,0,0,-2.71
12,5,1,1,4.23
51,5,1,1,4.9
3,0,0,0,-2.34
6,0,0,0,-1.35
4,0,0,0,-2.0
1,0,0,0,-2.67
1,0,0,0,-2.42
7,0,0,0,-0.78
3,0,0,0,-2.2
1,0,0,0,-2.8
10,4,2,1,4.34
0,0,0,0,-3.23
44,6,3,0,5.0
16,0,0,0,1.67
20,2,0,2,4.64
3,2,0,0,-0.83
49,2,5,2,5.0
3,0,1,0,-1.11
5,0,0,0,-1.64
2,0,0,0,-2.41
4,1,0,0,-1.3
22,2,5,1,4.99
6,0,0,0,-1.5
16,2,2,0,3.93
3,0,1,0,-1.29
6,0,0,0,-1.26
3,0,0,0,-2.3
2,0,1,1,0.18
38,6,4,1,4.99
3,0,0,0,-2.12
1,0,0,0,-2.86
14,2,3,0,3.95
5,1,0,0,-1.03
14,2,4,0,4.6
40,8,7,1,5.0
4,0,1,0,-0.75
19,2,1,0,3.8
12,3,0,0,2.74
5,0,0,0,-1.51
6,0,0,0,-1.15
1,1,0,0,-2.4
15,1,2,1,3.96
0,0,0,0,-3.01
38,5,4,2,5.0
4,0,0,0,-1.78
15,1,3,0,3.96
46,9,2,4,4.86
1,0,0,0,-2.51
7,0,1,0,0.07
17,1,4,0,4.25
1,0,0,0,-2.94
6,0,0,0,-1.38
14,3,1,0,3.37
3,0,1,0,-1.29
1,0,0,0,-2.64
4,0,1,0,-1.05
2,0,0,0,-2.37
1,1,0,0,-2.18
17,2,0,0,2.94
11,2,2,2,4.37
3,1,0,0,-1.59
3,0,0,0,-2.33
4,0,0,0,-1.86
10,1,1,0,1.98
37,6,4,0,5.0
52,8,1,1,5.0
2,0,1,0,-1.39
16,2,1,0,3.58
4,0,0,0,-1.84
21,1,1,0,3.95
5,0,0,0,-1.44
10,1,1,1,3.02
51,4,3,2,4.82
42,9,1,1,4.9
17,4,2,0,4.71
17,2,3,0,4.34
3,1,0,0,-1.57
13,2,2,0,3.4
4,0,0,0,-1.72
11,2,1,1,3.57
55,5,4,2,4.99
5,0,0,0,-1.53
17,0,0,0,2.14
5,0,0,0,-1.67
1,0,0,1,-1.48
42,11,6,0,5.0
43,5,6,1,5.0
36,6,5,8,5.0
21,3,0,1,4.4
1,0,0,0,-2.68
4,0,0,1,-0.07
12,1,1,1,3.42
15,2,0,1,3.38
2,0,0,0,-2.51
3,0,0,0,-2.44
14,2,0,0,2.65
37,6,4,0,4.99
50,8,4,3,5.0
23,3,1,0,4.54
2,0,0,0,-2.53
5,1,0,0,-0.77
2,0,0,0,-2.6
17,0,0,2,3.81
20,4,2,0,4.74
11,3,1,1,3.95
15,3,0,1,3.98
47,9,7,1,5.0
2,0,0,0,-2.58
13,1,2,0,3.02
36,8,6,3,4.95
13,4,2,0,3.84
4,0,0,0,-1.69
3,2,0,0,-0.99
3,1,0,0,-1.76
4,0,2,0,-0.24
2,1,0,1,-0.42
3,0,0,0,-2.14
31,6,4,1,4.85
35,8,9,1,5.0
2,1,0,0,-1.94
4,0,0,0,-1.8
41,6,1,2,4.78
42,4,8,0,4.76
2,0,0,0,-2.3
48,5,8,1,4.89
16,3,0,1,4.42
14,3,1,0,3.32
2,0,0,0,-2.26
4,1,1,0,-0.11
16,4,2,1,4.57
12,3,2,2,4.7
12,1,2,0,2.89
40,7,6,1,5.0
36,8,5,0,4.9
16,1,0,0,2.5
11,0,1,0,1.21
17,1,2,1,4.67
3,0,1,0,-1.16
3,0,0,0,-2.2
3,0,0,0,-1.99
18,4,3,0,4.58
5,1,0,0,-0.95
14,3,2,1,4.43
13,2,0,0,2.25
5,0,0,0,-1.55
0,0,1,0,-2.32
4,1,0,0,-1.14
3,0,0,0,-2.29
0,0,1,0,-2.08
41,4,7,2,5.0
2,0,0,0,-2.2
1,0,0,0,-2.47
2,1,0,1,-0.52
3,0,0,0,-1.96
4,0,0,0,-1.83
13,0,0,0,0.84
11,4,1,1,3.88
16,0,1,1,3.35
9,0,0,0,-0.65
12,2,4,0,4.0
19,0,2,0,3.5
6,0,1,0,-0.34
1,0,0,0,-2.79
4,0,1,0,-0.88
25,1,1,0,4.57
19,0,2,0,3.77
2,1,1,0,-1.24
31,7,9,1,4.88
16,2,1,0,3.46
2,1,0,0,-1.62
11,1,0,0,0.71
20,3,1,0,4.4
15,2,0,1,3.88
10,1,2,1,3.67
19,4,2,0,4.36
16,1,1,1,3.91
22,1,2,1,4.52
2,0,0,0,-2.62
43,5,4,2,5.0
23,1,4,0,4.73
45,4,4,1,4.96
2,1,0,0,-2.11
5,0,0,0,-1.77
4,2,0,0,-0.8
6,0,0,0,-1.35
3,1,0,0,-1.29
11,2,2,0,2.9
16,3,0,0,3.56
48,5,10,2,5.0
7,1,4,0,3.0
17,3,1,2,4.84
17,3,1,1,4.11
4,0,0,0,-2.16
16,1,2,0,3.48
0,0,0,0,-2.91
3,1,0,0,-1.56
2,0,1,0,-1.64
11,4,2,1,4.39
3,0,0,0,-2.33
14,1,0,1,3.57
17,0,1,2,4.32
3,1,0,0,-1.98
15,2,0,0,2.8
17,2,4,0,4.46
3,0,0,0,-2.32
3,0,0,0,-2.14
48,9,5,0,5.0
3,0,1,0,-1.31
6,0,0,0,-1.21
1,0,0,0,-2.77
14,2,1,0,3.34
3,0,0,0,-2.11
39,10,4,0,4.81
1,1,0,0,-2.07
17,0,2,0,3.49
4,0,1,0,-1.12
3,0,0,0,-2.38
0,0,0,0,-3.18
12,3,1,2,4.65
0,2,0,0,-1.84
49,5,4,3,4.97
9,1,2,0,2.44
2,1,1,0,-0.62
5,2,0,0,-0.19
16,2,1,0,3.57
22,3,3,1,4.91
2,0,0,0,-2.27
3,0,0,0,-2.17
2,1,0,0,-2.2
54,7,4,3,4.94
16,1,0,0,2.38
4,0,0,0,-2.0
11,4,2,1,4.44
12,0,0,0,0.28
16,4,0,0,3.35
3,0,0,0,-2.15
41,5,4,2,5.0
3,0,0,0,-2.17
3,0,0,0,-2.25
2,0,1,0,-1.56
4,0,0,0,-1.96
15,3,3,0,4.46
6,0,0,0,-1.75
55,7,6,1,5.0
1,0,0,0,-2.66
3,1,0,0,-1.86
1,0,0,0,-3.02
2,0,0,0,-2.45
6,0,0,0,-1.49
0,1,0,0,-2.57
20,0,2,0,4.03
0,1,0,0,-2.39
6,1,0,0,-0.53
15,4,1,0,4.29
38,6,7,0,5.0
0,0,0,1,-1.37
2,0,0,0,-2.53
51,6,4,0,4.73
20,1,0,0,3.08
6,0,1,0,-0.6
1,0,1,0,-1.79
0,0,1,0,-1.82
0,0,0,0,-3.02
4,0,0,0,-2.25
22,1,4,0,4.69
11,1,4,1,4.31
20,4,1,0,4.25
2,0,0,0,-2.31
39,2,1,1,4.86
48,6,3,2,5.0
7,0,0,0,-0.92
17,0,0,2,4.07
0,0,0,0,-2.97
18,2,1,0,3.8
4,1,0,0,-1.43
11,0,0,0,0.36
3,0,0,0,-2.11
4,1,0,0,-1.5
9,0,0,0,-0.47
1,0,0,0,-2.73
13,1,2,0,3.03
47,9,2,2,4.84
16,1,2,0,3.66
50,8,5,1,5.0
19,2,1,0,3.57
15,1,0,0,2.21
12,2,3,1,4.5
21,1,3,0,4.3
3,0,0,0,-1.99
6,0,0,0,-1.21
4,0,1,0,-1.15
3,0,0,1,-0.84
19,1,2,0,4.06
17,1,2,0,3.73
1,0,1,0,-2.01
3,0,0,0,-1.87
50,8,6,2,5.0
3,1,0,0,-1.7
3,0,0,0,-2.13
12,1,1,1,3.33
4,1,0,0,-1.19
8,2,1,0,1.58
4,1,0,1,0.55
3,0,0,0,-1.93
5,0,0,0,-1.62
4,0,0,0,-1.83
3,1,1,0,-0.55
2,0,0,0,-2.45
37,5,4,3,4.96
6,0,0,0,-1.22
3,0,0,0,-2.15
15,1,2,0,3.73
52,4,6,0,5.0
5,0,1,0,-0.39
2,0,0,0,-2.62
19,1,1,0,3.59
14,0,1,1,3.23
42,2,5,2,4.96
4,1,0,0,-1.35
13,2,2,1,3.91
14,2,2,0,3.85
6,1,2,0,1.3
17,2,0,0,3.1
31,8,7,1,4.98
1,1,0,0,-2.18
4,0,1,0,-1.04
5,1,0,0,-1.23
18,3,1,2,4.79
0,0,0,0,-2.9
17,4,3,0,4.65
3,0,1,1,0.18
4,2,0,1,1.04
4,0,0,0,-2.32
4,0,0,0,-1.57
20,2,3,1,4.89
3,1,0,0,-1.72
2,2,0,0,-0.95
3,1,0,0,-1.65
17,0,1,0,2.67
2,0,0,0,-2.7
9,3,1,0,2.26
16,2,2,0,4.07
3,2,0,0,-0.95
15,2,1,1,4.28
7,1,0,0,-0.13
39,4,6,0,5.0
61,4,3,2,4.91
53,6,4,0,4.98
9,2,0,0,0.84
11,0,1,1,2.79
52,1,6,2,4.79
46,11,7,0,5.0
3,0,0,0,-2.33
4,0,0,2,1.36
4,0,0,0,-2.18
12,1,1,1,3.26
6,3,0,1,2.0
1,0,0,0,-2.83
37,10,6,2,4.99
0,2,1,0,-1.26
2,0,0,0,-2.63
17,1,1,0,3.21
2,1,0,0,-1.8
4,0,0,0,-2.0
10,1,2,1,3.46
1,0,0,0,-2.81
47,7,5,2,4.9
4,1,1,0,-0.25
7,0,0,0,-0.87
8,1,0,0,0.1
3,1,1,0,-0.36
15,1,1,0,3.03
7,0,1,0,0.1
16,2,2,2,4.53
10,0,0,0,-0.06
13,2,2,0,3.56
50,6,5,2,5.0
6,0,1,0,-0.15
15,4,0,0,3.42
47,3,4,1,5.0
2,0,0,0,-2.47
44,5,7,4,5.0
49,9,5,0,4.72
13,2,0,0,2.42
4,0,0,0,-1.77
3,1,0,0,-1.68
2,1,0,0,-1.8
4,0,0,1,-0.22
57,8,4,0,5.0
2,0,1,0,-1.66
58,4,7,1,4.86
8,0,2,0,1.38
18,3,3,0,4.5
2,0,0,1,-0.74
5,0,0,0,-1.65
39,7,7,1,5.0
2,1,0,0,-1.98
4,0,0,0,-1.87
4,0,0,0,-1.89
2,0,0,0,-2.62
4,2,0,0,-0.64
16,5,0,1,4.21
20,1,0,1,4.2
41,3,2,1,5.0
38,1,3,0,4.84
0,0,0,0,-2.78
11,3,0,0,2.16
2,1,0,0,-1.81
1,0,0,0,-2.65
9,0,2,1,2.85
5,0,0,0,-1.79
20,2,0,0,3.87
18,1,1,1,4.38
15,2,1,1,4.05
5,0,0,0,-1.69
12,1,1,1,3.37
46,5,5,2,4.96
3,0,0,0,-2.36
4,1,1,0,-0.23
12,2,2,0,3.32
3,1,0,0,-1.65
2,0,0,0,-2.53
1,0,0,0,-2.67
3,0,1,0,-1.3
4,1,0,0,-1.22
4,0,0,0,-1.85
3,0,0,0,-2.06
15,3,2,0,3.76
2,0,0,0,-2.41
0,0,0,0,-2.79
4,0,0,0,-1.82
3,0,1,0,-1.11
39,6,8,1,4.89
11,2,5,0,4.41
0,0,0,0,-3.05
1,0,0,0,-2.38
4,1,0,0,-1.37
52,10,6,1,4.95
4,0,0,0,-1.8
3,0,0,0,-2.29
6,0,0,0,-1.5
1,0,0,0,-2.45
5,0,0,0,-1.43
22,1,2,0,4.42
5,2,0,0,-0.39
3,1,0,0,-1.48
2,0,0,0,-2.67
7,0,0,0,-1.21
2,0,0,1,-1.17
10,0,1,0,0.93
13,2,2,0,3.56
42,2,8,0,4.91
2,0,1,0,-1.67
3,0,1,0,-1.37
16,1,3,0,4.16
48,5,12,0,4.98
3,0,0,0,-2.23
54,7,3,5,4.78
11,2,1,2,4.09
15,2,4,0,4.37
20,3,0,0,3.67
4,0,0,0,-1.95
58,2,6,3,4.97
4,1,0,0,-1.43
1,0,0,0,-2.66
6,0,0,1,0.5
2,1,0,0,-1.58
13,5,1,1,4.39
9,2,4,1,4.23
14,2,2,0,3.53
55,6,6,1,5.0
4,1,0,0,-1.58
2,1,0,0,-1.7
1,0,0,0,-2.83
15,0,1,0,2.56
16,1,1,0,2.92
14,3,0,1,3.97
39,4,4,0,5.0
48,1,5,1,4.98
1,1,0,0,-2.17
2,0,0,0,-2.48
18,4,0,0,3.99
3,0,0,0,-2.44
18,0,4,0,4.4
3,0,0,0,-2.15
5,0,0,0,-1.78
11,4,1,0,3.3
3,0,0,0,-2.04
30,7,8,3,4.92
10,3,4,0,4.3
5,0,1,0,-0.63
0,0,0,0,-2.85
14,3,0,0,2.8
16,2,3,1,4.8
45,5,4,0,4.96
18,2,1,2,4.59
15,2,2,1,4.48
6,0,1,0,-0.32
5,0,0,0,-1.63
10,1,0,0,0.83
0,0,0,0,-2.89
36,6,9,4,5.0
4,1,0,0,-1.31
12,3,1,0,3.0
2,0,0,0,-2.47
2,0,0,0,-2.6
40,5,4,0,5.0
5,0,1,0,-0.78
33,10,1,2,5.0
3,1,1,0,-0.69
34,9,3,2,4.93
16,1,2,0,3.81
14,0,0,0,1.57
3,0,0,0,-2.12
3,0,0,0,-2.1
4,0,0,0,-1.85
3,1,0,0,-1.66
3,1,0,0,-1.52
30,5,5,1,4.93
15,3,1,0,3.72
6,2,2,0,1.68
16,2,0,0,3.09
5,0,0,0,-1.7
0,0,1,0,-2.32
42,7,6,1,5.0
1,0,0,0,-2.67
1,0,1,0,-1.96
11,3,2,0,3.41
2,0,1,0,-1.75
13,1,2,0,3.22
18,4,0,1,4.45
36,5,5,2,5.0
10,2,2,1,3.89
21,3,2,0,4.57
3,0,0,0,-2.27
10,5,2,1,4.67
2,0,0,0,-2.55
37,5,2,1,5.0
19,2,0,0,3.7
1,0,2,0,-0.84
3,0,0,0,-2.1
9,2,0,0,0.87
15,2,2,2,4.93
41,5,2,0,4.94
12,2,4,0,3.99
19,1,2,0,4.12
11,2,2,0,3.11
17,0,2,1,4.09
5,0,0,0,-1.79
4,1,0,1,0.53
5,0,0,0,-1.45
2,0,0,0,-2.68
40,3,7,1,5.0
3,0,0,0,-2.18
2,0,0,0,-2.62
4,0,0,0,-1.95
8,3,0,0,1.39
9,0,1,0,0.47
2,0,0,0,-2.47
22,7,2,0,4.63
23,3,3,0,4.75
25,4,4,0,4.85
4,0,0,0,-1.75
19,1,3,0,4.4
3,0,0,0,-2.25
13,1,1,1,3.42
22,2,2,1,4.98
38,7,5,1,5.0
14,4,1,0,3.71
0,0,0,0,-2.92
2,0,0,0,-2.22
1,0,0,0,-2.63
3,0,0,0,-2.02
48,3,2,1,4.87
13,3,0,0,2.71
11,2,0,0,1.52
4,0,0,0,-1.68
44,3,5,1,5.0
11,2,0,0,1.73
16,2,1,1,4.14
4,0,0,0,-1.67
20,2,0,1,4.22
3,0,0,0,-2.04
53,5,6,2,5.0
13,3,2,0,3.96
5,0,0,0,-1.55
2,1,0,0,-2.12
4,1,0,0,-1.12
3,1,1,2,2.22
54,4,6,3,4.92
48,5,4,2,5.0
9,2,1,1,3.11
1,0,0,0,-2.52
5,0,0,0,-1.87
1,0,1,0,-1.91
3,0,0,0,-2.23
2,0,0,0,-2.48
41,8,4,1,5.0
14,4,0,1,4.05
2,1,0,0,-1.97
0,0,0,0,-2.62
1,0,0,0,-2.84
12,2,0,2,4.11
4,1,0,0,-1.25
3,0,0,0,-2.06
4,0,1,0,-1.07
15,2,2,0,3.81
2,1,0,0,-1.8
3,0,0,1,-0.62
45,10,10,2,5.0
11,0,1,1,2.96
11,2,1,0,2.04
1,1,0,0,-2.14
2,0,0,1,-0.72
10,1,3,0,3.19
19,1,1,1,4.13
5,0,0,0,-1.55
3,1,0,0,-1.29
55,2,5,0,4.78
0,0,1,0,-2.27
47,6,6,1,5.0
15,1,1,0,3.09
13,4,0,0,3.19
5,0,0,0,-1.37
5,0,0,0,-1.6
8,2,0,1,2.22
10,3,4,1,4.55
17,3,1,0,3.87
4,0,0,0,-1.81
10,3,0,0,1.96
10,0,0,0,0.09
9,4,1,1,3.99
7,0,0,0,-1.01
2,3,1,0,0.32
4,0,0,0,-1.78
4,0,0,0,-2.19
56,1,5,2,4.77
2,0,0,0,-2.23
46,6,6,1,4.85
4,0,0,0,-1.88
39,6,2,3,5.0
3,0,1,0,-1.14
8,0,0,0,-0.75
41,6,6,0,5.0
3,0,0,0,-2.3
2,3,0,0,-0.75
0,0,1,0,-2.25
16,4,2,1,4.6
10,0,1,1,2.33
6,1,0,0,-0.69
0,1,0,0,-2.4
58,14,4,2,5.0
14,4,3,0,4.25
13,2,1,1,3.63
3,0,0,0,-2.32
11,1,5,0,4.18
22,1,3,0,4.64
4,0,0,0,-1.97
45,1,2,2,5.0
17,0,3,0,4.0
18,2,2,0,4.22
19,2,0,0,3.64
2,0,0,0,-2.29
2,1,0,0,-1.82
52,7,8,1,4.8
2,0,0,0,-2.07
16,4,2,1,4.54
49,6,6,1,5.0
2,0,1,0,-1.94
4,2,0,0,-0.73
15,3,2,0,4.03
15,3,1,0,3.82
3,1,0,0,-1.52
16,1,2,0,3.76
13,2,1,2,4.65
3,0,1,0,-1.02
2,0,0,0,-2.29
47,2,4,2,4.93
17,6,1,1,4.72
2,0,0,0,-2.6
3,0,0,0,-2.06
8,5,1,0,3.01
14,0,4,0,3.89
3,0,1,0,-1.35
3,0,0,0,-2.14
9,3,3,0,3.63
4,0,0,0,-1.95
46,6,8,3,4.99
17,2,2,0,4.17
25,4,2,0,4.97
4,1,1,0,-0.32
1,0,0,0,-2.69
3,0,0,0,-2.18
22,2,1,0,3.95
3,0,0,0,-2.12
5,1,0,0,-1.3
1,0,0,0,-2.63
6,0,0,0,-1.04
2,0,0,0,-2.57
1,0,0,0,-2.86
48,14,3,1,5.0
3,1,0,0,-1.81
19,2,0,0,3.36
13,2,3,0,4.17
17,1,2,1,4.35
2,1,0,0,-2.14
13,2,0,1,3.49
5,0,0,0,-1.71
2,0,0,0,-2.24
22,0,2,0,4.04
2,0,0,0,-2.29
7,0,0,0,-0.68
6,0,1,0,-0.28
49,5,8,2,5.0
11,2,2,1,3.93
4,0,1,0,-0.88
18,4,3,0,4.87
16,2,3,0,4.05
9,1,1,0,1.11
1,1,0,0,-2.55
4,0,0,0,-1.7
5,1,0,0,-1.12
9,3,0,1,3.04
14,0,2,0,3.23
0,0,1,0,-1.87
6,0,1,0,-0.44
9,1,1,1,2.72
19,3,0,0,3.86
4,2,0,0,-0.53
14,2,3,0,3.88
3,1,0,0,-1.32
4,0,0,0,-1.84
2,1,0,0,-1.48
17,1,0,0,2.66
4,0,1,0,-0.89
47,7,4,0,5.0
6,0,0,0,-1.39
21,2,1,1,4.42
47,5,5,4,5.0
15,2,4,0,4.16
2,0,0,0,-2.49
4,0,0,0,-1.72
10,1,0,2,3.21
3,0,0,0,-2.33
7,1,1,0,0.56
9,0,2,0,1.54
2,1,0,0,-2.0
4,1,0,0,-1.68
3,0,0,0,-2.0
7,2,2,0,2.44
6,0,0,0,-1.49
4,0,0,0,-1.97
49,6,7,0,5.0
2,0,0,0,-2.23
1,0,0,0,-2.88
1,0,0,0,-2.77
15,2,2,0,3.97
2,0,0,1,-0.81
3,0,0,0,-2.46
5,0,0,0,-1.7
4,0,1,0,-0.96
14,5,2,3,4.97
7,1,0,0,-0.42
18,4,2,0,4.36
4,0,0,0,-1.94
14,2,0,0,2.5
4,0,0,0,-2.16
5,0,0,0,-1.85
15,4,0,1,4.22
3,0,0,0,-2.15
1,1,0,0,-2.21
6,2,1,0,1.07
1,0,0,0,-2.6
50,7,8,4,4.97
12,3,5,0,4.53
17,3,1,2,4.6
1,0,0,0,-2.73
13,2,2,0,3.51
14,0,2,1,3.85
14,1,0,1,2.81
47,6,6,0,4.96
1,0,0,0,-2.62
1,1,0,0,-2.22
3,0,0,0,-1.95
2,0,0,0,-2.48
0,1,0,0,-2.44
2,1,0,0,-1.8
1,1,0,0,-2.23
5,0,0,0,-1.26
47,5,4,3,4.95
10,3,1,0,2.45
3,0,0,0,-2.38
2,0,1,0,-1.64
33,3,6,2,5.0
7,0,0,0,-1.1
44,7,5,1,5.0
19,0,1,2,4.62
2,0,0,0,-2.4
11,2,2,1,4.05
52,3,5,2,5.0
45,4,8,3,4.92
5,0,0,0,-1.6
47,4,2,0,4.81
4,0,0,0,-1.56
13,0,2,3,4.53
4,0,0,0,-2.2
2,0,0,0,-2.5
4,0,0,0,-1.97
36,4,5,3,5.0
10,1,2,0,2.54
3,0,0,0,-2.05
20,0,3,0,4.25
19,0,1,0,3.39
2,0,0,1,-1.32
14,2,0,0,2.39
16,2,1,0,3.74
1,0,0,0,-2.44
12,2,1,0,2.57
14,2,3,0,4.05
49,9,5,1,4.96
0,0,1,0,-2.4
1,1,0,0,-2.16
12,3,0,0,2.37
3,1,1,1,0.81
4,1,0,0,-1.54
16,1,1,0,3.26
10,4,1,1,3.69
6,0,1,1,1.38
20,2,1,0,4.19
4,0,0,0,-1.98
2,0,0,0,-2.36
5,1,0,0,-1.23
20,7,0,0,4.72
42,8,8,0,5.0
0,0,0,0,-2.89
45,10,6,0,5.0
18,2,3,1,4.71
16,1,2,0,3.48
8,0,2,1,2.73
43,4,4,1,5.0
11,3,0,0,2.25
1,0,0,0,-2.69
12,1,3,0,3.47
15,1,2,0,3.59
37,6,7,1,4.51
40,5,4,1,5.0
3,0,0,0,-2.25
15,3,2,0,4.06
2,0,0,0,-2.59
1,0,0,0,-2.53
13,2,5,0,4.63
13,0,1,0,1.92
2,0,0,1,-1.15
1,0,0,0,-2.84
51,6,2,0,4.97
4,0,0,0,-2.11
9,2,1,0,2.02
45,5,7,0,5.0
5,0,0,0,-1.66
2,0,0,0,-2.53
0,1,1,0,-1.57
4,1,0,0,-1.32
1,0,0,0,-2.66
1,0,0,0,-2.87
44,10,8,1,4.84
18,2,2,0,4.46
3,2,0,0,-0.84
16,1,0,1,3.43
14,2,2,0,3.53
47,7,4,2,4.87
15,1,1,0,2.82
12,2,4,0,4.09
41,6,5,0,5.0
15,1,2,0,3.8
3,1,0,0,-1.29
5,1,0,0,-0.68
15,0,3,0,3.53
5,2,0,0,-0.19
12,2,1,0,2.73
3,0,0,1,-0.67
3,0,0,0,-2.15
4,1,0,0,-1.2
4,0,0,0,-1.83
2,0,0,0,-2.4
4,2,0,0,-0.6
3,0,0,0,-2.17
45,3,8,1,4.89
2,0,0,0,-2.52
4,0,0,0,-2.28
4,0,0,0,-1.76
14,3,0,0,2.78
57,6,4,1,4.99
4,0,0,0,-1.89
6,0,0,0,-1.23
2,0,0,0,-2.37
3,0,0,0,-2.05
47,2,3,2,4.95
17,2,1,0,3.47
48,9,6,2,5.0
47,3,7,0,4.91
5,0,1,0,-0.57
31,4,6,1,5.0
6,1,0,0,-0.83
6,0,0,1,0.4
2,1,2,0,-0.15
4,0,0,0,-1.96
13,5,3,1,4.71
1,0,1,0,-2.18
13,3,0,0,2.87
2,0,0,0,-2.54
7,0,0,0,-1.13
4,0,0,0,-1.93
2,0,0,0,-2.58
17,2,0,2,4.81
15,1,1,0,3.0
1,0,0,0,-2.9
2,1,0,0,-1.77
5,0,0,0,-1.81
3,0,0,0,-2.14
14,2,1,2,4.62
43,8,7,0,4.96
8,4,2,0,3.15
8,3,2,0,2.89
2,0,1,0,-1.78
21,3,0,1,4.15
4,0,0,0,-1.76
3,0,0,0,-2.11
5,0,0,0,-1.76
5,0,0,0,-1.5
4,0,0,1,-0.34
48,4,5,2,4.89
15,4,0,0,3.56
14,2,3,0,4.01
15,0,3,1,4.0
2,0,0,0,-2.14
40,5,5,2,5.0
3,0,0,0,-2.02
14,1,0,0,1.88
1,0,1,0,-1.7
10,1,1,0,1.53
2,0,0,0,-2.64
14,4,4,0,4.47
3,0,0,0,-1.98
2,0,1,0,-1.78
14,3,1,1,3.99
5,0,0,0,-1.68
15,0,1,0,2.27
2,1,0,0,-1.87
0,0,0,0,-2.69
40,5,3,1,5.0
3,0,0,0,-2.15
14,1,1,0,2.71
16,2,1,2,4.54
21,3,1,2,4.81
55,3,0,3,4.91
21,2,1,0,3.99
22,0,3,2,5.0
16,1,3,0,3.93
3,0,0,0,-1.96
19,3,2,1,4.79
19,5,1,0,4.54
1,1,0,0,-1.95
10,2,1,1,3.31
5,0,0,1,0.03
20,4,3,1,4.68
16,4,2,1,4.44
5,0,0,0,-1.82
2,0,0,0,-2.26
18,3,2,2,4.68
43,9,4,0,4.91
2,0,0,0,-2.24
3,0,0,0,-2.32
1,1,0,0,-2.01
2,0,1,0,-1.75
4,0,1,0,-0.74
14,2,2,2,4.51
8,3,1,1,3.13
7,0,0,0,-1.21
6,0,0,0,-1.27
4,0,0,0,-1.49
16,4,2,0,4.37
19,1,0,0,3.24
3,0,0,0,-2.35
4,0,0,0,-1.7
3,0,1,0,-1.19
2,0,0,0,-2.6
2,0,0,0,-2.46
1,0,0,0,-2.66
3,0,1,0,-1.58
23,0,0,0,3.49
12,3,1,1,3.81
19,3,1,2,4.81
3,0,1,0,-1.3
0,0,1,0,-1.98
13,3,1,0,3.21
14,1,2,1,4.06
21,2,1,0,4.23
2,2,0,0,-1.23
47,11,5,3,4.92
4,0,0,0,-1.8
1,1,0,0,-1.99
4,0,0,0,-1.87
13,2,2,0,3.61
18,1,3,0,4.2
4,0,1,0,-1.13
19,1,1,1,4.56
1,1,1,0,-1.11
50,5,5,0,4.93
1,3,1,0,-0.0
18,1,0,2,4.22
12,0,3,0,3.3
1,0,0,0,-2.66
2,0,1,0,-1.47
1,0,0,0,-2.51
2,1,2,0,-0.02
40,6,7,0,4.79
4,0,0,0,-1.93
4,0,0,0,-1.83
15,4,2,1,4.46
11,2,1,0,2.39
4,0,0,1,-0.54
41,7,8,1,5.0
2,1,0,0,-1.81
1,1,0,0,-2.13
45,5,7,1,5.0
4,0,0,0,-1.82
16,1,0,0,2.53
3,0,0,0,-2.27
11,2,3,0,3.69
3,0,0,0,-2.24
2,1,0,0,-2.11
5,0,0,0,-1.46
3,1,0,0,-1.66
6,0,0,0,-1.25
6,0,0,0,-1.12
3,1,1,0,-0.67
0,0,0,0,-2.87
45,8,7,1,4.98
1,0,1,0,-2.26
0,0,0,0,-2.88
0,2,0,0,-2.03
23,0,0,0,3.47
12,4,1,1,3.98
4,0,0,0,-2.03
0,0,1,0,-2.36
11,2,2,1,3.83
3,0,0,0,-2.21
19,2,1,0,3.97
20,3,1,0,4.33
20,3,5,2,5.0
2,0,1,0,-1.45
42,4,7,0,4.79
2,1,0,1,-0.3
6,0,0,0,-1.6
46,13,3,1,4.9
45,7,4,1,4.75
42,7,5,0,5.0
5,1,0,0,-0.73
14,1,3,0,3.8
4,0,0,0,-2.0
6,1,1,0,0.28
13,1,2,1,3.82
3,0,0,0,-2.11
2,0,0,0,-2.69
4,0,0,0,-1.76
43,7,9,1,4.76
5,1,0,0,-1.38
16,2,3,0,4.09
25,1,2,0,4.47
3,0,0,0,-2.11
1,0,0,0,-2.52
23,2,1,0,4.54
5,0,0,0,-1.68
21,4,1,0,4.63
11,2,0,1,3.08
4,2,0,0,-0.5
14,1,1,1,3.26
10,3,1,0,2.53
17,1,0,0,2.64
3,1,1,0,-0.39
56,4,6,1,5.0
46,5,7,1,4.93
43,3,5,4,4.92
2,0,0,0,-2.52
5,0,0,0,-1.74
40,10,8,0,5.0
45,4,5,2,5.0
0,0,0,0,-3.08
5,0,0,0,-1.87
18,1,1,1,4.09
5,1,0,0,-1.09
3,0,0,0,-2.14
17,3,2,0,4.51
14,3,2,0,3.81
54,4,4,0,5.0
46,4,6,0,5.0
4,0,0,0,-2.17
41,8,2,3,4.9
8,2,0,0,0.49
1,0,0,0,-2.57
44,9,8,2,4.95
21,5,0,0,4.41
1,1,0,0,-2.23
2,2,1,0,-0.29
22,1,1,0,3.95
2,2,1,0,-0.41
2,0,1,1,-0.12
13,2,1,0,2.78
4,0,0,0,-1.95
13,0,2,0,2.72
15,1,2,0,3.27
44,3,5,2,5.0
16,4,1,0,3.79
1,0,0,0,-2.71
15,3,2,0,4.22
14,5,1,0,4.27
1,0,0,0,-2.6
39,10,5,1,4.76
11,3,0,0,2.15
2,0,1,0,-1.32
46,5,3,3,5.0
5,1,0,0,-1.0
3,1,0,0,-1.42
1,0,0,0,-2.71
4,0,0,0,-1.81
13,2,2,0,3.31
1,1,1,0,-1.6
12,2,1,0,2.56
3,0,0,0,-2.15
19,3,2,0,4.27
3,0,0,0,-2.25
9,4,1,2,4.07
17,1,1,0,3.15
2,1,0,0,-2.14
17,5,3,0,4.56
5,0,0,0,-1.94
2,2,0,0,-1.38
11,0,2,0,2.18
2,0,0,0,-2.4
41,6,7,1,5.0
2,1,0,0,-2.05
18,1,4,0,4.34
44,7,9,0,4.87
23,4,2,0,4.81
43,8,6,3,5.0
4,0,0,0,-1.97
1,0,0,0,-2.45
21,2,2,1,4.68
3,0,0,1,-0.74
2,0,0,0,-2.5
41,7,8,2,4.98
3,1,0,1,-0.1
4,0,0,0,-2.37
2,1,0,0,-1.84
4,0,0,0,-1.79
19,1,2,1,4.69
13,2,4,0,4.26
2,0,0,0,-2.76
21,2,2,0,4.5
5,0,0,0,-1.84
34,3,7,1,5.0
51,7,6,3,5.0
1,1,0,0,-2.43
40,7,5,0,5.0
19,4,2,1,4.74
36,3,3,1,4.79
46,9,3,2,5.0
56,6,1,1,4.88
5,0,0,0,-1.98
44,4,6,1,5.0
15,2,0,0,2.74
3,0,0,0,-2.07
4,1,0,0,-1.06
5,0,0,0,-1.57
5,1,0,0,-0.85
2,1,0,0,-1.77
24,0,5,0,4.73
2,1,0,0,-1.95
17,4,3,1,4.8
3,1,0,0,-1.45
16,0,3,1,4.3
15,4,3,0,4.3
3,0,1,0,-1.22
5,2,0,0,-0.11
3,0,0,0,-2.13
47,3,6,2,4.83
3,1,0,0,-1.31
52,5,4,0,5.0
20,1,1,0,3.76
3,1,0,0,-1.53
14,5,2,0,4.3
1,0,0,0,-2.99
43,5,5,1,5.0
6,1,0,0,-0.52
1,0,0,0,-2.48
1,0,0,0,-2.7
2,0,0,0,-2.35
2,2,1,0,-0.31
11,0,2,2,4.3
17,1,1,0,3.29
2,0,0,0,-2.47
48,6,4,3,4.93
4,0,0,0,-1.89
5,0,0,0,-1.48
22,0,1,1,4.61
5,0,0,0,-1.64
5,0,0,0,-1.67
15,0,1,1,3.2
19,0,1,1,4.02
19,0,0,1,3.48
4,1,0,0,-0.92
16,1,0,0,2.47
3,0,0,0,-2.4
15,3,1,0,3.63
16,1,3,1,4.57
2,0,0,0,-2.27
4,1,0,0,-1.26
14,9,2,0,4.94
3,0,0,0,-2.14
6,1,0,0,-0.74
19,1,2,0,3.86
57,4,3,0,4.82
64,4,6,2,4.99
1,0,0,0,-2.68
1,0,1,0,-2.24
59,5,4,0,4.77
3,2,0,0,-0.94
16,1,4,0,4.25
44,2,6,3,4.97
21,2,1,0,4.14
2,0,0,0,-2.63
1,0,0,0,-2.76
15,3,0,1,3.98
3,0,0,0,-2.11
18,0,1,1,3.98
3,1,0,0,-1.37
2,1,0,0,-1.66
5,0,0,0,-1.61
1,0,0,0,-2.8
4,0,0,0,-1.73
6,0,0,0,-1.44
3,0,0,0,-2.3
17,3,1,1,4.36
16,4,2,0,4.51
40,6,7,1,4.91
5,0,0,0,-1.37
14,3,1,0,3.76
45,2,5,0,4.73
12,4,1,0,3.35
10,2,2,1,3.95
10,4,1,0,3.09
19,2,0,0,3.66
4,0,0,0,-2.09
12,0,1,1,2.8
1,0,0,0,-2.53
7,0,1,0,-0.1
8,4,0,0,1.74
17,1,0,0,2.62
24,1,0,0,4.16
2,1,0,0,-1.83
50,3,6,0,4.94
5,0,0,0,-1.76
2,0,0,0,-2.53
10,3,3,0,3.75
18,4,2,1,4.89
3,1,0,0,-1.74
4,0,0,0,-2.06
4,1,0,0,-1.25
3,0,1,0,-1.03
18,1,3,1,4.69
2,0,0,0,-2.35
16,1,1,1,3.99
9,1,1,0,1.46
50,4,3,6,4.8
4,0,0,0,-2.17
57,8,9,1,5.0
13,4,1,0,3.62
4,0,0,0,-1.97
15,0,2,0,3.1
4,0,0,0,-1.85
4,0,0,0,-1.71
2,0,0,0,-2.34
2,0,1,0,-1.65
4,0,0,0,-1.84
2,1,0,0,-1.91
20,3,3,0,4.5
3,0,0,0,-2.4
2,1,0,0,-1.67
13,0,1,0,1.97
1,0,0,0,-2.77
2,0,0,0,-2.23
17,2,3,0,4.42
4,1,0,0,-1.21
17,1,0,0,2.79
2,0,1,0,-1.59
1,1,0,0,-2.19
47,4,0,2,5.0
6,0,0,0,-1.29
24,3,2,1,5.0
15,4,0,0,3.63
4,1,0,0,-1.2
4,0,1,0,-0.94
22,1,1,1,4.36
2,0,0,0,-2.64
5,0,0,0,-1.6
4,1,0,0,-1.42
20,3,1,0,4.47
41,6,10,1,4.73
0,0,0,0,-3.08
18,0,2,1,4.31
4,0,0,0,-1.79
49,8,5,3,4.76
40,6,6,2,4.77
10,2,0,1,2.51
20,2,1,0,4.22
3,1,0,0,-1.59
8,3,2,1,4.01
4,0,0,0,-1.9
17,3,1,1,4.4
39,6,3,3,5.0
4,0,0,0,-1.66
19,1,1,0,3.56
11,2,1,1,3.49
14,4,2,1,4.53
4,0,0,0,-2.02
34,3,3,1,5.0
12,6,2,1,4.59
3,0,0,0,-2.19
5,0,0,0,-1.55
8,0,0,0,-0.48
16,2,0,0,3.12
1,1,0,0,-2.33
1,0,0,0,-2.56
3,0,0,0,-2.15
17,1,2,2,4.71
39,12,4,1,4.84
46,6,5,0,5.0
2,0,0,0,-2.36
48,6,6,2,4.88
1,0,0,0,-2.95
50,6,1,1,4.96
13,0,1,0,1.98
3,0,0,0,-2.38
37,6,8,2,4.62
48,5,7,2,4.99
6,1,0,0,-0.76
2,0,0,0,-2.64
3,0,0,0,-2.27
14,2,2,1,4.28
16,4,0,3,4.63
4,0,2,0,0.3
39,8,4,0,5.0
14,4,2,0,4.34
10,1,3,1,3.99
2,1,0,0,-2.14
4,1,0,0,-1.22
14,3,1,0,3.48
15,2,5,0,4.63
4,1,0,1,0.24
21,2,4,0,4.67
15,1,0,0,2.4
7,0,0,0,-1.02
17,1,0,0,2.54
4,0,1,0,-1.1
3,0,1,0,-1.13
1,0,0,0,-2.49
3,0,0,0,-2.11
2,0,0,0,-2.38
1,0,0,0,-2.51
12,1,2,0,2.91
2,0,0,0,-2.53
15,1,1,0,2.57
2,0,0,0,-2.49
17,3,1,2,4.68
3,0,0,0,-2.0
12,2,3,1,4.29
1,0,0,0,-2.74
49,7,2,1,4.73
22,1,2,1,4.74
3,2,0,0,-0.89
6,0,1,0,-0.36
17,1,0,0,2.68
51,6,5,2,5.0
5,0,0,0,-1.18
16,2,0,0,2.95
15,5,1,2,4.59
21,2,1,1,4.32
59,9,5,2,5.0
2,0,0,0,-2.18
16,1,3,0,4.29
23,2,2,0,4.7
1,0,1,1,-0.33
3,0,0,0,-2.36
19,1,1,0,3.86
16,5,2,1,4.56
4,0,0,0,-1.97
20,3,1,2,4.61
4,0,0,1,-0.61
11,4,2,0,3.6
54,5,8,0,4.8
5,0,0,0,-1.61
15,1,4,0,4.16
3,2,0,0,-0.69
19,1,1,0,3.51
3,0,2,0,-0.54
7,4,2,0,3.38
1,0,0,0,-2.44
1,0,0,0,-2.79
9,1,3,0,3.06
13,3,1,1,4.27
18,3,1,0,3.86
16,2,4,0,4.51
12,2,2,0,3.07
43,5,4,3,4.96
13,3,1,0,3.34
9,1,1,1,2.73
3,0,0,0,-2.2
11,2,2,0,3.06
46,8,3,2,4.91
51,6,2,5,4.79
19,0,1,2,4.68
11,1,2,1,3.94
20,2,0,1,4.46
5,0,0,0,-1.45
4,2,2,0,1.37
15,0,0,1,2.98
23,0,1,0,4.14
18,1,2,0,3.77
18,3,1,1,4.62
5,0,0,0,-1.6
19,0,3,1,4.47
44,4,6,2,4.91
17,2,1,2,4.63
13,3,1,1,4.07
15,2,0,1,3.75
14,2,5,0,4.52
4,0,0,0,-1.9
11,0,2,0,2.29
33,11,6,3,4.91
17,2,2,0,4.14
4,0,1,0,-0.83
2,1,0,0,-1.78
41,7,3,2,5.0
13,1,1,0,2.19
2,0,1,0,-1.65
4,0,0,0,-1.87
4,0,0,0,-1.82
5,0,0,0,-1.85
15,2,0,0,2.67
43,6,9,2,5.0
56,7,3,4,5.0
38,8,4,3,4.88
13,0,3,1,3.91
20,0,1,0,3.47
0,0,1,0,-1.7
3,0,0,0,-1.98
3,0,0,0,-1.98
16,2,1,0,3.4
2,1,0,0,-1.86
5,0,0,0,-1.53
2,1,0,0,-1.83
36,4,2,3,4.79
1,0,0,0,-2.95
2,0,0,0,-2.28
21,6,0,1,4.58
17,0,2,1,4.14
2,0,1,0,-1.75
2,1,0,0,-2.04
29,0,2,0,4.58
17,4,1,1,4.45
16,2,1,1,4.34
38,8,3,2,5.0
21,3,0,1,4.49
3,0,0,0,-2.23
18,1,2,0,3.96
16,2,1,0,3.57
4,2,0,0,-0.89
55,6,6,1,5.0
15,1,1,1,3.84
3,1,0,0,-1.65
1,0,0,0,-2.9
21,1,1,1,4.28
41,3,1,0,5.0
14,0,0,1,2.7
17,4,0,0,3.84
0,1,0,0,-2.54
14,4,0,0,3.48
40,4,8,2,4.95
4,0,0,0,-2.06
5,0,0,0,-1.56
2,0,0,0,-2.64
2,0,0,0,-2.41
1,0,0,0,-2.58
5,0,0,0,-1.88
1,0,0,0,-2.54
22,1,0,1,3.97
14,1,1,1,3.78
34,6,7,1,5.0
13,4,0,1,4.05
6,0,0,1,0.17
1,1,1,0,-1.57
3,0,0,0,-2.08
17,3,2,0,4.04
2,0,0,0,-2.39
3,0,1,0,-1.11
11,2,2,0,3.11
11,3,3,1,4.42
1,0,0,1,-1.39
14,1,3,0,3.97
5,0,0,0,-1.63
20,1,2,0,4.24
51,5,3,0,4.72
4,0,0,0,-1.98
4,1,0,0,-1.35
2,1,1,0,-1.08
3,1,0,0,-1.66
47,5,3,0,4.98
20,1,2,1,4.56
1,0,0,0,-2.84
14,1,3,0,3.94
57,2,8,1,4.92
62,5,2,2,5.0
9,4,1,0,3.2
0,0,0,1,-1.59
3,1,1,0,-0.7
14,4,0,0,3.37
50,10,4,2,4.95
45,8,4,2,4.98
1,1,0,0,-2.03
21,1,1,1,4.28
1,0,0,0,-2.74
11,1,3,0,3.37
2,0,0,1,-1.1
1,1,0,0,-2.17
3,0,1,0,-1.38
2,0,0,0,-2.33
4,0,0,0,-1.95
10,3,1,0,2.79
49,8,3,4,4.87
17,0,1,0,2.79
3,0,0,0,-1.95
2,0,0,0,-2.68
13,3,0,1,3.57
13,3,2,0,3.78
43,3,2,2,4.7
12,3,1,2,4.38
9,2,2,1,3.35
5,0,0,0,-1.58
41,7,6,1,5.0
48,6,6,0,4.65
5,1,0,0,-1.03
17,1,1,0,3.27
2,0,0,0,-2.51
21,2,2,1,4.56
14,5,1,0,4.14
17,2,3,0,4.17
4,0,1,1,0.75
6,0,0,0,-1.14
21,4,3,1,4.79
2,0,2,0,-0.78
2,0,0,0,-2.43
2,0,0,0,-2.28
14,1,5,0,4.17
32,6,2,0,4.9
4,0,0,0,-1.92
16,0,0,1,3.2
13,1,1,0,2.43
2,1,1,0,-0.94
40,6,6,1,5.0
2,0,0,0,-2.46
2,1,2,0,0.08
20,0,0,0,2.91
2,0,0,0,-2.41
15,3,0,1,3.94
2,1,0,0,-1.96
3,0,0,1,-0.53
1,0,1,0,-1.71
11,3,1,0,2.88
0,1,0,0,-2.61
4,0,0,0,-1.76
3,1,0,0,-1.74
40,8,4,0,5.0
52,4,5,2,5.0
3,0,0,0,-2.17
12,1,2,0,2.79
2,1,0,0,-1.88
16,1,3,0,4.04
6,0,1,0,-0.39
13,5,5,0,5.0
14,2,3,0,4.13
4,1,0,0,-1.19
5,0,0,0,-1.8
2,1,0,0,-1.69
6,0,0,0,-1.44
5,0,0,0,-1.64
2,0,0,0,-2.43
1,0,1,0,-1.79
4,0,1,0,-0.81
3,0,0,0,-2.12
0,0,0,0,-2.82
3,0,0,0,-2.52
44,4,3,0,5.0
3,0,1,0,-1.27
36,8,4,3,4.98
2,0,0,0,-2.4
4,1,2,0,0.69
1,0,0,1,-1.22
21,2,2,0,4.27
3,0,0,0,-2.2
5,0,0,0,-1.76
1,0,0,0,-2.59
17,4,1,0,4.25
5,0,0,0,-1.68
1,1,0,1,-0.9
49,12,4,2,4.71
4,0,0,0,-1.83
14,1,3,0,3.9
21,2,3,0,4.55
28,2,3,1,4.81
18,2,3,0,4.14
5,0,0,0,-1.98
1,0,0,0,-2.49
3,0,0,0,-2.23
0,0,0,0,-2.84
3,1,1,1,1.06
55,6,7,4,4.87
17,1,2,0,3.75
5,0,1,0,-0.45
1,1,0,0,-2.26
32,4,6,3,5.0
39,4,7,2,5.0
21,0,2,0,4.22
13,3,1,1,4.18
3,0,0,0,-2.35
15,1,1,0,3.02
3,0,0,0,-2.3
1,0,0,0,-2.78
17,0,1,1,3.65
42,4,6,3,5.0
54,6,4,4,4.96
1,0,0,0,-2.38
1,0,0,0,-2.46
1,0,1,0,-1.99
1,0,0,0,-2.86
10,1,2,1,3.45
12,4,2,0,4.0
3,0,0,0,-2.2
11,1,1,0,1.99
3,0,0,0,-2.45
12,2,3,0,4.01
45,5,5,1,5.0
4,0,0,0,-2.17
13,2,0,0,2.27
19,3,3,0,4.63
4,0,0,0,-1.83
16,2,3,0,3.93
38,8,4,2,4.7
1,0,0,1,-1.31
18,4,2,0,4.4
4,0,0,0,-1.99
44,6,7,1,5.0
13,2,0,1,3.5
2,0,0,0,-2.61
41,9,5,1,5.0
52,6,10,2,4.88
3,0,2,0,-0.31
57,8,4,2,4.96
0,1,0,0,-2.35
12,4,0,1,3.59
2,0,1,0,-1.51
16,4,2,0,4.23
3,0,0,0,-2.33
11,4,4,0,4.36
16,0,2,0,3.52
11,2,1,1,3.52
3,3,0,0,-0.31
1,0,0,0,-2.54
5,0,0,0,-2.04
18,3,3,0,4.36
9,0,0,0,-0.36
12,1,1,0,2.29
3,0,0,0,-2.12
1,0,0,0,-2.64
17,2,3,2,4.84
4,0,0,0,-1.62
2,0,0,0,-2.26
3,0,1,0,-1.29
4,0,1,0,-0.94
1,0,0,0,-2.65
48,5,4,2,4.46
18,2,1,2,4.51
14,4,0,1,4.04
12,2,0,0,2.04
39,4,2,2,5.0
0,0,0,0,-2.83
19,1,1,1,4.13
7,1,1,0,0.6
12,2,0,0,1.63
4,0,0,0,-1.8
48,5,2,1,4.91
9,3,0,0,1.46
17,3,1,1,4.47
50,7,6,0,5.0
2,0,0,0,-2.34
2,0,0,0,-2.43
15,1,0,1,3.16
20,2,2,0,4.35
2,0,0,0,-2.39
12,2,3,0,3.73
5,0,0,0,-1.5
1,1,0,0,-2.33
20,1,1,1,4.16
49,6,8,1,4.88
15,0,1,0,2.34
3,0,0,0,-2.12
1,0,0,0,-2.49
3,1,0,0,-1.47
3,1,0,0,-1.71
2,0,0,0,-2.56
40,3,4,3,4.89
15,1,2,0,3.42
47,8,3,3,5.0
4,0,0,0,-1.71
3,0,0,0,-1.99
19,3,1,0,4.26
18,1,1,1,4.23
11,0,1,1,2.84
54,4,7,0,5.0
51,10,3,4,4.99
37,5,6,0,5.0
6,0,0,0,-1.4
1,0,0,0,-2.59
4,1,0,1,0.2
15,1,0,1,3.28
1,0,0,0,-2.44
20,3,1,0,4.46
4,0,0,0,-1.85
1,1,0,0,-2.38
12,3,1,0,3.07
5,0,1,0,-0.53
3,0,0,0,-2.09
15,1,1,0,2.89
14,1,1,2,4.45
54,11,6,1,5.0
3,0,0,1,-0.66
3,0,1,0,-1.17
13,3,1,0,3.35
7,1,1,0,0.7
11,2,1,2,4.03
2,2,0,0,-1.39
16,2,1,2,4.55
42,5,3,2,5.0
45,6,11,1,4.87
40,7,5,1,4.86
13,2,0,1,3.33
14,0,3,1,4.45
18,3,1,1,4.69
47,7,3,0,4.9
13,0,5,0,4.08
1,0,1,0,-1.86
1,0,0,0,-2.75
5,0,0,0,-1.34
16,3,0,0,3.4
41,6,4,0,4.83
1,0,0,0,-2.73
1,0,0,0,-2.62
5,1,1,0,0.08
5,0,0,0,-1.59
8,0,0,0,-0.71
18,1,1,3,4.9
2,0,0,0,-2.22
14,2,0,0,2.56
5,0,0,0,-1.6
5,0,0,0,-1.77
2,0,1,0,-1.63
55,6,2,2,4.78
14,1,1,0,2.74
1,0,0,0,-2.6
4,2,0,0,-0.54
3,2,0,0,-0.81
21,3,3,0,4.72
11,1,1,1,3.29
46,8,5,3,4.93
16,3,0,0,3.32
3,2,0,0,-0.75
46,3,1,2,5.0
21,0,2,0,4.18
4,0,0,0,-1.7
2,0,1,0,-1.65
15,3,2,0,4.12
9,1,0,0,0.58
3,0,0,0,-1.86
17,1,0,2,4.23
20,3,3,0,4.51
43,8,6,0,5.0
1,0,0,0,-2.85
45,10,8,0,5.0
2,1,0,0,-1.96
16,1,5,1,4.76
46,3,2,2,5.0
3,0,0,0,-2.04
6,0,0,0,-1.0
3,0,0,0,-1.83
12,1,1,0,2.13
10,4,1,0,3.12
2,0,0,0,-2.49
4,0,0,1,-0.38
41,5,5,1,4.99
23,2,1,1,4.68
2,1,1,0,-1.16
1,1,0,0,-2.13
15,1,2,0,3.53
9,1,1,1,2.66
10,4,0,0,2.32
13,5,0,0,3.65
19,2,2,0,4.39
2,2,1,0,-0.37
4,0,0,0,-2.0
1,0,0,0,-2.66
5,1,0,0,-1.13
6,0,0,0,-1.33
14,4,1,0,3.81
39,8,6,4,4.78
4,0,0,0,-2.01
4,0,0,0,-2.11
3,0,0,0,-2.27
26,2,0,1,4.61
3,0,0,0,-2.2
17,0,1,1,3.95
19,1,2,2,4.87
16,4,3,0,4.66
14,0,3,2,4.27
14,4,1,1,4.39
1,0,0,0,-2.77
1,0,0,0,-2.82
35,5,3,0,5.0
6,0,0,0,-1.26
47,8,6,3,5.0
21,5,2,0,4.6
3,1,0,0,-1.42
60,1,2,1,5.0
16,2,3,0,4.09
49,2,5,1,4.92
2,0,0,0,-2.52
3,0,0,0,-2.21
13,3,1,0,3.36
3,0,0,0,-2.32
2,0,0,0,-2.22
3,0,0,0,-1.99
5,0,0,0,-1.72
48,4,6,2,4.86
18,0,0,0,2.64
46,7,4,0,4.94
17,4,2,0,4.28
4,0,0,0,-1.85
0,0,1,0,-2.05
18,2,1,0,3.69
0,0,0,0,-2.93
4,0,0,0,-2.01
18,1,2,1,4.66
2,0,1,0,-1.75
4,0,0,0,-2.08
10,4,1,1,3.95
3,2,0,0,-1.06
14,3,1,0,3.6
18,2,0,0,3.4
11,1,1,2,3.57
4,1,1,0,-0.13
19,3,1,0,4.33
1,0,1,0,-1.74
47,8,8,3,5.0
5,0,0,0,-1.56
38,6,6,2,4.78
8,2,1,0,1.68
21,1,3,0,4.58
1,0,0,0,-2.48
44,13,3,1,5.0
13,1,2,0,3.41
7,0,0,0,-1.15
10,2,0,1,3.08
43,6,6,1,4.84
11,0,0,0,0.23
1,1,0,0,-2.05
9,3,3,1,4.23
20,4,1,0,4.79
13,3,0,1,3.67
1,1,0,0,-2.14
49,6,5,0,5.0
4,0,0,0,-1.89
1,0,0,0,-2.59
3,0,0,0,-2.38
1,0,0,0,-2.44
2,1,0,0,-2.01
1,1,0,0,-2.38
1,0,0,0,-2.78
16,0,1,1,3.92
17,2,0,0,3.03
6,2,0,0,-0.14
3,0,1,0,-1.51
40,8,1,2,4.85
2,0,0,0,-2.48
38,6,4,1,4.91
4,0,1,0,-0.87
16,2,4,0,4.45
5,0,0,1,-0.14
1,0,1,0,-1.71
14,6,1,0,4.2
14,1,0,0,1.99
17,2,0,1,4.04
43,3,8,3,4.95
10,5,1,0,3.48
5,0,0,0,-1.61
1,1,1,0,-1.17
4,0,0,0,-2.03
10,2,1,1,3.26
17,2,2,1,4.71
42,4,2,0,5.0
1,0,0,0,-2.5
12,2,4,0,3.99
4,0,1,0,-0.74
18,2,0,0,3.43
5,0,0,0,-1.48
4,0,0,0,-2.03
16,0,0,1,3.29
46,7,6,3,4.79
12,2,1,2,4.31
57,9,5,1,4.99
49,4,7,0,5.0
3,0,0,0,-2.13
18,5,1,0,4.6
20,3,0,1,4.56
1,1,1,0,-1.07
42,5,5,2,5.0
17,0,2,0,3.39
14,2,1,2,4.5
13,5,3,1,4.59
30,7,7,3,5.0
3,1,0,0,-1.39
1,0,0,0,-2.86
44,3,7,4,5.0
18,1,1,2,4.46
4,0,0,0,-2.14
19,1,2,0,3.94
3,1,0,0,-1.32
0,0,0,0,-3.02
2,0,0,0,-2.78
21,0,2,0,3.88
19,0,4,0,4.57
17,3,1,1,4.56
2,0,0,0,-2.51
42,7,6,1,5.0
4,2,0,0,-0.58
4,0,0,0,-1.96
1,0,0,0,-2.5
10,2,0,1,2.62
13,2,2,1,4.17
15,4,2,0,4.09
44,8,4,2,5.0
10,4,1,1,4.08
2,1,0,0,-1.95
4,0,0,0,-1.94
4,0,0,0,-2.24
21,3,0,0,4.21
1,1,0,1,-0.75
5,0,0,0,-1.72
10,2,4,0,3.85
15,1,2,0,3.26
11,2,0,0,1.57
2,0,0,0,-2.62
6,0,0,1,0.27
5,0,0,0,-1.55
2,0,1,0,-1.68
16,4,1,1,4.41
14,1,2,0,3.61
13,1,2,0,2.93
43,3,5,0,4.94
16,3,1,0,3.89
39,4,5,2,5.0
2,2,0,0,-1.49
16,0,1,0,2.75
5,0,0,0,-1.67
3,1,1,0,-0.45
47,5,3,0,5.0
16,2,1,1,4.2
52,3,2,0,5.0
3,0,0,0,-2.18
6,0,1,0,-0.45
2,1,0,0,-2.1
18,4,3,1,4.72
7,0,0,1,0.84
4,1,0,0,-1.43
44,3,5,1,5.0
15,0,1,0,2.36
7,1,3,1,3.54
4,0,0,0,-1.95
18,1,0,1,3.69
41,4,5,0,4.87
19,1,1,0,3.78
1,0,0,0,-2.71
0,1,0,1,-0.87
5,0,0,0,-1.72
2,0,0,0,-2.35
10,3,3,0,3.68
3,0,0,0,-2.44
4,0,0,0,-1.93
5,0,0,0,-1.47
17,0,2,0,3.6
43,8,6,3,4.89
7,0,2,0,1.04
14,2,0,0,2.47
3,0,3,0,0.6
55,10,7,0,4.99
4,0,0,0,-1.74
8,1,0,0,-0.05
5,0,0,0,-1.72
3,0,0,0,-2.14
52,8,6,1,4.82
1,0,0,0,-2.71
3,0,0,0,-2.11
2,0,0,0,-2.42
6,0,1,0,-0.37
16,1,3,0,4.09
42,5,3,3,5.0
2,1,0,0,-1.73
13,2,0,0,1.89
20,1,2,0,3.99
2,0,0,0,-2.55
17,2,1,1,4.46
15,4,1,2,4.71
3,0,0,0,-2.25
2,0,0,0,-2.52
12,1,2,0,2.86
47,6,5,1,4.96
5,0,0,0,-1.63
3,0,0,0,-2.22
57,6,4,2,5.0
3,0,0,0,-2.12
9,3,1,1,3.28
24,1,1,1,4.75
3,0,0,2,1.07
19,1,0,1,3.88
15,2,0,0,2.65
2,1,0,0,-1.91
18,1,2,0,4.14
2,1,0,1,-0.3
33,10,4,3,5.0
1,1,0,0,-2.25
18,2,1,0,3.73
6,0,0,0,-1.3
4,0,0,0,-2.03
4,0,0,0,-1.94
38,10,4,2,4.9
1,1,0,0,-1.98
20,4,1,0,4.47
3,1,0,0,-1.81
5,0,0,0,-1.74
2,0,0,0,-2.42
45,8,7,0,4.89
2,0,0,0,-2.37
3,1,0,0,-1.56
3,2,0,0,-1.2
2,0,2,0,-0.68
43,6,1,1,5.0
3,0,0,0,-2.05
15,1,3,1,4.37
2,0,1,0,-1.57
3,0,0,0,-2.22
3,0,0,0,-2.18
52,6,4,4,5.0
44,6,3,2,5.0
16,2,1,1,4.21
14,3,1,1,4.03
5,0,1,0,-0.74
3,0,1,0,-1.22
2,0,1,0,-1.72
14,2,5,1,4.82
4,0,0,0,-1.71
15,3,0,1,4.09
17,1,0,0,2.79
46,6,7,1,5.0
2,0,0,0,-2.58
4,0,0,0,-2.34
13,3,2,0,3.77
15,2,3,0,4.01
16,3,0,0,3.2
1,0,0,0,-2.87
35,8,6,2,5.0
9,3,1,0,2.46
17,4,1,0,4.13
46,8,5,3,4.99
3,0,0,0,-2.29
16,6,2,0,4.57
5,1,1,1,1.58
3,0,0,0,-2.22
14,2,2,0,3.69
48,6,1,1,5.0
1,1,1,0,-1.42
18,1,3,0,4.36
23,2,2,0,4.55
3,0,0,1,-0.44
12,2,3,0,3.75
3,0,0,0,-2.04
17,3,2,0,4.32
11,3,1,0,3.02
7,1,1,0,0.89
2,0,0,0,-2.66
15,1,2,0,3.36
8,1,1,0,1.02
37,6,5,1,5.0
48,5,3,0,5.0
19,0,1,1,4.1
19,1,1,0,3.5
2,0,0,0,-2.44
13,3,3,0,4.13
10,3,0,1,2.92
0,0,1,0,-2.12
49,5,11,2,5.0
16,1,1,0,3.24
19,2,3,0,4.35
14,0,1,0,2.18
60,5,5,3,4.9
5,1,0,0,-0.78
33,5,4,3,5.0
3,0,0,0,-1.97
4,0,0,0,-1.85
2,0,0,0,-2.46
1,0,0,0,-2.87
4,0,0,0,-1.83
2,1,0,0,-2.02
5,0,0,0,-1.73
10,2,2,0,2.99
12,1,2,0,3.05
1,0,1,0,-1.91
1,0,0,0,-2.83
1,0,0,0,-2.66
16,2,1,1,4.47
14,1,3,0,3.76
6,0,0,0,-1.34
11,4,4,0,4.41
42,7,5,0,4.92
17,0,0,2,4.13
3,1,0,0,-1.47
2,0,0,0,-2.51
16,1,2,0,3.45
6,1,2,0,1.56
3,0,1,0,-1.1
19,0,1,1,4.25
1,0,0,0,-2.53
13,2,0,0,2.09
2,0,0,0,-2.56
2,0,0,0,-2.24
24,3,2,0,4.58
20,2,4,0,4.4
14,2,3,1,4.57
15,2,2,0,3.87
2,0,0,0,-2.13
1,0,0,0,-2.82
14,0,1,1,3.26
12,1,1,0,2.12
3,0,0,0,-2.3
16,2,1,0,3.61
13,2,1,0,2.89
51,6,4,3,4.76
19,2,2,0,3.98
8,2,4,0,3.37
44,7,5,3,5.0
10,5,2,0,4.12
18,0,0,1,3.44
3,0,0,0,-1.95
2,0,0,0,-2.22
13,2,2,1,3.98
0,0,0,0,-3.17
15,2,0,2,4.2
4,0,0,0,-1.89
2,0,0,0,-2.75
22,2,2,0,4.27
11,0,1,0,1.4
5,0,0,0,-1.5
10,4,3,0,4.23
1,1,0,0,-2.42
16,1,0,0,2.25
2,0,0,1,-0.88
13,1,0,0,1.54
12,3,3,0,4.07
6,0,0,0,-1.25
4,0,0,0,-1.83
3,0,0,0,-2.08
13,1,1,1,3.26
8,3,2,0,2.77
4,0,0,0,-1.78
37,10,2,1,4.92
3,0,0,0,-1.81
17,3,1,0,4.06
4,0,0,0,-1.85
2,0,0,0,-2.56
15,1,1,2,4.32
17,1,1,0,3.33
48,6,3,4,5.0
0,0,0,1,-1.42
6,0,0,0,-1.28
5,0,0,0,-1.57
18,3,3,0,4.73
14,1,1,0,2.68
3,0,1,0,-1.33
13,2,3,0,3.95
2,0,0,0,-2.58
17,2,1,0,3.47
2,0,2,0,-0.72
3,0,0,0,-2.14
3,0,0,0,-1.98
35,5,4,2,4.9
15,2,1,0,3.51
1,0,0,0,-2.93
5,0,0,0,-1.61
1,0,0,0,-2.59
11,0,1,1,2.55
5,0,0,0,-1.47
11,2,1,1,3.32
2,0,2,0,-0.8
3,0,0,0,-2.29
14,4,1,1,4.52
16,0,1,0,2.82
23,2,3,0,4.72
13,2,2,2,4.67
5,0,0,0,-1.52
42,2,6,1,5.0
21,1,2,2,4.71
5,0,0,0,-1.74
4,0,0,0,-1.95
45,5,9,1,5.0
5,0,0,0,-1.59
2,0,0,0,-2.55
3,0,0,0,-1.86
3,0,0,1,-0.53
6,0,1,0,-0.38
2,0,0,0,-2.41
3,0,0,0,-2.25
37,3,2,2,5.0
10,1,0,1,2.06
2,1,0,0,-1.94
52,12,3,1,4.92
15,2,0,1,3.67
37,5,3,3,4.95
18,1,0,0,3.0
2,1,0,0,-1.99
18,1,3,0,4.25
4,0,0,0,-1.9
4,0,0,0,-1.66
43,4,5,0,5.0
10,1,2,2,4.32
34,4,5,2,5.0
4,0,0,0,-1.89
1,0,1,0,-1.85
36,8,4,2,4.97
15,3,1,0,3.75
31,6,7,2,5.0
1,0,0,0,-3.02
3,2,0,1,0.82
2,0,0,0,-2.19
21,2,0,0,4.0
2,0,1,0,-1.81
19,4,4,3,4.74
3,0,0,0,-2.12
2,0,0,0,-2.66
31,7,7,1,4.53
50,9,2,3,5.0
2,1,1,0,-0.75
2,0,0,0,-2.26
15,2,2,0,4.0
3,0,0,0,-2.24
17,3,3,0,4.47
14,1,3,0,3.7
3,0,0,0,-2.34
22,1,1,1,4.54
4,0,1,0,-0.9
3,0,0,0,-2.37
3,0,0,0,-2.4
3,0,1,1,0.36
0,0,0,0,-2.71
3,1,0,0,-1.66
14,2,1,0,3.35
4,0,1,0,-0.95
5,0,0,0,-1.67
1,0,0,0,-2.72
2,0,0,0,-2.5
55,7,4,0,4.97
3,0,0,0,-2.0
1,0,0,0,-2.91
19,4,0,0,3.92
6,0,0,0,-1.39
16,2,2,1,4.4
2,2,1,0,-0.43
6,0,1,0,-0.32
6,0,0,0,-1.27
2,0,0,0,-2.36
1,0,1,0,-1.73
4,1,0,0,-1.19
0,0,0,0,-2.66
32,6,7,1,5.0
2,0,0,0,-2.07
11,3,5,0,4.72
41,5,5,2,4.78
14,1,2,0,3.4
19,0,2,0,3.98
2,0,0,0,-2.53
25,2,1,1,4.6
5,0,0,0,-1.69
12,3,2,1,4.3
0,1,0,0,-2.22
35,6,8,3,5.0
1,2,0,0,-1.66
2,0,0,0,-2.54
1,1,0,0,-2.08
18,2,1,0,3.69
5,0,0,0,-1.84
50,4,2,3,4.97
41,10,3,1,4.75
1,1,0,0,-2.02
17,5,2,0,4.55
6,0,1,0,-0.42
50,3,9,3,5.0
1,0,0,0,-2.68
7,1,0,0,-0.57
3,1,0,0,-1.67
1,0,0,0,-2.9
1,1,0,0,-2.16
50,4,5,3,5.0
4,0,1,0,-0.75
42,4,7,4,5.0
9,1,1,0,1.16
1,0,0,0,-2.82
5,1,0,0,-1.08
13,4,0,1,4.02
3,1,0,0,-1.54
7,0,0,0,-1.1
46,3,6,4,5.0
42,7,7,2,5.0
3,0,0,0,-2.06
55,5,2,2,4.92
1,0,1,0,-2.18
2,0,2,0,-0.8
1,0,1,0,-1.88
14,1,2,1,3.95
1,0,0,0,-2.69
3,0,0,0,-2.21
1,0,1,0,-1.88
2,0,0,0,-2.57
5,1,0,0,-0.78
17,1,2,0,4.03
16,2,2,0,4.07
15,3,4,0,4.68
5,1,0,1,0.89
3,0,0,0,-2.42
51,8,7,1,4.67
50,3,3,1,5.0
1,0,0,0,-2.42
14,3,2,0,3.9
19,3,2,0,4.45
14,1,1,1,3.59
10,2,3,0,3.52
14,0,1,0,2.24
0,0,0,1,-1.4
12,1,4,0,4.14
4,0,0,0,-1.88
43,7,6,0,4.89
17,3,1,0,3.9
17,1,1,0,3.3
1,1,0,0,-1.97
4,0,0,0,-1.91
6,0,0,0,-1.16
50,5,7,3,5.0
2,0,0,0,-2.41
5,0,1,1,1.07
5,0,0,0,-1.66
25,2,3,1,4.97
2,0,0,0,-2.33
1,0,0,0,-2.62
19,3,1,0,3.97
5,1,1,0,0.13
12,4,0,2,4.6
10,2,3,1,4.16
22,5,0,0,4.27
4,0,0,0,-1.75
16,0,0,1,3.49
10,4,1,0,3.2
2,0,0,0,-2.78
17,4,2,0,4.69
15,2,2,0,3.7
2,0,0,0,-2.42
2,0,1,0,-1.45
10,2,1,1,3.5
14,3,0,2,4.44
48,10,11,6,5.0
23,0,0,0,3.58
36,6,3,4,4.86
11,1,0,1,2.33
4,0,0,0,-1.8
20,3,1,0,4.39
2,0,0,0,-2.49
1,0,0,0,-2.73
1,0,0,0,-2.73
47,6,2,0,4.91
55,6,5,1,5.0
3,0,0,0,-2.12
15,0,0,1,2.73
2,0,0,0,-2.52
3,2,1,0,-0.09
13,3,1,0,3.27
12,2,0,1,2.98
1,0,1,0,-1.93
16,3,1,0,3.56
17,3,4,0,4.61
15,3,3,0,4.45
12,2,1,1,3.7
4,0,1,0,-1.1
2,0,0,0,-2.45
10,1,1,0,1.67
21,2,1,0,4.04
50,4,9,1,4.96
14,1,6,1,5.0
15,5,1,1,4.66
43,5,4,2,5.0
39,4,6,0,5.0
4,0,1,0,-0.99
12,2,2,0,3.47
3,0,0,0,-2.37
2,0,0,1,-0.96
3,0,0,0,-2.3
13,4,1,1,4.11
2,1,0,0,-1.91
2,0,0,0,-2.57
43,6,2,4,5.0
2,0,0,0,-2.42
44,4,4,0,4.81
2,0,2,0,-0.77
3,2,1,0,0.15
5,2,3,0,2.54
1,0,0,0,-2.58
4,1,1,0,-0.12
13,0,1,0,1.96
3,0,0,0,-2.04
13,3,1,1,4.24
34,7,6,1,5.0
11,3,2,0,3.61
3,0,0,0,-2.27
9,0,0,0,-0.46
1,1,0,0,-2.23
0,0,0,0,-2.96
2,0,0,1,-0.97
1,0,0,0,-2.73
17,1,3,0,3.98
13,2,2,0,3.53
1,2,0,0,-1.7
5,0,0,0,-1.66
41,5,6,1,5.0
12,4,3,0,4.32
13,2,2,0,3.41
0,0,0,0,-2.83
3,0,0,0,-2.18
3,0,1,0,-1.38
2,0,0,0,-2.65
18,2,1,1,4.41
2,0,0,0,-2.43
19,2,2,1,4.32
9,3,1,0,2.54
4,1,0,0,-1.31
14,4,2,1,4.67
1,0,1,0,-1.93
57,5,5,3,5.0
0,1,1,0,-1.65
39,3,9,1,5.0
13,1,1,0,2.39
1,0,1,0,-1.97
3,0,1,0,-1.18
5,0,0,0,-1.15
38,5,7,5,5.0
3,0,0,0,-2.18
5,0,0,1,0.09
18,2,1,0,4.0
4,0,0,0,-1.73
18,1,2,1,4.69
5,0,0,0,-1.43
0,0,0,0,-2.94
12,2,2,1,4.19
15,1,0,0,2.0
1,0,0,0,-2.57
2,0,0,0,-2.61
2,0,0,0,-2.18
2,0,0,0,-2.67
45,6,6,0,4.77
4,0,0,0,-1.95
3,0,0,0,-2.16
4,0,0,0,-2.01
2,0,0,0,-2.47
24,3,2,1,4.79
19,2,5,0,4.63
18,2,4,1,4.86
4,0,1,1,1.01
4,2,1,0,0.27
11,0,0,0,0.33
12,2,3,0,3.63
4,0,1,0,-0.76
11,3,1,0,2.82
8,0,0,1,1.24
19,0,0,1,3.59
12,1,5,1,4.68
3,0,0,0,-2.09
1,0,1,0,-1.86
55,4,6,4,4.72
39,8,5,0,4.76
2,0,0,0,-2.3
3,0,1,0,-1.25
3,0,0,0,-2.23
2,1,0,0,-1.63
6,1,0,0,-0.49
1,0,1,0,-1.92
18,1,1,2,4.38
52,3,6,1,4.99
2,0,1,0,-1.44
18,4,1,1,4.54
21,0,4,2,4.88
9,1,0,0,0.26
3,0,0,0,-2.33
40,4,4,3,4.75
19,1,5,0,4.84
1,0,0,0,-2.82
41,10,8,1,4.98
14,1,2,1,4.13
3,0,0,0,-1.9
9,1,0,0,0.27
14,4,1,0,4.17
5,0,0,0,-1.88
14,1,3,1,4.65
3,0,0,0,-2.05
0,0,0,0,-3.08
1,0,1,0,-1.94
1,0,0,0,-2.53
2,0,0,0,-2.49
39,9,8,2,5.0
14,1,0,0,1.64
42,5,5,2,5.0
15,4,1,1,4.35
8,4,0,1,2.95
56,6,3,2,4.94
13,1,2,0,3.05
3,2,0,0,-1.03
2,1,0,0,-1.81
2,0,0,0,-2.55
43,6,5,1,4.88
1,1,1,0,-1.39
3,0,1,1,0.24
3,1,0,0,-1.41
2,2,0,0,-1.23
12,4,5,0,4.65
12,3,1,0,2.91
5,0,1,0,-0.55
0,1,0,0,-2.45
26,8,4,2,4.78
4,0,0,0,-1.98
3,1,0,0,-1.54
13,2,3,0,4.25
2,0,0,0,-2.39
3,0,0,0,-2.13
6,0,1,0,-0.41
0,1,1,0,-1.54
4,0,1,0,-0.87
2,0,0,0,-2.5
12,1,1,0,2.09
20,1,2,0,4.19
3,1,0,0,-1.62
3,0,0,0,-2.13
5,1,0,0,-0.66
3,0,0,0,-1.94
21,3,2,1,4.78
46,7,4,3,4.78
3,0,0,0,-2.25
1,0,1,0,-1.76
6,0,0,0,-1.25
45,7,10,0,4.67
1,1,0,0,-2.24
1,0,0,0,-2.56
11,2,0,1,2.86
18,1,1,0,3.41
17,2,1,1,4.27
2,0,1,0,-1.8
0,0,0,0,-3.02
4,0,0,0,-2.13
14,2,3,0,3.81
18,0,4,0,4.56
20,0,0,1,4.02
3,1,0,0,-1.51
6,0,1,0,-0.28
1,0,1,0,-2.16
1,0,1,0,-1.84
4,0,0,0,-2.12
5,0,0,0,-1.89
4,0,0,0,-2.22
2,0,0,0,-2.62
14,0,0,3,4.13
19,3,2,0,4.5
12,2,2,2,4.4
14,3,2,0,3.9
17,2,0,0,3.2
3,0,0,0,-2.55
4,1,0,1,0.19
6,1,0,0,-0.68
16,3,1,2,4.49
45,7,7,1,5.0
14,1,4,1,4.4
37,5,5,2,5.0
36,10,4,1,5.0
13,1,1,0,2.41
47,5,3,2,5.0
2,0,0,0,-2.45
2,0,0,0,-2.39
1,0,0,0,-2.57
3,0,0,0,-2.17
15,1,2,1,4.16
3,0,0,0,-2.2
16,1,1,0,3.21
2,0,0,0,-2.36
9,1,1,0,1.22
14,3,2,1,4.59
3,1,0,0,-1.4
3,1,0,0,-1.69
42,4,4,2,5.0
20,5,3,0,5.0
12,0,0,1,2.14
39,8,5,2,5.0
46,9,3,1,4.72
43,7,3,1,5.0
4,0,0,0,-2.11
1,1,1,0,-1.33
3,0,0,0,-2.21
2,0,0,0,-2.57
6,0,0,0,-1.06
20,3,2,0,4.44
4,0,0,1,-0.2
10,3,2,0,3.14
13,0,2,0,2.6
17,6,3,0,4.61
3,0,0,0,-2.47
5,0,0,0,-1.7
3,0,1,0,-1.13
3,1,0,0,-1.54
2,0,0,1,-0.95
3,0,0,0,-2.02
14,1,2,0,3.58
3,0,0,0,-2.36
3,0,0,0,-2.48
2,0,0,0,-2.53
16,1,3,1,4.82
9,3,1,0,2.44
3,1,1,0,-0.62
11,3,1,1,3.76
4,1,0,0,-1.23
4,0,0,0,-1.88
2,0,0,0,-2.43
9,0,0,0,-0.34
3,0,0,0,-2.16
3,0,0,0,-2.33
1,0,0,0,-2.74
45,4,4,1,4.97
16,2,4,1,4.68
15,2,1,0,3.66
2,0,1,0,-1.57
6,0,1,0,-0.3
1,0,0,0,-2.79
1,0,0,0,-2.8
18,3,1,0,4.03
5,0,0,0,-1.76
3,0,0,0,-2.37
5,1,1,0,-0.18
4,0,0,0,-1.64
16,2,2,1,4.21
14,2,5,0,4.67
16,5,1,0,4.33
1,0,0,0,-2.54
2,0,0,0,-2.14
7,1,1,0,0.77
13,2,3,0,3.95
5,0,0,0,-1.74
50,4,5,3,5.0
4,0,0,0,-1.75
43,2,1,0,5.0
44,6,2,1,4.74
18,3,1,0,4.24
4,0,0,0,-1.91
8,0,0,0,-0.43
29,8,5,1,5.0
12,2,2,0,3.63
1,0,1,0,-1.93
5,0,0,0,-1.46
19,2,1,0,3.95
21,4,0,0,4.32
33,7,2,3,4.76
15,5,0,0,3.94
8,2,3,0,2.79
1,0,0,0,-2.75
2,1,0,0,-1.89
0,0,1,0,-2.04
32,6,3,4,5.0
49,6,3,2,5.0
1,0,1,0,-2.06
10,1,1,1,2.94
1,0,1,0,-1.79
1,0,1,0,-2.0
42,5,5,1,4.85
2,0,1,0,-1.58
5,0,1,0,-0.99
3,0,0,0,-2.33
16,1,2,2,4.68
48,5,4,2,5.0
9,1,1,1,2.79
18,0,2,0,3.59
55,7,10,1,4.63
3,0,0,0,-2.07
19,1,2,1,4.58
3,1,1,0,-0.9
2,0,0,0,-2.53
12,1,3,0,3.42
10,1,1,0,2.12
20,1,1,0,3.55
3,0,2,0,-0.16
44,8,6,3,5.0
4,1,0,0,-1.11
3,0,0,0,-2.41
6,0,0,0,-1.25
3,1,0,1,0.14
2,1,0,0,-1.9
4,1,0,0,-1.45
57,2,8,6,5.0
6,0,0,0,-1.51
3,0,0,0,-2.16
2,0,0,0,-2.43
3,0,0,0,-2.05
14,5,1,0,4.04
2,0,0,0,-2.43
2,1,0,0,-1.65
47,6,6,1,4.76
11,3,1,0,3.02
5,0,0,0,-1.6
5,1,0,0,-1.16
7,1,1,0,0.66
23,6,0,0,5.0
13,2,0,1,3.36
15,1,3,0,4.16
2,0,0,0,-2.34
8,1,0,0,-0.09
17,2,0,0,3.15
2,0,0,0,-2.37
1,0,0,0,-2.68
4,0,0,0,-1.67
2,0,0,0,-2.48
50,9,7,1,5.0
55,9,4,2,4.98
3,0,1,0,-1.12
17,4,0,1,4.28
0,1,0,0,-2.51
9,4,3,0,4.0
2,0,0,0,-2.37
5,0,0,0,-1.49
15,2,2,0,3.73
1,0,0,1,-1.4
19,1,0,0,3.38
2,0,1,0,-1.48
3,0,0,0,-2.39
43,13,1,0,4.83
2,0,0,0,-2.57
18,2,1,1,4.52
2,0,0,0,-2.42
4,0,0,0,-2.03
17,3,0,0,3.56
14,4,3,1,4.9
21,1,4,0,4.8
52,6,3,0,5.0
55,5,6,5,4.74
0,0,0,0,-2.98
17,2,1,0,3.75
13,0,0,0,0.82
3,0,0,0,-1.99
2,1,0,0,-1.97
6,0,0,0,-1.34
2,0,0,0,-2.21
4,0,0,0,-2.02
15,2,1,0,3.29
3,0,0,0,-2.42
2,1,0,0,-1.76
17,1,2,1,4.81
43,4,2,1,4.76
2,1,0,0,-2.24
1,0,0,0,-2.57
4,0,0,0,-2.02
4,0,0,0,-1.93
13,4,4,0,4.74
15,0,3,0,3.58
4,0,1,1,0.58
5,0,0,1,-0.29
1,0,0,0,-2.45
4,4,2,1,3.46
4,1,0,0,-1.47
19,2,1,0,3.88
15,0,3,1,3.95
44,4,6,1,4.73
17,5,0,0,4.01
14,5,1,0,4.04
1,1,0,0,-2.05
11,0,1,0,1.41
15,4,1,1,4.41
3,0,0,0,-2.08
9,1,1,0,1.26
5,0,1,1,0.82
1,0,0,0,-2.56
4,3,1,0,0.65
3,0,0,0,-2.25
0,1,1,0,-1.77
5,1,1,0,0.16
2,0,0,0,-2.41
6,0,0,0,-1.6
42,5,6,0,5.0
18,2,0,0,3.33
4,0,0,0,-2.04
0,1,0,0,-2.54
2,0,0,0,-2.35
2,0,0,0,-2.31
10,2,2,0,2.86
12,1,0,0,1.38
4,1,0,0,-1.43
2,0,2,0,-0.41
0,0,0,0,-2.6
14,4,2,0,3.95
3,0,1,0,-1.09
16,3,5,0,4.94
4,0,1,0,-0.89
17,4,3,0,4.21
1,0,0,0,-2.5
15,4,5,0,4.79
3,1,1,0,-0.61
3,0,0,0,-2.22
20,0,0,0,2.84
2,0,1,0,-1.72
0,0,0,0,-2.92
15,3,3,2,4.77
14,1,1,0,2.88
6,0,0,0,-1.13
21,4,3,0,4.74
2,0,0,0,-2.54
40,3,3,0,5.0
0,0,0,0,-2.7
5,1,1,0,-0.27
4,0,0,0,-2.01
46,4,7,1,4.87
16,2,1,0,3.88
5,0,0,0,-1.54
18,2,1,0,3.87
13,4,3,2,4.8
6,4,0,0,1.23
9,2,0,2,3.35
1,0,0,0,-2.6
51,9,10,2,5.0
4,0,0,0,-1.95
5,0,0,0,-1.7
3,0,0,0,-2.63
12,2,0,0,1.83
20,1,3,2,4.73
17,6,2,1,4.73
12,0,1,0,1.59
55,6,4,1,4.93
2,0,0,0,-2.42
3,0,0,0,-2.09
5,0,0,0,-1.85
1,0,0,0,-2.68
18,2,3,0,4.3
5,2,0,0,-0.51
2,1,0,0,-1.87
43,7,4,1,4.92
4,0,0,0,-1.84
1,0,0,0,-2.71
3,1,0,0,-1.45
11,2,2,1,3.86
15,2,3,0,4.24
41,4,2,4,4.98
7,4,2,0,3.05
3,1,0,0,-1.53
13,3,1,1,4.09
20,3,0,0,3.74
16,4,2,0,4.31
6,0,0,1,0.48
5,0,1,0,-0.55
4,0,0,0,-1.72
4,1,0,0,-1.49
4,0,0,0,-1.88
1,0,0,0,-2.61
12,0,1,1,2.73
15,4,2,0,4.28
2,0,0,0,-2.28
3,0,0,0,-2.29
4,0,0,0,-1.91
3,0,0,0,-2.61
12,1,1,1,3.13
1,0,0,0,-2.5
4,1,1,0,-0.46
49,1,4,2,5.0
4,0,0,0,-1.7
37,6,5,1,4.93
5,1,0,0,-1.11
3,1,0,0,-1.37
56,2,8,1,4.99
0,1,0,0,-2.36
4,1,0,0,-1.37
4,0,0,0,-1.83
21,0,3,0,4.53
3,0,0,0,-2.34
2,0,0,0,-2.34
3,0,1,0,-1.16
44,6,6,0,4.84
5,2,0,0,-0.34
16,2,1,2,4.45
21,1,2,0,3.96
50,7,4,1,4.97
14,1,1,0,2.78
13,0,2,0,2.67
46,6,5,1,4.96
54,9,5,1,5.0
11,2,0,0,1.62
48,5,1,1,5.0
13,1,1,0,2.43
14,0,1,2,3.93
14,5,1,0,4.14
4,1,0,0,-1.32
4,0,0,0,-1.75
13,2,0,0,2.28
3,1,0,0,-1.75
19,4,1,0,4.59
9,5,1,0,3.31
1,0,2,0,-1.16
2,1,0,0,-1.99
44,6,6,4,4.97
3,1,0,2,1.75
13,1,1,1,3.18
2,0,0,0,-2.67
3,0,1,0,-1.44
7,0,0,0,-0.75
12,1,0,1,2.83
4,0,0,0,-2.02
50,3,6,1,4.89
19,1,0,0,3.26
1,0,0,0,-2.65
40,3,5,0,4.95
1,0,0,0,-2.78
42,10,7,1,4.93
18,1,1,0,3.46
17,3,2,2,5.0
2,0,0,0,-2.18
14,2,3,0,4.2
2,0,1,0,-1.62
52,8,1,1,5.0
1,0,0,0,-2.43
46,6,2,1,5.0
3,0,0,0,-2.38
36,8,8,0,5.0
38,8,6,0,5.0
1,0,1,0,-2.07
2,1,0,0,-1.76
2,0,0,1,-0.6
56,5,6,1,5.0
50,8,4,1,4.93
2,0,0,0,-2.31
10,0,1,1,2.51
3,1,0,0,-1.75
18,2,1,0,4.06
33,7,5,3,4.96
15,1,1,3,4.49
18,3,3,0,4.56
41,7,5,0,5.0
4,0,0,0,-1.79
1,0,0,0,-2.69
3,0,0,1,-0.73
16,1,3,0,4.12
23,2,1,0,4.31
51,5,4,2,4.61
51,5,5,2,4.74
15,3,3,1,4.62
8,1,0,1,1.59
4,1,0,0,-1.24
8,2,2,0,2.18
15,2,0,1,3.6
15,1,2,0,3.47
12,2,0,0,1.94
3,1,0,0,-1.39
43,2,5,4,5.0
8,2,1,0,1.41
17,1,0,1,3.82
0,0,1,0,-1.98
55,7,4,0,4.85
6,0,0,0,-1.24
5,0,1,0,-0.31
2,1,0,0,-1.7
16,2,2,0,3.86
21,4,4,1,5.0
2,0,1,0,-1.62
18,5,0,0,4.26
13,3,4,0,4.84
1,1,0,0,-2.12
17,2,4,0,4.77
40,3,4,1,5.0
3,0,1,0,-1.44
20,0,2,1,4.23
5,1,1,0,-0.33
21,1,1,0,3.94
48,10,10,0,5.0
15,2,0,2,4.1
2,0,0,0,-2.46
6,0,0,0,-1.22
3,1,0,0,-1.73
1,1,0,0,-2.18
2,2,0,0,-1.3
42,2,3,3,4.64
18,1,3,0,4.0
17,0,2,1,4.36
2,0,1,0,-1.66
58,4,2,4,4.98
18,2,2,0,4.15
39,5,4,1,4.78
9,1,1,0,1.36
1,0,0,0,-2.62
39,4,7,2,4.74
5,0,0,0,-1.54
1,1,0,1,-0.69
2,0,0,0,-2.45
2,0,1,0,-1.54
3,0,0,0,-2.13
2,0,0,0,-2.38
37,5,1,2,4.93
2,0,0,0,-2.39
48,4,7,2,5.0
6,0,0,0,-1.18
0,0,0,0,-3.04
5,0,0,0,-1.54
15,3,2,0,4.07
51,2,3,3,4.97
15,1,0,1,3.61
3,0,0,0,-2.09
1,0,1,0,-1.98
57,7,5,0,4.97
12,3,0,1,3.39
4,0,0,1,-0.33
4,0,0,0,-1.84
6,0,1,0,-0.07
6,0,0,0,-1.27
48,3,5,1,4.98
0,0,0,0,-2.92
12,3,2,0,3.76
6,0,0,0,-1.4
12,3,2,0,3.53
6,0,0,0,-1.35
2,0,1,0,-1.55
1,0,0,0,-2.35
51,10,5,3,4.77
2,2,0,0,-1.35
9,2,2,0,2.74
42,8,2,0,5.0
3,0,0,0,-2.15
16,4,1,0,3.82
17,5,0,0,3.89
5,0,0,0,-1.59
2,0,0,0,-2.52
39,0,4,2,5.0
46,7,4,3,4.94
13,1,1,1,3.41
1,0,0,0,-2.68
2,1,0,0,-1.83
2,0,0,0,-2.44
46,3,5,0,4.93
2,0,0,0,-2.65
40,10,4,0,4.75
3,0,0,0,-2.21
14,2,2,0,3.49
47,7,6,1,5.0
2,0,0,0,-2.54
3,1,1,0,-0.68
9,2,1,1,3.23
22,4,2,0,4.7
14,2,2,0,3.72
1,0,0,1,-1.26
17,5,1,0,4.26
29,8,9,2,4.9
12,3,0,2,4.4
4,0,0,0,-1.8
1,0,0,0,-2.75
34,5,6,0,4.93
43,6,2,0,5.0
10,3,1,0,2.72
1,0,0,0,-2.69
12,0,3,0,2.88
51,6,3,4,4.89
2,0,0,0,-2.3
3,0,0,0,-2.14
14,1,1,0,2.81
13,2,2,1,4.21
4,0,0,0,-1.87
1,0,0,1,-1.28
2,2,0,0,-1.23
3,0,0,0,-1.97
1,1,0,0,-2.2
1,0,0,0,-2.76
11,2,1,1,3.67
45,7,6,4,5.0
16,1,1,0,2.89
4,0,0,0,-1.7
15,4,0,0,3.78
3,0,1,0,-1.03
3,0,0,0,-2.15
17,4,0,0,3.66
12,3,3,1,4.33
4,0,0,0,-1.79
0,0,0,0,-2.91
2,3,0,0,-0.74
21,1,0,1,4.14
12,3,4,1,4.6
18,6,1,1,4.67
13,0,0,0,0.98
52,15,5,1,4.97
57,11,6,1,5.0
17,1,2,1,4.69
9,1,0,0,0.09
12,4,2,1,4.2
7,0,0,0,-0.98
2,0,0,0,-2.48
38,7,4,1,4.95
25,2,0,1,4.82
4,0,0,0,-2.03
19,2,1,1,4.58
13,1,2,1,4.18
3,1,0,0,-1.53
5,0,0,1,-0.08
1,1,0,0,-2.08
4,1,0,0,-1.15
12,0,1,0,1.76
14,1,1,1,3.73
5,0,0,0,-1.99
45,5,6,1,5.0
60,4,7,5,5.0
5,0,0,0,-1.46
14,4,0,0,3.35
1,0,0,0,-2.67
4,0,0,0,-1.89
1,2,0,0,-1.56
2,0,0,0,-2.33
17,1,0,0,2.55
17,2,2,0,4.22
2,0,0,0,-2.53
4,2,0,0,-0.82
40,6,6,0,4.88
38,6,6,3,4.96
47,8,7,3,5.0
1,0,0,0,-2.13
3,0,0,0,-2.18
3,0,0,0,-2.06
2,0,0,0,-2.27
6,0,0,0,-1.51
5,0,0,1,0.13
4,0,0,0,-1.6
16,0,1,0,2.48
12,1,2,1,3.95
14,2,1,0,3.09
21,2,2,0,4.43
18,2,1,0,3.94
2,0,0,0,-2.49
2,1,0,0,-1.97
41,9,5,2,4.88
2,1,0,0,-1.68
47,6,3,0,5.0
3,0,0,1,-0.96
15,0,3,0,3.96
3,0,0,0,-1.99
5,0,0,0,-1.88
2,1,0,0,-1.79
13,1,1,1,3.18
2,0,0,0,-2.44
2,0,0,0,-2.47
51,8,1,1,5.0
2,1,0,0,-1.69
18,0,0,0,2.46
5,1,1,0,0.07
11,0,6,0,4.31
2,0,0,0,-2.62
2,0,1,0,-1.69
42,5,5,2,5.0
1,0,0,0,-2.78
4,0,0,1,-0.2
5,0,0,0,-1.78
5,0,0,0,-1.73
13,4,1,0,3.67
0,0,0,0,-2.88
12,2,3,1,4.21
3,0,0,1,-0.98
21,4,2,0,4.86
15,2,0,1,3.54
5,0,0,0,-1.57
15,1,1,0,2.86
14,2,4,1,4.55
19,4,1,1,4.57
1,0,0,0,-2.58
4,0,0,0,-1.82
14,3,3,0,4.5
42,5,0,0,4.84
23,2,2,0,4.5
10,0,1,0,0.92
2,0,0,1,-0.74
3,0,0,0,-2.34
3,0,0,1,-0.34
12,2,2,1,4.01
8,0,1,0,0.35
6,2,1,0,0.94
49,9,4,2,5.0
3,0,1,0,-1.52
11,3,3,1,4.53
13,4,2,0,3.93
53,4,4,0,4.81
4,0,0,0,-1.84
44,3,3,2,5.0
13,0,2,0,2.71
3,1,1,0,-0.4
3,1,0,0,-1.4
10,0,1,1,2.33
0,0,0,0,-2.74
3,0,0,0,-2.28
5,0,1,0,-0.61
1,0,0,0,-2.84
2,0,0,0,-2.42
3,0,1,0,-1.44
15,2,3,0,4.42
5,0,0,0,-1.79
6,0,0,0,-1.22
6,2,2,1,2.82
5,2,0,0,-0.47
12,1,1,0,2.37
14,1,2,1,4.16
15,2,1,0,3.17
4,0,0,0,-1.88
12,3,0,0,2.41
20,0,1,1,4.0
4,0,0,0,-1.87
2,0,0,0,-2.76
45,4,5,1,4.92
15,3,2,0,4.36
7,6,0,0,2.58
4,0,2,0,-0.05
3,0,0,0,-2.06
48,6,5,2,5.0
38,7,5,3,4.71
18,3,3,0,4.39
18,2,1,1,4.38
13,1,2,0,2.9
2,0,0,0,-2.21
1,0,0,0,-2.67
40,5,5,2,4.97
1,0,0,0,-2.53
18,3,2,1,4.72
19,0,0,0,2.78
46,5,3,0,4.73
1,0,0,0,-2.62
3,0,1,0,-1.27
11,2,0,0,1.55
18,2,2,0,3.98
4,0,0,0,-1.79
2,0,0,0,-2.67
21,0,3,1,4.81
15,1,3,0,3.93
49,3,1,0,4.97
2,1,0,0,-1.98
1,0,0,0,-2.81
54,4,8,2,4.87
12,1,2,0,2.68
5,0,0,0,-1.58
5,2,0,0,-0.5
15,2,0,1,3.67
3,0,0,0,-2.36
14,1,3,0,3.81
2,0,0,0,-2.42
1,0,0,0,-2.75
12,0,4,1,4.62
45,6,7,3,4.81
41,9,6,2,4.96
2,0,1,0,-1.77
17,0,1,0,2.92
55,7,3,0,4.84
4,0,0,0,-1.86
1,0,0,0,-2.69
16,2,3,1,4.84
50,5,1,0,5.0
3,0,0,0,-2.01
15,0,2,0,3.15
4,0,0,0,-1.88
14,1,4,0,4.18
43,6,3,2,4.82
19,2,2,0,4.39
15,5,1,0,4.4
17,1,1,0,3.38
36,9,7,0,4.77
48,7,5,1,4.95
17,2,1,0,3.53
4,0,2,0,-0.05
14,0,0,1,2.69
3,0,0,0,-1.99
1,1,0,0,-2.45
45,5,3,0,4.81
44,6,4,2,4.82
4,0,0,0,-2.07
36,6,6,3,4.99
16,4,2,0,4.45
17,3,2,1,4.6
6,1,1,0,0.2
1,0,0,0,-2.6
21,2,3,0,4.85
19,2,1,0,3.88
39,5,3,1,5.0
45,5,5,3,5.0
3,0,0,0,-2.06
13,3,2,1,4.59
13,1,0,0,1.66
40,6,5,2,4.97
2,0,0,0,-2.48
4,1,1,0,-0.12
12,0,1,1,2.68
43,5,1,3,4.98
18,0,3,0,4.16
4,1,0,1,0.44
18,2,0,0,3.0
1,0,0,0,-2.68
0,0,0,0,-3.0
3,0,0,0,-1.99
3,0,0,0,-2.17
3,0,0,0,-2.15
15,2,1,0,3.21
3,0,0,0,-2.23
8,3,2,0,3.1
7,1,0,0,-0.04
47,2,7,2,5.0
20,0,0,0,2.9
6,0,0,0,-1.41
17,0,1,0,2.94
4,0,1,0,-1.01
2,1,0,0,-2.01
1,0,0,0,-2.79
37,4,2,2,5.0
0,0,0,1,-1.4
51,9,3,1,5.0
46,8,1,2,5.0
1,1,0,0,-2.15
45,7,4,0,5.0
16,2,3,1,4.58
2,1,2,0,-0.18
4,0,0,0,-2.05
13,3,1,1,4.13
41,7,7,1,5.0
12,2,1,0,3.01
13,1,2,0,3.3
14,1,1,0,2.75
5,1,0,0,-0.74
1,1,0,0,-2.14
4,0,1,0,-0.86
5,0,0,1,0.47
4,0,0,0,-2.0
6,0,1,0,-0.42
12,3,1,1,3.78
12,2,0,0,1.98
17,2,2,3,4.98
2,0,1,0,-1.67
52,4,5,2,5.0
13,0,1,1,3.2
14,1,7,0,4.88
2,0,0,0,-2.52
3,1,0,0,-1.61
3,0,0,0,-2.12
2,0,0,0,-2.52
19,0,3,1,4.45
1,1,0,0,-2.03
7,0,0,0,-1.06
20,1,2,1,4.62
5,0,0,0,-1.86
8,2,1,0,1.68
16,2,1,1,4.19
43,13,4,2,4.91
3,2,0,0,-0.76
16,0,1,0,2.72
11,1,2,1,3.58
3,1,0,0,-1.67
6,0,0,0,-1.41
13,0,2,1,3.6
4,1,0,0,-1.37
50,5,3,1,4.86
33,9,4,0,4.96
2,2,0,0,-1.32
12,3,2,0,3.53
10,3,3,1,4.57
9,1,3,0,2.82
4,0,0,0,-1.88
13,2,1,1,4.05
45,3,8,0,4.98
27,4,3,1,4.79
9,3,1,0,2.45
4,1,0,0,-1.2
4,0,0,0,-2.09
4,1,0,0,-1.37
2,0,2,0,-0.67
2,1,0,0,-1.88
3,0,0,0,-2.29
2,0,0,0,-2.66
16,1,1,1,3.85
14,1,2,2,4.52
2,0,0,0,-2.29
14,3,0,0,2.62
15,2,2,0,3.79
53,6,3,3,5.0
5,1,0,0,-0.58
48,4,5,0,4.67
1,2,0,0,-1.53
18,1,0,0,2.84
3,0,0,0,-2.27
2,0,0,0,-2.32
2,0,0,0,-2.5
3,1,0,1,0.26
18,2,0,0,3.33
18,1,2,1,4.51
58,6,6,3,4.97
18,3,0,1,4.57
19,4,1,0,4.14
4,1,1,0,-0.32
1,1,0,0,-2.3
6,0,0,0,-1.49
4,0,0,0,-1.99
37,5,5,2,4.96
4,0,0,0,-1.97
43,6,2,1,5.0
2,0,0,0,-2.77
44,7,3,1,5.0
1,0,0,0,-2.39
15,2,3,0,4.14
5,1,1,0,0.11
15,1,1,0,2.94
38,8,6,2,4.69
3,1,0,0,-1.74
5,2,0,0,-0.54
13,1,0,1,2.86
19,3,2,0,4.74
13,4,4,0,4.42
2,0,1,0,-1.69
41,6,4,3,5.0
18,0,0,1,3.43
1,0,1,0,-1.79
60,6,6,4,5.0
1,1,0,0,-2.08
3,1,0,0,-1.84
15,3,3,0,4.28
12,3,0,0,2.39
1,0,0,0,-2.83
4,0,0,0,-1.85
3,0,0,0,-2.03
24,3,4,1,4.97
1,0,0,0,-2.83
2,0,1,0,-1.52
44,10,3,0,5.0
2,0,0,0,-2.37
2,0,0,0,-2.32
0,0,0,0,-2.89
5,1,0,0,-0.71
2,0,1,0,-1.66
14,2,2,0,3.44
17,3,3,1,4.58
6,1,0,0,-0.41
2,0,1,0,-1.46
41,6,3,1,4.92
4,4,0,1,2.27
19,2,2,0,4.18
41,7,5,2,4.8
2,0,0,0,-2.34
2,0,0,0,-2.33
43,7,5,1,5.0
5,0,0,0,-1.74
10,2,3,0,3.35
13,4,3,0,4.38
0,0,0,0,-2.98
4,0,0,0,-1.88
19,1,3,0,4.73
51,12,8,2,5.0
2,0,0,0,-2.34
1,0,1,0,-1.78
7,0,0,0,-0.96
45,7,4,0,5.0
13,2,2,0,3.3
2,0,1,0,-1.55
13,2,2,2,4.52
1,0,1,0,-1.86
6,0,0,0,-1.23
3,0,1,0,-1.48
9,3,1,0,2.25
6,0,0,0,-1.36
2,0,0,0,-2.44
1,0,1,0,-2.0
4,1,0,0,-0.87
0,0,0,1,-1.44
3,0,0,0,-2.36
0,0,0,0,-2.92
33,5,6,1,4.98
46,7,3,1,5.0
3,0,0,0,-2.33
52,8,5,5,4.98
12,1,0,0,1.06
2,0,1,0,-1.68
5,1,0,0,-1.1
16,3,5,0,4.71
62,9,3,1,5.0
42,8,8,2,5.0
3,1,0,0,-1.69
40,6,3,0,4.95
46,9,7,0,4.88
46,10,11,1,5.0
5,0,1,0,-0.84
15,2,0,2,4.41
1,3,0,0,-0.79
1,0,0,0,-2.77
4,0,1,0,-1.04
3,0,0,1,-0.6
2,0,0,0,-2.63
9,0,0,0,-0.38
2,0,0,0,-2.4
18,0,1,0,2.93
1,0,1,0,-2.02
2,1,0,0,-1.9
16,2,2,2,4.5
1,0,1,0,-1.63
51,5,3,4,4.88
9,5,2,1,4.47
2,0,0,0,-2.44
16,2,3,0,4.2
3,0,0,0,-2.05
2,0,2,0,-0.47
4,1,0,0,-1.11
8,0,0,0,-0.43
12,1,2,0,3.16
2,0,0,0,-2.73
6,0,0,0,-1.08
10,1,0,1,2.09
3,0,0,0,-2.07
3,1,1,0,-0.68
17,1,1,0,3.28
4,0,0,0,-1.79
48,0,6,0,5.0
10,5,2,0,3.83
16,4,1,0,4.26
43,7,6,1,5.0
1,0,0,0,-2.69
1,0,0,0,-2.52
18,2,3,0,4.39
11,1,1,2,3.82
46,7,6,2,4.81
16,3,2,0,4.31
1,0,0,0,-2.82
51,5,9,0,5.0
7,0,0,0,-0.77
15,1,4,2,4.9
3,0,0,0,-2.46
13,1,1,1,3.43
16,2,0,0,2.88
12,0,0,1,1.99
4,1,0,0,-1.23
19,3,0,0,3.73
4,0,0,0,-1.61
17,1,0,1,3.52
0,0,0,0,-2.62
17,0,1,0,2.75
18,3,1,0,3.93
12,3,1,0,3.29
4,0,0,0,-1.75
1,0,0,0,-2.73
1,1,1,0,-1.34
37,13,2,0,4.9
52,8,3,1,4.92
2,0,0,0,-2.28
2,0,1,0,-1.42
12,4,1,0,3.68
17,1,0,0,2.83
45,3,4,4,5.0
11,2,2,0,3.23
2,0,0,0,-2.7
1,2,0,0,-1.8
44,6,4,0,4.88
13,3,3,0,4.06
4,1,0,0,-0.9
3,1,1,0,-0.28
16,3,0,1,4.04
3,0,0,0,-2.41
2,0,1,0,-1.92
3,0,1,0,-1.21
6,0,0,0,-1.18
1,1,0,0,-2.07
13,2,0,0,2.24
6,1,0,0,-0.82
13,2,1,0,2.95
1,1,1,0,-1.07
17,2,1,0,3.34
19,3,3,0,4.42
43,7,6,3,4.93
3,0,0,0,-2.02
3,0,0,0,-2.33
1,1,1,0,-1.06
3,0,0,0,-2.12
5,0,0,0,-1.73
46,8,2,0,5.0
21,2,2,1,4.75
13,1,2,1,3.96
9,2,2,1,3.8
4,1,0,0,-1.23
1,0,0,0,-3.05
13,3,4,0,4.5
3,0,0,0,-2.25
16,1,3,0,4.1
4,0,0,0,-1.85
54,6,5,2,4.86
1,1,0,0,-2.29
0,0,0,0,-2.89
14,2,1,0,3.08
3,1,0,0,-1.48
3,2,0,0,-0.75
0,0,0,0,-2.79
20,4,2,0,4.75
20,2,0,0,3.55
19,5,1,1,4.83
3,0,0,0,-1.89
13,6,2,1,4.55
12,3,1,0,2.93
0,0,0,0,-2.84
5,0,0,0,-1.21
16,1,1,1,3.72
15,2,1,0,3.2
18,2,1,0,3.64
2,0,0,0,-2.47
14,1,1,0,3.04
4,0,0,0,-1.81
17,3,1,0,3.88
1,0,1,0,-1.88
2,0,0,0,-2.44
28,0,0,1,4.81
2,0,1,0,-1.92
14,6,2,1,4.69
2,0,0,0,-2.54
14,3,1,0,3.54
4,0,0,1,-0.25
4,1,0,0,-1.28
4,0,0,0,-1.95
13,2,1,0,3.11
4,0,0,0,-1.92
1,0,0,0,-2.67
19,1,1,0,3.66
16,1,1,0,3.3
47,7,2,1,4.86
18,3,2,0,4.34
3,0,0,0,-2.49
42,10,5,0,5.0
4,1,0,0,-1.13
18,1,0,0,3.11
8,0,3,3,4.58
4,0,0,0,-1.8
3,0,0,1,-0.58
1,0,0,0,-2.49
5,0,0,0,-1.27
13,2,1,0,2.89
21,0,0,0,2.97
3,1,2,0,0.19
3,0,0,0,-2.35
14,0,2,0,3.03
5,4,1,1,3.48
3,0,0,0,-2.07
13,4,1,0,3.56
23,3,1,0,4.62
16,4,2,0,4.32
3,1,0,0,-1.39
1,0,0,0,-2.7
18,1,0,0,2.97
34,3,4,1,4.74
15,0,0,0,1.59
20,5,3,0,4.49
2,0,0,0,-2.46
5,0,1,0,-0.77
6,1,0,0,-0.39
2,0,1,0,-1.47
4,0,0,0,-1.95
50,8,6,0,5.0
42,10,7,3,5.0
2,0,0,0,-2.74
11,1,1,0,1.93
3,0,0,0,-2.33
14,1,0,2,4.14
15,0,2,1,3.87
49,5,6,1,5.0
1,0,1,0,-1.8
4,0,0,0,-1.69
20,2,1,1,4.58
1,1,0,0,-1.86
33,4,6,0,4.89
46,7,9,1,5.0
47,2,5,0,5.0
37,5,5,3,4.73
52,3,3,0,4.91
17,0,3,0,3.96
2,2,1,0,-0.79
17,3,3,1,4.56
2,0,1,0,-1.6
46,5,7,4,4.89
40,9,3,2,4.99
5,0,0,0,-1.31
44,4,4,0,4.92
10,3,1,1,3.62
3,0,2,0,-0.47
4,0,0,0,-1.63
1,0,1,0,-1.96
3,0,0,0,-2.05
3,0,0,0,-2.23
23,3,0,0,4.29
47,4,3,1,5.0
3,0,1,0,-1.44
3,0,0,0,-2.17
44,8,9,2,5.0
4,0,0,0,-2.01
3,0,0,0,-2.17
43,5,4,1,5.0
48,6,7,3,5.0
4,0,0,0,-2.01
18,2,2,0,4.28
3,1,0,0,-1.5
4,0,0,0,-2.04
1,0,0,0,-2.68
13,0,2,0,2.67
17,2,1,0,3.6
50,4,7,3,5.0
17,2,2,1,4.29
4,0,0,0,-2.18
10,1,1,0,1.8
5,1,0,0,-1.11
0,2,0,0,-1.7
15,1,2,0,3.43
11,1,3,1,3.97
3,0,1,0,-1.16
5,0,0,0,-1.48
29,3,3,1,4.9
5,0,1,0,-0.5
1,0,0,0,-2.73
9,1,0,0,0.47
1,0,0,0,-2.68
4,0,0,0,-1.85
16,2,2,2,4.73
15,5,1,0,3.96
6,1,0,0,-0.71
1,1,0,0,-2.27
4,0,0,0,-1.69
52,6,8,1,4.83
56,4,4,2,5.0
3,0,1,0,-1.45
17,4,1,1,4.36
13,1,2,0,3.26
5,0,0,0,-1.57
3,1,0,0,-1.67
9,3,3,0,3.61
1,0,0,0,-2.67
3,0,0,0,-2.04
10,0,1,0,0.77
4,0,0,0,-1.8
34,13,6,1,5.0
2,1,0,0,-1.7
6,0,0,0,-1.34
20,1,1,0,3.69
12,1,2,0,3.09
55,5,6,2,5.0
16,0,2,0,3.14
0,0,0,0,-2.67
11,2,2,0,3.0
50,4,2,3,5.0
4,1,0,0,-1.25
2,0,0,0,-2.41
2,0,0,0,-2.58
2,3,0,0,-0.56
3,0,0,0,-2.05
21,2,1,0,4.13
55,6,4,2,4.83
52,7,9,3,4.72
4,0,0,0,-1.77
43,6,7,2,4.81
19,1,1,0,3.46
2,0,0,0,-2.57
4,0,0,0,-1.84
2,0,0,1,-0.7
1,1,0,0,-2.22
20,3,0,1,4.3
21,2,2,3,5.0
43,3,4,2,4.79
17,1,2,0,3.65
49,7,9,1,5.0
3,0,0,0,-1.93
2,0,0,0,-2.31
17,3,3,0,4.85
50,6,12,1,4.91
42,5,8,3,5.0
3,0,0,0,-2.52
2,0,0,0,-2.44
4,0,0,0,-1.94
11,1,3,0,3.49
3,0,0,0,-2.2
15,3,3,0,4.42
3,0,0,0,-2.27
41,4,2,0,5.0
24,5,5,4,5.0
2,0,0,0,-2.34
2,0,1,0,-1.6
4,0,0,0,-1.99
2,1,1,0,-0.93
16,3,0,1,3.99
1,0,0,0,-2.72
3,0,0,0,-2.1
19,2,3,0,4.8
15,0,0,0,1.64
16,3,0,1,4.04
2,1,1,0,-0.83
17,1,3,1,4.48
7,0,1,0,0.06
4,1,0,0,-1.03
45,4,4,2,5.0
55,12,11,1,5.0
4,0,1,0,-1.02
6,0,0,1,0.27
3,0,0,0,-2.16
11,3,1,1,3.79
18,1,0,0,2.91
16,4,1,0,3.96
4,0,0,0,-1.97
45,3,2,3,4.94
5,0,1,0,-0.55
16,2,0,1,3.91
18,4,0,2,4.65
14,2,1,1,3.73
1,1,0,0,-2.12
45,6,2,0,4.91
57,5,5,1,4.96
15,2,1,0,3.17
4,0,0,0,-1.83
13,1,1,4,5.0
15,3,2,2,4.61
3,0,0,0,-2.45
39,7,3,0,4.67
1,0,0,0,-2.49
4,0,0,0,-2.15
45,7,4,1,5.0
3,0,0,0,-2.33
12,2,2,1,4.08
2,0,0,0,-2.31
14,1,0,0,1.92
0,0,1,0,-2.2
3,1,0,1,-0.12
50,4,4,3,5.0
5,1,0,0,-0.88
18,4,0,1,4.46
1,0,1,0,-1.92
18,3,1,0,4.04
3,0,0,0,-2.52
0,0,0,0,-2.85
6,0,0,0,-1.16
9,1,3,0,2.83
3,0,0,0,-2.04
18,2,1,0,3.68
2,1,0,1,-0.18
5,0,1,0,-0.89
2,2,0,0,-1.37
47,6,8,2,5.0
20,2,1,0,3.97
40,9,2,0,4.58
11,0,1,0,1.45
24,0,3,2,4.83
12,1,0,1,2.65
41,3,5,0,5.0
9,1,2,0,2.21
21,1,0,0,3.55
40,1,4,0,4.85
42,6,1,3,5.0
37,4,3,0,5.0
0,1,0,0,-2.23
2,1,0,0,-1.99
57,5,4,1,4.96
4,0,1,0,-1.06
20,1,0,0,3.21
12,1,0,0,1.19
3,0,0,0,-2.02
1,0,2,0,-1.05
3,1,1,0,-0.58
45,3,7,1,4.83
6,1,0,0,-0.78
19,3,0,0,4.02
4,0,0,0,-1.8
18,1,2,0,3.93
53,13,10,1,4.92
46,3,4,0,4.86
17,0,1,0,2.98
2,0,1,0,-1.84
3,0,0,0,-2.0
6,0,0,0,-1.09
13,1,2,0,3.1
7,0,0,0,-0.99
3,0,1,0,-1.22
21,0,7,1,4.97
5,0,0,0,-1.5
15,2,4,0,4.32
36,8,6,3,5.0
19,6,1,0,4.76
13,4,2,1,4.62
4,0,0,0,-2.05
16,3,2,1,4.37
1,0,0,0,-2.66
2,1,0,0,-1.79
4,0,0,0,-1.96
4,0,2,0,-0.07
2,0,0,0,-2.14
5,0,0,0,-1.62
5,0,0,0,-1.69
13,2,1,1,3.49
25,3,1,0,4.78
15,1,0,0,2.41
17,3,0,0,3.28
3,2,0,0,-1.17
18,0,2,1,4.58
13,0,0,2,3.67
3,2,0,0,-1.18
11,2,3,1,4.31
6,0,0,0,-1.25
2,0,0,0,-2.6
54,3,3,1,5.0
13,0,2,0,2.87
13,0,2,0,2.49
14,4,0,0,3.4
1,0,0,0,-2.79
14,2,3,1,4.45
1,0,0,0,-2.74
53,9,5,7,4.95
11,3,2,1,4.35
4,1,0,0,-1.17
4,0,0,0,-1.74
8,1,2,0,1.96
19,3,2,0,4.38
14,1,0,1,3.31
8,2,2,0,2.6
15,1,2,0,3.24
8,2,2,0,2.6
52,4,8,3,5.0
8,4,3,0,3.82
2,1,0,0,-2.02
13,2,2,1,4.05
3,1,0,0,-1.42
47,6,4,1,4.8
2,2,0,0,-1.24
21,2,2,0,4.32
4,0,2,0,0.13
17,1,6,0,4.52
1,0,0,0,-2.83
1,0,2,0,-1.04
45,5,6,1,5.0
2,0,0,0,-2.57
2,0,1,0,-1.54
19,2,1,0,4.11
17,2,2,1,4.52
5,1,0,0,-1.01
36,2,1,3,5.0
2,1,0,0,-2.02
46,8,9,1,4.89
11,4,1,1,3.87
43,7,3,2,5.0
41,4,3,1,5.0
3,1,0,1,-0.2
20,1,2,0,4.07
16,3,1,1,4.38
14,1,1,1,3.65
23,1,4,0,4.8
19,1,2,0,3.97
15,2,4,0,4.59
1,0,0,0,-2.84
2,0,0,0,-2.25
17,2,2,0,4.07
2,0,0,0,-2.65
5,0,0,0,-1.6
15,2,1,0,3.19
2,0,0,0,-2.36
9,1,4,1,4.38
4,2,0,0,-0.92
4,0,0,0,-1.81
36,1,5,2,4.98
46,10,1,3,4.87
2,0,0,1,-0.83
16,2,3,0,4.3
10,1,0,1,2.22
10,0,1,0,1.1
13,3,0,0,2.75
17,0,1,0,3.28
6,1,0,1,1.2
1,0,0,0,-2.95
30,2,2,1,5.0
0,0,0,0,-2.95
4,1,0,0,-1.39
24,1,1,0,4.09
40,6,8,1,5.0
10,3,1,1,3.47
3,0,1,0,-1.3
1,0,1,0,-1.73
18,1,1,0,3.54
4,1,0,0,-1.43
38,10,0,2,4.96
49,5,6,0,4.94
8,0,0,0,-0.76
2,1,0,0,-1.75
17,5,1,1,4.5
45,2,8,1,5.0
13,1,4,0,4.2
4,0,0,0,-2.06
39,4,2,1,4.97
3,0,0,0,-2.22
4,0,1,0,-0.88
1,1,0,0,-2.39
1,1,1,0,-1.07
9,1,0,0,0.44
38,7,5,3,4.79
2,0,0,1,-1.08
1,1,0,0,-2.08
18,2,2,0,4.33
1,0,0,0,-2.8
5,0,0,0,-1.7
3,0,1,0,-1.22
46,6,7,2,4.93
18,1,1,0,3.39
7,2,0,0,0.44
3,0,0,0,-2.14
4,1,0,0,-0.91
21,3,1,2,4.64
15,4,1,1,4.19
5,0,0,0,-1.72
4,0,0,0,-1.67
1,0,0,0,-2.63
52,2,3,3,5.0
4,0,0,0,-1.81
3,0,0,0,-2.3
47,5,6,2,5.0
54,3,5,2,5.0
0,0,0,0,-2.76
4,0,0,0,-1.9
22,1,2,0,4.25
12,2,0,1,3.06
2,0,0,0,-2.33
17,2,0,1,3.7
38,5,3,2,4.95
3,0,0,0,-1.95
2,1,0,0,-1.92
39,4,5,2,5.0
2,0,1,0,-1.42
13,2,2,0,3.58
15,3,0,0,3.14
12,2,2,0,3.51
14,2,0,0,2.43
49,5,4,1,4.81
18,2,1,0,3.89
16,2,2,0,3.97
46,5,5,2,5.0
21,1,1,0,4.07
15,3,0,0,3.22
13,1,0,0,1.56
1,0,1,0,-2.04
4,0,0,0,-1.9
6,3,2,0,2.24
13,0,3,0,3.08
46,8,5,1,4.85
4,0,1,0,-1.04
2,1,0,0,-1.65
36,1,6,2,5.0
2,0,0,0,-2.48
2,2,0,0,-1.23
16,3,3,0,4.28
5,0,0,0,-1.55
4,0,0,0,-1.81
3,1,0,0,-1.86
11,2,0,0,1.68
47,3,3,0,5.0
2,0,0,0,-2.6
2,1,0,0,-1.65
3,0,0,0,-2.09
19,4,0,1,4.42
14,6,0,1,4.43
47,5,7,4,4.9
3,0,0,0,-2.31
12,1,0,0,1.23
17,1,6,0,5.0
4,0,2,0,-0.2
16,2,1,0,3.47
13,2,2,0,3.37
3,0,1,0,-1.33
19,3,0,1,4.49
12,1,4,0,3.99
11,3,3,0,3.98
15,1,0,0,2.14
15,3,1,0,3.64
2,0,0,0,-2.36
2,0,0,1,-0.94
1,0,1,0,-1.77
13,1,2,1,3.99
2,0,1,0,-1.67
3,0,2,0,-0.14
3,0,0,0,-2.53
40,3,6,2,5.0
4,0,0,0,-1.58
10,1,0,1,2.22
13,1,1,1,3.63
4,0,0,0,-2.15
6,0,0,0,-1.09
9,2,1,0,2.18
20,3,3,0,4.74
16,0,0,1,3.14
1,0,2,0,-1.11
12,0,6,0,4.36
6,0,2,0,0.7
3,1,0,0,-1.68
1,0,1,0,-1.85
2,1,0,0,-1.78
16,3,1,0,3.9
4,0,1,0,-1.03
1,1,0,0,-2.13
5,0,0,0,-1.69
4,0,0,1,-0.13
2,2,0,0,-1.34
6,0,0,0,-1.21
1,0,0,0,-2.9
42,6,5,0,4.92
46,8,1,3,4.81
16,2,0,0,2.95
2,0,0,0,-2.53
45,6,6,2,5.0
3,0,0,0,-1.99
3,0,0,0,-2.07
41,4,7,1,4.87
16,3,0,1,4.09
4,0,1,0,-1.13
4,1,1,0,-0.5
16,1,3,0,3.91
4,0,1,0,-1.02
0,0,0,0,-2.98
5,0,0,0,-1.68
3,0,0,0,-2.2
0,0,1,0,-1.93
4,0,0,0,-1.7
15,2,2,0,3.97
10,3,2,0,3.24
10,5,2,0,3.81
2,0,0,0,-2.26
0,2,0,0,-2.07
68,6,6,1,4.92
49,5,7,1,5.0
15,1,0,0,2.13
0,0,0,0,-2.76
1,0,0,0,-2.8
2,1,1,0,-1.05
4,1,0,0,-1.55
3,0,0,0,-2.13
52,5,4,1,4.62
1,0,0,0,-2.86
2,0,0,0,-2.34
11,4,4,1,4.79
2,0,0,0,-2.49
16,1,0,0,2.34
11,2,1,0,2.31
17,7,3,0,4.69
13,3,5,0,4.71
20,4,2,0,4.34
11,1,3,0,3.38
3,0,0,0,-2.0
4,0,0,0,-1.95
3,0,0,1,-0.55
5,0,0,0,-1.57
0,0,0,0,-2.74
3,0,0,0,-1.85
19,1,3,0,4.5
14,1,2,1,3.71
1,0,0,0,-2.96
3,0,0,0,-2.18
3,0,0,0,-2.4
1,1,0,0,-2.13
2,0,0,0,-2.46
3,1,0,0,-1.38
1,1,0,0,-2.08
3,1,0,0,-1.73
5,1,1,1,1.71
5,1,0,0,-0.92
9,1,1,1,2.68
5,1,0,1,0.58
21,1,1,0,4.06
6,0,0,0,-1.32
9,3,2,0,3.25
4,0,0,0,-1.93
4,2,0,0,-0.71
44,7,4,2,5.0
2,1,0,0,-1.75
11,2,1,0,2.51
2,0,0,0,-2.25
18,3,1,0,4.01
50,5,6,1,5.0
2,0,0,0,-2.27
7,0,0,0,-1.24
54,4,5,2,4.93
4,0,1,0,-1.1
46,8,4,0,4.98
2,0,0,0,-2.27
6,2,1,0,0.86
16,3,1,0,3.82
1,0,0,0,-2.45
21,0,1,1,4.15
2,0,0,0,-2.58
4,0,1,0,-1.04
11,1,3,1,3.73
26,3,2,0,4.61
1,0,0,0,-2.83
22,2,0,0,3.61
19,0,0,1,3.62
8,1,1,1,2.45
15,0,1,0,2.36
16,0,1,0,2.68
3,0,0,0,-2.4
16,1,4,0,4.65
16,3,2,0,4.13
20,2,0,1,4.38
1,0,0,0,-2.53
18,3,1,1,4.43
42,4,4,1,4.97
11,1,2,0,2.82
1,1,0,0,-2.26
10,3,3,1,4.62
10,1,2,1,3.41
19,3,2,0,4.65
17,2,2,0,4.21
13,1,2,1,4.03
3,0,0,0,-2.12
12,2,0,0,2.03
5,1,1,1,1.61
38,2,4,0,4.87
2,0,0,0,-2.69
3,1,0,0,-1.69
2,0,0,0,-2.32
10,6,0,0,3.25
12,3,0,1,3.19
2,0,0,0,-2.49
9,2,4,0,3.92
43,7,7,1,4.81
3,0,0,0,-2.14
39,5,5,1,4.92
7,0,0,0,-0.94
12,2,3,0,3.95
9,3,4,0,4.26
38,6,7,3,5.0
3,0,1,0,-1.18
7,5,0,1,3.41
3,0,0,0,-2.4
50,2,7,3,4.87
36,2,2,1,5.0
52,6,7,1,5.0
1,1,0,2,0.94
2,0,0,0,-2.6
45,5,6,5,5.0
5,0,0,0,-1.59
17,0,2,1,4.02
9,1,1,0,1.22
50,5,4,1,5.0
4,2,0,0,-0.52
1,1,0,0,-2.28
3,0,0,0,-1.98
4,0,1,0,-0.92
2,0,1,0,-1.62
14,1,1,0,2.57
4,0,1,0,-0.84
13,1,0,0,1.76
12,6,2,1,4.75
7,2,1,1,2.73
9,1,0,0,0.22
14,3,2,1,4.36
32,3,2,2,4.91
3,0,0,0,-2.38
4,1,0,0,-1.24
14,0,0,1,2.67
34,6,3,1,5.0
13,2,0,0,2.37
43,6,5,1,4.73
2,0,0,0,-2.46
3,0,0,0,-2.23
1,0,0,0,-2.54
3,0,0,0,-2.36
5,0,0,0,-1.61
0,2,0,0,-1.92
18,1,2,0,3.85
2,2,0,0,-1.25
16,4,1,1,4.48
1,0,0,0,-2.82
2,0,1,0,-1.76
4,0,0,0,-2.09
1,0,0,0,-2.68
33,6,5,0,5.0
2,0,0,0,-2.61
0,1,1,0,-1.46
18,2,0,0,3.14
16,2,0,0,2.81
48,5,3,0,5.0
16,2,0,0,3.09
20,2,3,1,4.94
11,3,2,0,3.6
12,1,1,0,1.87
54,6,4,0,4.98
19,1,0,1,3.77
0,1,2,0,-0.62
15,2,1,0,3.0
38,5,1,1,4.89
2,0,0,0,-2.57
18,3,1,0,4.1
13,1,2,0,3.13
5,1,0,1,0.36
15,1,2,0,3.4
14,1,1,0,2.76
19,1,2,0,3.91
18,4,0,0,4.16
2,0,0,0,-2.17
3,0,0,0,-2.27
18,1,1,1,4.18
22,1,0,0,3.95
2,0,0,0,-2.37
5,0,0,0,-1.53
17,4,3,1,4.64
2,1,0,0,-1.82
5,1,0,0,-1.08
18,1,3,1,4.73
43,3,4,1,4.93
1,0,0,0,-2.71
20,3,3,0,4.55
5,0,0,0,-1.85
2,0,2,1,1.03
2,1,3,0,0.9
45,5,7,1,4.97
30,2,2,2,5.0
5,1,0,0,-1.16
11,3,1,1,3.82
11,3,0,2,4.39
42,7,7,0,4.85
4,0,0,0,-2.3
10,2,3,1,4.46
47,5,2,1,5.0
24,2,0,0,4.26
14,2,2,1,4.32
3,1,1,0,-0.84
2,0,1,0,-1.69
45,6,7,1,4.99
16,2,0,1,3.46
21,3,0,0,4.24
13,1,0,1,2.94
3,0,0,0,-2.11
15,1,4,0,4.15
13,3,1,2,4.24
16,1,1,0,3.47
3,1,1,0,-0.64
1,0,0,0,-2.53
16,1,0,0,2.52
6,2,1,0,1.08
3,0,0,0,-2.01
16,1,2,0,3.45
1,0,0,0,-2.88
18,2,0,0,3.06
10,1,1,1,2.87
48,8,4,1,5.0
1,0,0,0,-2.79
3,1,1,0,-0.63
2,1,0,0,-1.76
3,1,0,0,-2.08
5,1,0,0,-0.95
4,0,0,0,-1.54
4,0,0,0,-1.97
13,3,0,1,3.61
14,3,0,0,2.75
2,0,0,0,-2.38
50,6,1,0,5.0
2,0,0,0,-2.49
3,0,0,0,-2.37
1,0,0,0,-2.53
1,1,0,0,-2.28
6,4,3,0,3.51
2,1,1,0,-0.73
15,0,1,0,2.47
32,6,2,0,5.0
21,2,2,0,4.56
15,1,1,1,3.72
2,1,1,0,-1.33
40,6,5,6,5.0
2,1,0,0,-2.0
4,0,0,0,-1.75
13,7,1,0,4.42
1,1,0,0,-2.08
39,5,4,1,4.87
13,4,2,0,3.89
2,0,0,0,-2.62
4,2,0,0,-0.59
4,0,0,0,-2.04
25,4,1,0,4.95
3,1,0,0,-1.26
2,0,0,0,-2.49
21,1,2,0,4.18
2,0,0,0,-2.17
4,1,0,0,-1.48
3,0,0,0,-2.11
1,0,1,1,0.08
45,7,7,5,5.0
2,0,0,0,-2.42
16,1,1,0,3.14
16,3,0,0,3.44
17,3,2,0,4.05
4,0,0,0,-1.76
4,0,0,0,-2.08
15,4,1,1,4.27
3,0,1,0,-1.43
4,0,1,0,-1.02
13,1,4,0,3.9
42,6,4,2,4.97
26,0,3,1,4.84
1,0,0,1,-1.11
52,3,7,3,4.88
4,0,0,0,-1.79
5,0,0,0,-1.7
3,0,0,0,-2.21
2,0,0,0,-2.39
8,1,1,0,1.13
17,0,1,0,2.96
12,0,5,0,4.05
4,0,0,0,-1.99
5,0,0,0,-1.76
0,1,1,1,0.3
46,6,11,5,5.0
3,1,0,0,-1.42
6,0,1,1,1.33
17,2,3,0,4.12
4,0,0,0,-1.65
6,1,0,0,-0.82
4,0,0,0,-1.85
2,1,2,0,-0.5
1,0,0,0,-2.55
2,1,0,0,-1.87
0,0,1,0,-2.27
14,4,3,0,4.58
13,2,3,1,4.42
1,1,0,0,-2.23
40,5,6,2,5.0
3,0,0,0,-2.28
19,1,3,0,4.24
19,1,2,0,4.09
4,0,0,0,-1.96
50,7,4,3,5.0
4,0,0,0,-1.76
14,2,2,0,3.92
1,1,0,0,-2.15
57,5,6,0,5.0
12,1,4,0,3.74
1,0,0,1,-1.31
6,0,0,0,-1.63
38,2,6,1,5.0
47,3,6,4,4.83
17,2,0,0,2.8
4,0,1,0,-1.03
15,4,1,0,3.93
15,2,2,1,4.16
2,0,0,0,-2.32
2,0,0,0,-2.84
3,0,0,0,-1.83
3,1,0,0,-1.55
6,0,1,0,-0.51
2,1,0,0,-2.04
12,3,2,0,3.64
14,2,3,2,4.68
3,1,0,0,-1.7
3,1,0,0,-1.53
19,3,2,1,4.89
48,4,2,1,4.83
3,0,1,0,-1.42
14,3,4,1,4.68
43,8,5,2,5.0
3,0,0,0,-2.16
2,0,0,1,-0.94
3,0,0,0,-2.13
49,5,3,4,4.94
13,1,1,0,2.72
5,0,0,0,-1.48
1,0,0,0,-2.94
14,4,0,1,4.35
45,5,4,2,4.82
2,0,0,1,-0.91
4,0,0,0,-1.98
13,1,1,0,2.82
1,0,1,0,-1.86
14,1,2,0,3.22
16,2,2,0,4.05
2,0,1,0,-1.74
20,3,0,0,3.89
2,0,1,0,-1.31
16,1,0,0,2.34
0,0,0,0,-2.66
13,0,1,0,1.82
1,0,0,0,-2.62
4,1,0,0,-1.29
11,3,2,0,3.46
12,3,1,0,3.41
16,2,4,1,4.53
1,0,0,0,-2.72
10,0,1,0,0.83
3,0,0,1,-0.84
35,4,3,2,4.87
18,2,1,0,3.92
21,2,6,1,4.69
15,2,2,0,3.87
4,2,0,0,-0.76
5,0,0,0,-1.42
12,1,3,0,3.45
16,0,3,0,3.79
3,0,1,0,-1.28
1,1,0,0,-2.22
51,6,4,3,4.83
11,1,1,0,1.94
9,4,1,1,3.81
30,4,6,1,5.0
16,5,2,1,4.68
49,5,11,1,4.82
3,0,1,0,-1.47
46,8,5,1,5.0
17,3,0,0,3.37
3,1,0,0,-1.61
20,2,2,1,4.85
14,1,2,0,3.12
2,0,0,0,-2.55
0,2,1,0,-0.84
17,3,1,0,3.63
26,0,1,1,4.68
2,0,0,0,-2.23
4,0,0,0,-1.79
15,0,1,1,3.4
14,1,2,1,4.19
16,0,3,1,4.34
9,3,1,1,3.56
44,5,6,4,5.0
45,6,5,0,5.0
14,3,2,0,3.57
13,0,1,0,1.95
8,2,2,1,3.41
52,4,9,2,4.82
3,0,0,0,-2.27
2,0,0,0,-2.33
19,2,0,0,3.54
3,0,1,0,-1.28
1,0,0,0,-2.31
18,2,0,0,3.3
15,1,1,0,2.92
17,2,2,0,3.79
5,0,0,0,-1.53
4,0,0,0,-1.82
49,12,5,4,5.0
2,0,1,0,-1.77
6,0,0,0,-1.36
5,0,0,1,-0.07
12,2,3,1,4.42
6,0,0,0,-1.27
18,0,0,1,3.48
4,1,1,0,-0.35
19,1,4,0,4.51
12,2,0,1,3.13
11,1,1,0,1.77
47,2,5,1,4.86
0,0,0,0,-2.9
11,1,1,0,1.87
14,3,2,0,4.0
49,6,1,2,4.78
40,5,6,0,5.0
2,1,0,0,-1.99
11,6,1,3,5.0
2,1,0,0,-2.09
21,1,0,1,4.18
49,6,4,2,5.0
36,6,8,0,4.84
8,3,0,0,1.41
33,3,1,1,4.91
2,0,0,0,-2.29
18,2,0,0,3.43
56,6,5,1,4.77
6,0,0,0,-1.35
48,7,5,2,5.0
12,3,0,0,2.53
16,3,1,0,3.84
15,2,1,0,3.26
16,0,0,0,2.05
12,3,1,0,2.95
4,1,1,0,-0.27
43,6,6,1,4.96
13,4,1,0,3.76
3,0,0,0,-1.75
2,0,0,0,-2.14
2,1,0,0,-1.97
13,0,4,0,3.98
15,3,1,0,3.63
5,0,0,0,-1.88
2,0,1,0,-1.74
1,0,0,0,-2.73
3,0,1,0,-1.26
11,2,3,0,3.57
6,0,1,1,1.43
3,0,0,0,-2.34
5,1,0,0,-0.87
4,0,0,0,-2.01
11,1,1,0,1.77
15,1,2,0,3.31
35,10,2,4,4.97
14,1,1,0,2.65
12,0,2,0,2.71
1,0,0,0,-2.71
2,0,0,0,-2.12
5,0,0,0,-1.66
14,3,0,0,2.93
2,1,0,0,-2.05
3,1,0,0,-1.64
33,3,3,4,4.66
1,0,0,0,-2.88
48,3,8,2,5.0
17,0,1,1,4.19
18,5,2,1,4.69
3,0,0,0,-2.05
16,2,2,0,3.84
2,0,0,0,-2.51
2,0,0,0,-2.39
10,1,1,0,1.42
2,0,1,0,-1.48
4,0,0,0,-1.69
1,0,0,0,-2.7
12,2,2,0,3.32
22,2,2,0,4.08
52,8,4,0,4.99
14,2,2,0,3.61
26,1,2,0,4.41
1,0,0,0,-2.54
2,0,0,0,-2.69
0,0,0,0,-2.79
4,0,0,0,-1.94
0,0,0,0,-2.65
0,0,0,0,-2.64
2,1,1,0,-0.85
3,0,1,0,-1.07
5,0,0,0,-1.55
2,0,0,0,-2.15
3,0,0,0,-2.23
6,0,0,0,-1.19
3,0,0,0,-2.13
16,3,2,2,4.85
2,0,0,1,-1.1
6,1,0,0,-0.74
2,0,2,0,-0.66
3,1,0,0,-1.6
14,3,2,2,4.79
1,0,0,0,-2.63
13,1,2,0,3.01
5,0,0,0,-1.73
4,0,0,0,-1.89
4,0,0,0,-1.91
3,0,0,0,-2.57
47,5,8,0,5.0
13,2,4,0,4.33
1,1,0,0,-2.07
18,4,1,0,4.3
14,2,0,1,3.49
13,3,0,1,3.62
6,0,1,0,-0.0
51,7,6,2,4.92
6,0,1,0,-0.35
21,0,2,1,4.42
14,0,0,1,2.52
2,0,1,0,-1.52
9,1,0,0,0.17
2,1,0,0,-1.87
2,0,0,0,-2.31
2,0,0,0,-2.57
1,0,0,0,-2.81
12,3,1,0,3.35
1,0,0,0,-2.48
53,8,6,0,4.96
15,1,2,0,3.62
2,0,0,0,-2.43
38,6,8,1,4.55
15,2,1,1,4.39
3,0,0,0,-2.2
12,0,3,1,4.08
5,1,0,0,-0.7
13,2,3,0,3.97
2,0,0,0,-2.29
4,1,0,0,-1.4
4,0,0,0,-1.81
55,4,3,4,5.0
3,0,0,0,-2.35
17,0,2,0,3.59
19,4,2,0,4.36
4,0,0,0,-1.87
13,2,1,1,3.99
4,0,0,0,-1.81
15,0,3,0,3.73
5,0,0,0,-1.82
3,1,0,0,-1.61
55,8,9,1,4.73
3,0,0,0,-2.19
4,0,0,0,-2.07
3,0,0,0,-1.9
3,0,0,0,-2.32
2,0,0,0,-2.24
3,0,0,0,-1.97
15,0,0,2,3.44
16,2,1,0,3.69
22,1,1,0,4.1
40,10,3,0,4.81
1,0,0,0,-2.71
14,2,1,0,3.03
20,1,2,1,4.4
15,1,2,1,4.28
14,4,0,0,3.23
11,5,0,1,4.04
18,2,2,0,4.16
15,5,0,0,3.79
8,0,0,0,-0.89
46,7,4,3,4.92
3,0,0,0,-2.51
3,1,0,1,0.33
3,0,2,0,-0.45
1,0,0,0,-2.95
17,1,2,1,4.38
4,0,0,0,-1.89
4,0,1,0,-1.01
13,0,1,0,2.05
2,0,0,0,-2.4
5,1,0,0,-0.96
47,6,4,3,5.0
3,0,0,0,-2.22
18,2,2,1,4.32
46,9,1,1,5.0
12,0,0,0,0.66
20,1,2,1,4.68
57,5,4,1,5.0
3,0,0,0,-2.26
0,0,0,0,-2.87
13,3,1,0,3.38
1,0,0,0,-2.55
18,2,0,0,3.6
1,0,0,1,-1.5
8,2,0,2,3.44
15,2,0,0,2.48
4,0,0,0,-1.94
13,1,1,0,2.35
53,7,4,0,4.9
47,2,7,1,4.97
2,1,0,0,-1.69
2,1,0,0,-2.24
45,7,0,1,4.87
13,2,2,0,3.49
48,5,5,0,4.97
2,0,0,0,-2.86
1,0,0,0,-2.66
7,0,0,0,-1.15
9,3,3,1,4.34
10,0,3,0,2.7
19,1,4,1,4.87
12,2,2,0,3.39
17,1,1,0,3.22
1,0,0,0,-2.6
19,3,1,0,4.36
5,0,0,0,-1.52
12,3,1,0,3.04
18,0,3,0,3.86
18,1,2,0,3.62
11,2,2,1,3.75
50,4,4,1,5.0
47,7,6,3,4.88
39,4,11,0,5.0
17,0,3,0,3.81
3,0,1,0,-1.36
19,2,1,0,3.76
2,0,0,0,-2.45
1,0,0,0,-2.63
11,3,0,1,3.17
14,3,0,0,2.9
54,8,7,2,5.0
11,0,1,0,1.5
3,0,0,0,-1.99
3,0,0,0,-2.1
19,2,1,1,4.75
4,1,0,0,-1.28
2,0,0,0,-2.38
13,2,1,0,2.75
2,0,0,0,-2.28
4,0,0,0,-1.77
48,2,3,0,5.0
7,0,1,0,-0.35
33,3,7,2,4.9
2,0,0,0,-2.29
11,1,0,1,2.32
1,0,0,0,-2.61
37,7,2,1,4.97
2,0,0,0,-2.32
4,0,0,1,-0.06
1,0,0,0,-2.84
38,4,2,2,5.0
4,0,1,0,-0.95
14,3,1,0,3.42
16,3,3,1,4.82
25,2,1,0,4.55
47,7,4,0,4.94
6,1,0,0,-0.64
12,1,1,2,3.92
10,2,0,0,1.47
11,3,0,1,3.23
3,0,0,0,-2.32
3,0,0,1,-0.47
18,3,0,1,4.02
22,0,1,0,3.87
2,0,0,0,-2.34
10,4,1,1,3.85
5,0,1,0,-0.71
1,0,0,0,-2.73
1,1,0,0,-2.17
1,0,1,0,-1.91
3,0,0,0,-2.26
14,2,0,0,2.31
21,2,2,0,4.62
50,9,4,0,5.0
3,1,0,0,-1.69
43,6,4,1,4.81
45,4,1,2,5.0
3,0,0,0,-1.97
0,1,1,0,-1.68
5,0,0,0,-1.32
3,0,0,0,-2.34
12,2,3,1,4.17
17,2,1,0,3.9
5,0,0,0,-1.66
38,7,4,3,5.0
6,0,0,0,-1.38
50,8,6,2,5.0
6,0,0,0,-1.34
1,0,0,0,-2.55
22,0,3,0,4.48
7,0,0,0,-1.01
19,3,1,0,4.23
14,1,2,0,3.52
41,5,4,2,5.0
14,1,2,1,4.28
21,0,0,1,3.97
19,3,1,0,4.44
1,0,0,0,-2.77
2,0,0,0,-2.06
7,1,2,0,1.56
2,1,0,0,-1.91
22,2,4,0,4.99
14,2,2,0,3.65
12,4,1,1,4.02
4,0,0,0,-1.8
1,1,1,0,-1.23
11,2,2,0,3.17
22,0,1,0,4.04
2,0,0,0,-2.65
2,0,0,0,-2.32
4,0,0,0,-1.88
14,5,2,0,4.21
41,7,5,0,5.0
3,0,0,0,-2.21
5,0,0,0,-1.76
16,3,1,0,3.89
8,0,0,0,-0.7
3,0,0,1,-1.0
17,3,0,1,4.13
15,3,2,0,4.43
3,0,1,0,-1.36
17,3,2,0,4.15
9,1,1,1,2.82
21,1,2,0,4.33
13,3,2,0,3.78
4,0,0,0,-2.18
1,0,1,0,-2.16
16,0,3,0,3.7
5,0,0,0,-1.49
15,2,2,1,4.42
18,1,3,0,4.2
58,9,5,3,5.0
3,0,0,0,-2.43
1,1,0,0,-2.18
4,0,0,1,-0.45
19,2,4,1,4.8
20,2,0,0,3.36
5,1,0,0,-1.15
42,4,6,1,5.0
15,2,3,2,4.95
3,2,0,0,-1.01
14,3,0,2,4.22
17,2,3,1,4.59
9,1,3,1,3.69
7,2,2,0,2.17
1,1,1,0,-1.34
2,0,0,0,-2.49
1,0,0,0,-2.65
7,0,1,0,0.1
11,1,0,1,2.41
15,3,2,0,4.01
10,1,2,0,2.4
41,4,5,4,5.0
2,1,0,0,-2.0
57,3,3,2,4.88
16,5,1,1,4.33
3,0,0,0,-2.25
46,10,6,2,4.96
5,0,0,0,-1.45
2,0,1,0,-1.32
24,1,1,0,4.24
4,0,1,1,0.4
19,3,2,0,4.33
14,1,1,0,2.82
44,5,3,2,4.95
0,0,1,0,-2.05
42,4,1,1,4.94
11,1,2,0,2.79
15,3,3,0,4.63
10,0,1,1,2.43
43,5,3,1,4.95
19,1,1,2,4.6
49,3,11,6,4.93
15,1,3,1,4.38
20,0,2,2,4.65
2,1,0,0,-1.99
4,0,2,0,0.15
16,1,1,0,3.21
19,4,3,1,4.83
21,2,1,0,4.2
11,2,2,1,3.74
53,5,3,3,5.0
3,0,0,0,-2.26
12,0,0,0,0.46
1,0,0,1,-1.09
45,3,6,1,4.93
2,0,1,0,-1.75
15,0,3,0,3.4
15,0,2,0,3.26
12,0,0,1,2.15
15,3,3,1,4.89
48,10,2,6,5.0
2,0,0,0,-2.48
19,1,4,0,4.5
2,0,0,0,-2.4
16,2,1,0,3.75
39,6,3,0,4.84
2,0,0,0,-2.41
20,1,2,0,4.2
7,0,0,0,-1.06
5,0,0,0,-1.64
18,0,3,1,4.53
2,1,0,0,-1.87
3,0,0,0,-2.06
1,0,0,0,-2.95
15,2,0,0,2.8
11,2,1,0,2.56
20,2,1,0,4.03
3,0,0,0,-2.36
23,1,0,0,3.81
0,0,0,0,-2.95
47,3,5,1,4.96
16,2,0,0,2.64
4,0,1,0,-0.97
4,0,0,0,-2.15
2,1,0,0,-1.74
15,2,2,1,4.12
1,0,0,0,-2.67
2,0,0,0,-2.42
15,3,2,3,4.71
5,1,0,0,-1.05
16,0,1,3,4.52
1,1,0,0,-2.16
3,0,1,0,-1.43
42,11,9,2,5.0
1,0,0,0,-2.84
41,5,6,2,4.94
2,0,0,0,-2.5
14,3,3,0,4.1
1,1,0,0,-2.26
18,0,1,0,3.07
7,0,0,0,-1.17
1,0,0,0,-2.42
17,1,6,2,4.9
20,1,1,0,3.89
17,1,2,0,4.05
4,0,1,0,-1.01
2,0,0,0,-2.5
47,8,5,1,4.97
14,1,0,0,2.38
57,7,4,2,5.0
2,0,0,0,-2.36
49,8,2,3,5.0
3,0,0,0,-2.13
4,1,1,0,-0.3
13,3,1,0,3.44
14,2,1,0,3.22
0,0,0,0,-2.99
3,0,0,0,-2.25
1,0,0,0,-2.83
2,0,0,0,-2.48
15,0,0,0,1.97
3,1,0,0,-1.5
0,0,0,0,-2.81
1,0,0,0,-2.57
3,1,1,0,-0.85
20,0,4,0,4.59
44,5,2,2,4.92
1,0,0,0,-2.75
15,1,3,0,3.85
8,0,0,0,-0.48
12,1,2,0,2.94
52,2,3,0,4.98
13,0,0,0,0.9
18,1,2,0,3.69
2,0,0,0,-2.47
5,0,1,0,-0.88
13,4,0,0,3.32
53,4,5,2,5.0
0,0,0,0,-2.73
18,2,1,1,4.35
9,3,1,1,3.55
3,0,0,0,-2.11
11,2,2,1,3.81
15,2,0,0,2.82
10,1,1,1,2.88
1,1,0,0,-2.24
2,0,0,0,-2.47
15,2,0,0,2.77
3,0,0,0,-2.01
43,7,7,0,5.0
6,0,1,0,-0.4
3,1,0,1,-0.02
14,2,3,0,4.01
19,3,3,0,4.4
2,0,0,0,-2.5
4,0,0,0,-1.75
3,0,0,0,-2.11
3,0,1,0,-0.95
6,0,0,0,-1.42
9,2,1,0,1.85
15,1,0,1,3.32
3,0,0,0,-2.12
13,2,2,0,3.43
1,0,0,0,-2.72
3,1,1,0,-0.44
18,1,1,0,3.67
38,11,5,1,5.0
1,1,0,0,-2.03
2,0,1,0,-1.52
41,3,3,3,4.92
16,3,1,0,3.92
5,0,0,0,-1.4
42,6,3,2,5.0
7,0,1,0,0.01
22,1,0,0,3.9
16,0,2,0,3.53
2,0,0,0,-2.35
2,1,0,0,-1.89
0,1,1,0,-1.56
4,0,0,0,-1.82
1,0,0,0,-2.74
3,0,0,0,-2.0
1,0,0,0,-2.69
2,1,0,0,-1.8
3,1,0,0,-1.59
2,0,0,0,-2.16
3,0,0,0,-2.27
0,0,0,0,-2.77
3,0,0,0,-2.13
4,1,1,0,-0.19
3,0,0,0,-2.1
4,1,0,0,-1.17
3,1,0,0,-1.61
1,1,0,0,-2.01
9,2,2,0,2.64
42,7,4,2,5.0
9,1,2,1,3.26
48,8,4,2,5.0
22,3,2,0,4.45
3,1,0,0,-1.29
2,0,0,0,-2.45
15,1,3,2,4.72
4,0,0,0,-1.76
16,4,3,0,4.66
5,0,0,0,-1.7
19,0,2,1,4.54
2,0,0,0,-2.31
14,1,2,0,2.98
3,0,0,0,-2.08
5,0,0,0,-1.96
4,0,0,0,-2.05
14,1,2,0,3.32
1,0,0,0,-2.52
2,0,1,0,-1.45
46,10,7,1,4.85
4,0,0,0,-1.98
15,0,0,1,2.78
0,1,0,0,-2.36
6,0,0,0,-1.29
36,7,4,1,5.0
13,3,2,1,4.34
2,0,0,0,-2.49
1,0,0,0,-2.65
41,10,3,6,5.0
4,0,0,0,-1.84
15,3,0,0,3.21
16,3,1,0,3.76
15,1,1,0,2.94
17,2,3,1,4.31
2,0,0,0,-2.34
4,1,0,0,-1.61
19,4,1,1,4.73
2,0,0,0,-2.48
1,0,0,0,-2.63
18,3,3,0,4.68
14,2,0,0,2.51
17,2,3,0,4.55
13,1,3,0,3.74
42,2,1,2,4.8
2,0,0,0,-2.0
1,1,1,0,-1.48
13,1,2,0,3.27
15,2,0,0,2.64
1,0,1,0,-1.8
11,1,1,1,3.15
2,1,0,0,-1.95
45,4,4,2,4.97
1,0,0,0,-2.58
46,5,7,1,4.97
5,0,0,0,-1.84
8,1,1,0,1.03
15,2,1,0,3.47
3,0,0,0,-2.09
3,0,0,0,-2.17
6,1,0,0,-0.89
53,3,7,3,4.99
21,5,1,0,4.59
1,0,0,0,-2.97
6,1,1,0,0.1
18,2,2,0,3.9
8,1,0,0,0.07
3,0,0,0,-2.2
1,0,0,1,-1.25
16,1,1,0,3.36
7,0,0,0,-1.05
17,2,0,0,2.98
24,2,0,0,4.29
12,1,4,0,3.91
4,1,0,0,-1.19
44,11,7,2,5.0
6,1,0,0,-0.81
15,1,0,0,2.09
5,0,0,0,-1.74
3,0,0,0,-2.16
46,9,2,1,5.0
12,2,1,0,2.73
3,0,0,0,-2.08
18,1,0,0,3.2
52,12,5,2,5.0
13,1,2,0,2.97
14,2,3,0,3.91
48,8,6,0,4.88
7,2,1,0,1.19
8,2,0,0,0.45
3,2,0,0,-1.0
41,5,4,3,4.89
2,1,0,0,-1.71
16,4,1,0,4.29
42,10,6,3,4.97
3,1,1,0,-0.75
20,1,0,0,3.17
47,4,6,2,4.98
3,0,0,0,-1.97
49,9,7,1,5.0
40,12,10,2,5.0
35,3,6,3,5.0
0,0,0,0,-2.91
9,1,1,0,1.46
2,0,1,0,-1.81
18,1,1,0,3.31
18,2,5,0,4.72
10,1,3,1,3.91
12,4,4,0,4.57
41,5,5,1,4.82
3,0,0,0,-2.1
20,3,0,0,3.81
16,1,0,0,2.39
2,1,0,0,-1.58
16,1,3,0,4.06
9,0,0,0,-0.34
19,1,2,1,4.52
2,0,1,0,-1.64
13,1,3,0,3.91
51,2,9,1,4.98
0,0,0,0,-2.85
11,1,2,1,3.38
4,0,0,0,-1.95
3,0,0,0,-2.0
0,1,0,0,-2.68
38,5,4,1,4.82
18,1,1,0,3.67
42,7,8,0,5.0
0,0,0,0,-2.9
3,0,2,0,-0.29
6,2,0,0,-0.12
3,0,0,0,-2.47
2,1,0,0,-2.04
2,0,0,1,-1.28
40,9,8,1,5.0
14,0,4,0,3.97
1,0,0,0,-2.65
2,1,1,0,-1.3
2,1,1,0,-0.8
12,3,0,0,2.43
11,3,1,1,3.73
2,0,0,0,-2.58
4,0,0,0,-1.74
4,0,0,0,-1.82
3,0,0,0,-2.32
14,2,0,0,2.59
10,1,2,0,2.14
50,9,2,2,5.0
4,0,0,1,0.01
4,0,0,0,-2.01
52,7,7,3,4.68
4,0,0,0,-1.64
43,9,5,1,5.0
3,0,0,0,-2.19
2,0,0,0,-2.33
4,1,0,0,-1.46
43,6,2,1,5.0
16,0,0,1,3.18
2,0,0,1,-0.94
2,0,0,0,-2.49
16,3,2,1,4.73
0,1,0,0,-2.34
13,2,0,2,4.26
2,0,0,0,-2.45
2,0,0,0,-2.53
10,2,3,0,3.57
3,2,0,0,-0.88
44,6,6,3,5.0
2,0,0,0,-2.43
3,0,0,0,-2.13
3,0,0,0,-2.23
20,4,2,0,4.63
53,4,4,3,5.0
2,0,0,0,-2.66
2,0,0,0,-2.53
3,2,0,0,-1.25
1,2,0,0,-1.61
0,0,0,0,-2.85
6,0,0,0,-1.66
3,0,0,0,-2.38
4,0,0,0,-1.88
0,0,0,0,-3.22
13,1,1,0,2.48
13,4,3,2,4.9
50,9,3,2,5.0
3,0,1,0,-1.41
45,10,3,1,5.0
5,1,1,0,0.07
2,0,0,0,-2.45
3,0,0,0,-2.29
16,2,0,0,3.08
18,0,3,0,4.2
5,0,0,0,-1.49
2,1,0,0,-2.1
5,0,0,0,-1.63
2,0,0,0,-2.5
8,4,1,0,2.67
4,1,0,0,-1.19
2,0,0,0,-2.11
38,7,8,2,4.87
5,0,0,0,-1.88
8,1,1,1,2.45
55,7,6,2,5.0
3,0,1,0,-1.24
21,1,1,0,3.86
16,2,1,1,3.88
14,0,1,0,2.45
2,0,0,0,-2.73
0,0,0,0,-2.57
3,0,0,0,-2.14
52,3,6,2,4.7
2,0,0,0,-2.55
12,0,0,1,2.39
15,4,3,2,4.64
62,7,3,3,4.71
1,0,0,0,-2.93
5,0,0,0,-1.46
5,0,0,0,-1.69
3,0,0,0,-2.12
4,0,0,1,-0.5
1,1,0,0,-1.93
0,1,0,0,-2.53
47,4,6,1,4.97
1,0,0,0,-2.69
2,0,0,0,-2.29
2,0,1,0,-1.46
41,6,5,3,5.0
2,0,0,0,-2.19
0,0,0,0,-2.76
3,0,1,0,-1.41
24,1,2,1,4.61
41,3,4,2,4.9
16,3,3,0,4.29
10,1,0,1,2.05
16,5,2,1,4.71
14,2,1,1,3.8
2,0,0,1,-1.21
3,1,0,0,-1.65
38,4,7,1,5.0
2,0,0,0,-2.32
4,0,1,0,-0.62
59,1,6,0,4.84
59,7,8,1,4.67
1,0,0,0,-2.6
12,1,2,1,3.76
1,0,0,1,-1.23
4,0,0,0,-1.84
3,1,0,0,-1.37
3,0,0,0,-2.36
14,6,3,2,4.95
13,2,2,0,3.43
15,2,1,0,2.86
2,0,0,0,-2.31
3,0,3,0,0.91
1,0,0,0,-2.63
10,3,1,1,3.82
3,0,0,0,-2.37
2,0,2,0,-0.63
19,0,4,0,4.44
12,0,0,0,0.69
1,0,0,0,-2.86
4,0,0,0,-1.68
4,0,0,0,-1.66
4,0,0,0,-1.9
4,0,0,0,-1.83
3,1,0,0,-1.63
7,0,0,0,-1.22
16,3,0,0,3.13
16,3,1,0,4.17
43,7,8,3,4.84
15,2,1,1,3.89
3,2,0,0,-1.03
10,2,2,0,3.19
1,0,0,0,-2.87
4,0,0,0,-1.51
3,0,0,0,-1.97
5,0,0,0,-1.8
5,0,0,0,-1.43
44,11,4,1,4.84
6,0,0,0,-1.42
13,0,0,2,3.55
42,1,5,1,5.0
20,1,2,0,4.16
3,0,0,0,-2.2
3,1,0,0,-1.7
21,0,1,0,3.69
3,0,0,0,-2.16
49,6,6,1,5.0
12,4,3,0,4.41
8,3,2,0,2.79
4,1,0,0,-1.22
12,3,1,3,4.72
2,1,0,0,-1.85
13,5,4,0,4.92
4,0,1,0,-1.0
13,2,1,1,3.76
4,0,0,0,-2.0
3,1,0,0,-1.69
3,2,0,0,-0.95
20,3,2,2,4.47
45,7,4,1,4.75
4,0,0,0,-1.98
49,10,1,4,4.84
28,4,6,3,5.0
48,6,2,0,5.0
41,4,5,1,5.0
16,0,1,0,2.71
52,9,3,2,5.0
6,0,0,0,-1.54
1,0,0,0,-2.87
5,1,0,0,-1.28
12,1,1,0,2.06
44,2,3,2,5.0
15,1,1,0,3.02
2,0,0,1,-1.09
3,1,0,0,-1.67
3,0,0,0,-2.35
5,0,0,0,-1.52
2,1,0,0,-1.64
23,1,0,0,4.07
2,0,0,0,-2.27
7,0,0,0,-1.17
0,0,0,0,-2.93
5,1,1,0,0.0
47,10,3,3,4.77
24,1,1,0,4.42
49,2,0,0,4.85
4,0,1,0,-0.61
1,0,1,0,-2.01
4,0,0,0,-1.83
3,1,0,0,-1.86
6,1,0,0,-0.84
4,0,0,0,-2.1
19,2,1,0,4.14
17,1,3,0,4.13
3,0,0,0,-2.26
2,0,0,0,-2.16
23,1,1,0,3.93
43,4,5,1,5.0
2,0,1,0,-1.64
2,0,0,0,-2.26
11,3,1,1,3.66
53,8,5,1,5.0
2,0,0,0,-2.4
43,10,8,1,4.69
6,0,0,0,-1.66
1,0,0,0,-2.44
12,2,3,0,3.45
3,0,0,0,-2.13
32,5,4,0,4.82
3,1,0,0,-1.78
2,0,0,0,-2.21
5,0,0,0,-1.63
5,0,1,0,-0.78
3,0,0,0,-2.19
10,1,1,1,3.24
4,0,0,0,-1.88
16,4,1,0,3.96
11,1,4,1,4.41
2,0,2,0,-0.85
53,7,4,2,5.0
6,0,1,0,-0.19
5,0,0,0,-1.67
12,2,2,1,4.06
2,0,0,0,-2.4
14,2,2,0,3.67
3,0,0,1,-0.52
3,0,0,0,-2.04
1,0,0,0,-2.73
2,0,0,0,-2.54
5,1,0,0,-1.15
2,1,0,0,-2.01
15,2,2,0,3.63
16,4,1,1,4.68
4,0,0,0,-1.84
47,6,6,2,4.87
2,0,1,0,-1.59
13,1,0,0,1.59
3,0,0,0,-2.07
4,0,0,0,-1.77
35,4,3,2,5.0
3,0,0,0,-2.34
10,0,1,0,0.78
20,5,2,3,5.0
3,0,0,0,-2.28
6,0,1,1,1.25
1,0,0,0,-2.67
3,0,0,1,-0.61
17,2,2,0,3.96
49,12,6,3,5.0
20,2,2,1,4.74
15,5,0,0,4.04
20,1,0,1,4.17
12,4,2,0,4.06
16,2,2,1,4.62
46,3,3,1,5.0
11,2,4,0,4.3
5,0,0,0,-1.93
1,0,0,0,-2.77
23,2,3,0,4.54
5,0,0,0,-1.86
13,3,1,0,3.42
43,5,4,0,5.0
12,2,3,1,4.3
1,1,0,0,-2.17
0,1,0,0,-2.38
11,2,2,0,3.03
18,1,3,1,4.64
3,1,0,0,-1.33
31,1,5,1,4.88
11,2,0,1,2.83
38,6,6,0,4.92
3,0,0,0,-2.23
48,7,6,2,5.0
41,8,7,1,4.84
3,0,0,0,-2.18
18,2,2,0,4.1
11,2,1,0,2.49
2,2,0,0,-1.21
5,0,0,0,-1.59
4,0,0,0,-1.82
15,1,1,0,2.76
57,5,8,1,5.0
18,2,1,0,3.83
0,0,0,0,-2.94
3,0,0,0,-2.25
3,0,0,0,-2.2
4,0,0,0,-1.8
9,1,1,0,1.2
51,8,7,1,5.0
1,0,0,0,-2.57
1,0,1,0,-1.78
44,7,7,2,4.87
20,4,1,0,4.46
37,7,7,1,5.0
19,1,0,0,3.16
9,0,1,1,2.29
13,2,1,0,2.82
38,7,5,3,5.0
21,1,2,1,4.54
2,0,0,0,-2.4
2,0,0,0,-2.47
20,2,1,0,4.27
3,0,0,0,-2.16
3,0,0,0,-2.07
2,0,1,0,-1.73
1,0,0,0,-2.71
19,6,2,0,4.81
4,1,1,0,-0.57
4,0,0,0,-1.96
43,4,6,2,4.89
10,1,2,1,3.29
5,1,0,0,-1.28
17,3,2,0,4.31
0,0,0,0,-3.03
2,0,1,0,-1.92
4,1,2,0,0.77
2,2,0,0,-1.39
13,4,1,0,3.57
13,0,1,2,4.12
1,0,0,0,-2.84
15,6,3,0,4.73
3,1,1,0,-0.58
18,1,3,0,4.37
10,0,7,0,4.11
40,3,1,1,5.0
2,0,0,0,-2.51
14,4,1,1,4.33
14,4,1,0,3.94
11,4,1,0,3.37
21,4,0,1,4.43
1,1,1,0,-1.09
5,1,0,0,-0.98
1,1,0,0,-2.09
3,1,0,1,-0.17
6,0,0,0,-1.31
14,0,2,0,2.86
21,1,1,0,3.79
25,4,0,0,4.37
5,0,1,0,-0.6
3,1,0,0,-1.62
13,3,0,0,2.76
2,0,0,0,-2.55
11,1,1,0,1.81
0,0,0,0,-2.9
5,0,0,0,-1.5
45,4,2,2,5.0
5,1,0,0,-1.05
3,1,0,0,-1.41
14,2,2,1,4.15
46,8,8,0,4.85
16,1,4,1,4.8
44,9,9,1,5.0
2,0,0,0,-2.3
3,0,0,0,-2.26
12,2,1,0,2.82
2,0,1,0,-1.82
54,4,6,1,4.8
15,0,0,1,3.05
14,0,1,0,2.14
3,2,0,0,-0.86
11,3,1,0,2.98
4,0,0,0,-1.91
6,1,0,0,-0.71
22,3,2,1,4.76
44,5,5,1,5.0
4,0,0,0,-2.09
0,0,0,0,-2.82
20,1,1,0,3.58
3,0,0,0,-1.82
2,1,0,0,-1.73
3,0,0,0,-2.29
7,2,1,0,1.53
2,0,0,0,-2.57
9,3,3,1,4.46
0,0,0,0,-2.86
5,0,1,0,-0.45
4,0,0,0,-2.09
48,11,1,0,5.0
0,0,0,0,-3.2
15,0,0,2,3.79
2,0,1,0,-1.92
17,3,1,0,3.87
11,3,2,0,3.5
44,9,7,2,5.0
46,5,3,2,4.91
3,0,0,0,-1.97
14,3,0,0,3.14
51,8,5,3,4.87
2,0,0,0,-2.2
4,0,0,0,-2.06
2,0,0,0,-2.74
35,8,4,1,4.98
11,4,1,0,3.29
5,0,2,0,0.24
3,0,0,0,-2.3
17,2,2,1,4.56
14,2,2,0,3.41
2,1,1,1,0.73
16,2,2,1,4.4
1,0,0,0,-2.87
2,0,0,0,-2.55
0,0,0,0,-3.1
4,1,0,0,-1.19
20,1,1,0,3.75
14,1,0,0,1.69
17,1,0,1,3.75
17,0,2,0,3.57
12,1,3,0,3.41
1,0,1,0,-1.8
14,2,1,1,3.91
7,1,0,0,-0.21
19,4,3,0,4.48
5,1,0,0,-0.87
15,2,3,0,4.26
5,0,0,0,-1.34
1,0,0,0,-2.71
5,0,0,0,-1.63
9,2,3,1,4.07
43,8,1,0,5.0
22,3,1,0,4.42
3,0,0,0,-2.09
9,3,1,0,2.36
1,0,0,0,-2.6
48,4,7,2,5.0
0,1,0,0,-2.29
1,1,1,0,-1.26
18,5,2,0,4.66
11,3,0,0,2.14
4,1,1,0,-0.36
13,0,2,0,2.88
49,6,6,0,4.86
38,9,3,2,4.85
61,8,4,2,5.0
1,0,0,0,-2.92
4,0,1,0,-0.95
12,5,0,0,3.26
46,9,6,1,4.9
4,0,0,0,-1.7
16,2,0,0,2.92
3,0,0,0,-2.47
16,1,3,2,4.54
14,5,0,2,4.76
9,0,3,0,2.39
11,5,0,0,3.4
19,1,5,0,4.54
0,0,1,0,-2.02
0,0,0,0,-2.76
16,5,2,0,4.26
15,1,0,0,2.09
38,4,4,1,5.0
40,6,7,0,5.0
0,0,0,0,-2.93
3,0,0,0,-2.18
17,0,0,1,3.15
41,5,6,1,5.0
4,0,0,0,-1.81
11,3,0,1,3.1
3,0,0,1,-0.67
39,9,1,1,5.0
4,0,0,0,-1.92
3,0,1,0,-1.21
4,1,0,0,-1.36
11,2,1,0,2.45
36,7,0,1,5.0
15,1,3,2,4.74
2,0,0,0,-2.47
17,1,6,1,4.79
14,4,2,3,4.99
6,0,0,0,-1.06
1,1,0,0,-2.1
5,1,0,0,-1.24
15,3,1,2,4.45
12,1,1,2,3.96
44,2,5,0,4.64
43,8,7,1,5.0
13,1,3,0,3.49
16,4,2,0,4.4
32,4,6,2,4.96
1,1,0,0,-2.18
3,0,0,0,-2.24
4,1,0,0,-1.5
2,0,1,0,-1.34
23,0,0,1,3.99
20,1,3,0,4.32
16,5,2,0,4.7
4,0,0,0,-1.92
9,0,1,0,0.7
41,9,3,2,5.0
2,0,0,0,-2.23
3,0,0,0,-2.15
2,0,0,0,-2.58
14,3,0,0,2.67
51,6,5,1,5.0
20,1,3,1,4.82
2,1,0,0,-2.11
2,1,0,0,-1.95
5,0,0,0,-1.67
45,5,8,2,4.8
13,3,3,0,4.54
18,2,1,1,4.05
3,0,0,0,-2.16
11,3,3,0,3.87
14,5,5,0,4.66
54,8,4,5,5.0
16,4,1,0,4.23
3,0,0,0,-1.87
2,1,0,0,-1.86
3,1,0,0,-1.66
3,0,0,0,-2.27
19,2,0,0,3.33
15,1,4,0,4.49
22,4,1,0,4.69
4,0,0,0,-1.96
14,2,3,0,4.12
49,8,5,0,4.92
4,0,0,0,-1.68
48,7,3,1,5.0
13,1,2,0,3.28
1,0,0,0,-2.63
3,0,0,0,-2.17
2,0,1,0,-1.55
3,1,0,0,-1.55
2,0,0,0,-2.36
16,4,0,0,3.68
3,0,0,0,-2.15
49,7,8,1,4.98
2,0,0,0,-2.43
2,0,0,0,-2.48
13,7,0,0,3.98
10,0,0,0,-0.12
14,1,0,1,3.19
4,0,1,0,-0.97
4,0,1,0,-1.11
0,1,3,0,0.51
15,5,2,0,4.41
52,4,7,4,5.0
2,2,0,0,-1.24
1,1,1,0,-1.62
18,2,3,0,4.41
40,5,6,0,4.78
2,0,0,0,-2.51
2,0,1,0,-1.64
5,0,0,0,-1.45
16,4,1,0,4.13
2,0,0,0,-2.46
46,6,0,0,4.95
19,0,2,1,4.19
46,7,7,2,4.98
2,0,0,0,-2.38
3,1,0,0,-1.51
17,1,1,0,3.48
1,2,0,0,-1.49
19,2,2,0,4.24
16,2,3,0,4.08
14,1,1,1,3.56
15,4,2,0,4.19
21,0,3,2,4.72
16,4,1,0,3.79
2,0,0,0,-2.54
15,4,1,0,3.88
40,6,5,2,4.7
6,0,0,0,-1.36
12,4,1,0,3.44
15,1,1,0,2.93
14,4,2,0,4.15
20,0,2,1,4.61
18,2,2,0,4.32
5,0,0,0,-1.64
40,2,6,2,5.0
18,1,0,0,2.94
18,3,4,1,4.67
2,0,0,0,-2.5
1,0,0,0,-2.83
3,2,0,0,-1.03
1,0,0,0,-2.67
4,0,0,0,-2.21
42,7,5,4,5.0
5,0,0,0,-1.44
15,6,2,0,4.84
45,1,7,2,4.77
47,4,4,3,4.71
12,3,0,0,2.68
1,0,0,0,-2.75
2,1,0,0,-1.94
40,12,2,6,4.87
50,4,7,3,4.86
2,0,0,0,-2.44
3,0,0,0,-1.85
57,5,5,3,4.98
3,1,0,0,-1.54
50,3,9,1,4.84
3,0,0,0,-2.2
5,0,0,0,-1.58
24,6,2,2,4.95
53,5,6,0,4.93
2,0,0,0,-2.22
16,3,3,0,4.39
3,0,0,0,-2.21
5,0,1,0,-0.63
15,3,0,1,3.87
1,0,0,1,-1.17
1,0,2,0,-1.26
1,0,0,0,-2.77
2,0,0,0,-2.27
11,0,1,0,1.35
21,1,1,0,3.79
4,0,0,0,-2.01
4,0,0,0,-1.87
3,1,0,1,-0.28
2,0,0,0,-2.4
1,1,0,0,-2.09
36,6,4,0,4.96
2,0,0,0,-2.38
38,6,2,1,5.0
46,3,7,2,4.99
2,0,2,0,-0.83
4,1,0,0,-1.43
40,7,4,2,5.0
4,1,0,0,-1.35
14,4,3,0,4.4
14,1,2,0,3.55
9,2,3,0,3.27
1,1,1,0,-1.41
15,0,1,0,2.5
10,1,2,0,2.57
3,1,1,0,-0.49
3,1,0,0,-1.29
36,9,6,1,5.0
38,6,4,2,4.96
54,7,3,4,5.0
41,9,4,1,4.92
47,3,6,0,4.8
14,2,2,0,3.87
15,4,0,0,3.31
3,0,0,0,-2.18
3,0,0,0,-2.14
48,8,7,1,5.0
3,0,0,0,-2.04
17,2,3,1,4.67
3,0,0,0,-2.27
18,2,0,1,3.65
20,3,1,0,4.02
1,1,0,0,-2.21
50,8,7,2,5.0
14,0,2,0,2.79
6,0,2,0,0.69
47,10,6,2,4.97
12,2,1,0,2.62
4,0,1,0,-0.99
3,0,0,0,-2.11
3,1,0,0,-1.67
10,2,0,3,4.3
15,2,1,0,3.35
0,0,0,0,-3.09
3,0,0,0,-1.97
4,0,2,0,0.23
9,0,0,0,-0.61
66,7,7,2,4.99
2,1,0,0,-1.97
9,3,0,1,2.96
15,1,2,0,3.79
19,2,1,0,4.0
44,3,0,2,4.81
0,0,0,0,-3.19
3,1,0,0,-1.43
4,0,0,1,-0.28
15,2,1,1,4.08
36,5,3,2,5.0
16,0,2,0,3.38
12,3,1,1,3.92
10,2,2,0,2.99
16,1,3,0,4.03
10,0,2,0,1.9
1,0,0,0,-2.75
2,0,0,0,-2.65
2,0,0,0,-2.32
5,0,0,0,-1.52
15,3,5,0,4.63
42,6,2,3,4.97
14,3,2,0,3.73
5,0,1,0,-0.67
15,3,1,1,4.05
48,10,4,4,4.94
20,2,0,0,3.53
17,2,0,0,3.1
14,4,2,0,4.22
6,0,1,0,-0.19
8,0,0,0,-0.6
4,1,0,0,-1.51
11,0,0,0,0.66
5,0,0,0,-1.55
9,1,2,1,3.48
2,0,0,1,-0.78
5,0,0,0,-1.61
2,0,0,0,-2.54
6,0,2,0,0.76
21,2,1,0,4.31
3,0,2,0,-0.25
39,5,3,2,5.0
3,1,0,0,-1.45
18,0,1,0,3.28
2,0,0,0,-2.33
1,0,0,0,-2.91
2,0,0,0,-2.35
20,0,3,3,4.88
3,0,0,0,-2.53
6,0,0,0,-1.28
11,2,0,0,1.6
1,3,0,0,-1.11
0,0,0,0,-3.01
49,10,3,1,4.85
3,0,0,0,-2.2
12,1,3,0,3.21
2,0,0,0,-2.57
15,0,4,0,4.24
4,0,0,0,-1.82
7,2,1,0,1.14
1,0,1,0,-1.88
6,1,0,0,-0.74
17,4,2,0,4.52
1,2,0,0,-1.43
2,0,0,0,-2.18
52,8,8,3,4.94
3,1,0,0,-1.6
52,4,10,0,4.95
40,1,3,3,5.0
1,0,0,0,-2.68
3,0,1,0,-1.42
59,8,5,3,5.0
14,2,0,0,2.3
6,0,1,0,-0.34
48,3,5,2,5.0
4,1,0,0,-1.41
15,1,1,0,2.79
1,0,0,0,-2.52
3,0,0,0,-2.04
15,4,2,0,4.55
12,2,2,0,3.44
44,5,4,2,4.85
4,0,0,0,-2.12
3,1,0,0,-1.84
4,0,0,0,-2.1
33,6,5,1,5.0
3,0,0,0,-2.09
14,1,2,0,3.22
3,1,0,0,-1.56
17,3,4,0,4.79
4,0,0,0,-1.7
13,0,1,1,3.3
18,1,1,1,4.1
0,0,0,0,-2.83
62,6,3,1,4.98
38,9,7,0,4.96
16,6,0,1,4.63
16,0,0,1,3.14
6,1,0,0,-0.85
2,1,0,0,-2.14
2,0,0,0,-2.45
35,10,6,0,5.0
14,5,3,1,4.73
11,2,1,2,4.0
3,0,0,0,-2.2
45,3,4,1,5.0
4,0,1,0,-1.06
44,6,0,0,5.0
17,1,3,0,4.26
46,10,3,2,5.0
3,0,0,0,-2.35
10,3,2,2,4.59
1,0,0,0,-2.66
1,0,0,0,-2.74
40,6,6,2,5.0
5,0,0,0,-1.54
4,0,0,0,-1.86
11,3,2,0,3.76
3,1,0,0,-1.83
6,0,0,0,-1.24
1,0,0,0,-2.74
20,1,2,1,4.82
8,0,1,0,0.32
2,0,1,0,-1.43
2,1,0,0,-2.06
15,3,3,0,4.43
16,7,1,0,4.51
17,2,2,0,4.2
13,3,0,0,2.68
2,0,1,0,-1.56
2,0,0,0,-2.27
10,2,1,0,2.02
47,4,7,3,4.97
13,3,0,0,2.64
48,5,3,3,5.0
56,7,5,3,5.0
57,13,2,1,4.99
5,0,1,0,-0.48
49,6,10,3,5.0
11,1,3,1,3.91
2,0,1,0,-1.57
13,2,0,0,2.27
12,3,0,0,2.37
4,0,0,0,-1.72
3,0,0,0,-2.13
20,4,0,0,3.99
15,4,1,2,4.65
12,2,1,0,2.7
3,1,1,0,-0.44
40,8,5,4,4.97
13,0,1,0,2.22
1,0,1,0,-1.59
2,0,0,0,-2.38
36,2,8,1,5.0
17,2,4,0,4.48
3,1,0,0,-1.58
2,0,0,0,-2.63
1,1,0,0,-2.08
2,1,0,0,-1.95
49,5,3,3,5.0
2,0,1,0,-1.51
0,0,0,0,-2.97
17,1,2,0,3.72
39,2,2,3,5.0
4,0,0,0,-2.08
14,0,2,0,2.74
2,0,0,0,-2.49
15,3,0,0,3.12
3,0,1,0,-1.51
12,3,2,0,3.85
3,0,0,0,-2.13
2,1,0,0,-1.45
4,0,0,0,-1.66
13,1,2,0,2.94
16,3,3,1,4.8
15,0,4,1,4.42
8,1,1,0,0.87
4,0,1,0,-1.08
2,1,0,0,-1.99
45,5,2,2,4.88
20,1,1,0,3.7
52,7,6,3,5.0
17,4,3,0,4.7
3,0,0,0,-2.24
3,0,1,0,-1.29
33,2,0,1,5.0
1,0,0,0,-2.67
50,5,5,3,4.79
2,1,1,0,-0.86
18,1,2,0,3.94
0,0,0,0,-2.97
22,1,3,0,4.41
7,0,0,0,-0.52
13,2,1,0,2.76
4,0,0,0,-1.96
2,0,1,0,-1.55
2,0,0,0,-2.48
3,0,0,0,-2.01
9,1,2,0,2.18
1,0,0,0,-2.6
19,3,7,1,4.96
10,1,1,0,1.9
3,0,1,0,-1.4
7,1,0,0,-0.49
40,4,6,0,5.0
9,1,3,0,3.0
3,1,0,0,-1.63
15,1,0,0,2.24
3,0,0,0,-2.2
42,3,6,1,5.0
2,0,0,0,-2.47
14,3,1,1,4.08
4,0,1,0,-1.12
14,2,2,0,3.58
8,1,1,1,2.37
66,6,6,2,5.0
13,4,1,1,4.11
10,4,0,1,3.42
19,1,1,0,3.71
2,0,1,0,-1.48
0,1,1,0,-1.52
14,2,1,1,3.76
1,0,0,0,-2.53
15,0,0,0,1.71
4,0,0,0,-2.02
12,1,2,0,2.83
13,0,1,0,1.85
5,0,0,0,-1.57
20,1,1,2,4.93
18,3,0,1,4.51
3,0,0,0,-1.93
15,3,2,1,4.49
2,2,0,0,-1.25
54,7,6,3,5.0
5,0,1,0,-0.69
11,1,1,1,3.02
2,1,0,0,-1.61
2,0,0,0,-2.45
3,0,0,0,-2.4
3,0,0,0,-2.21
2,0,0,0,-2.42
4,0,0,0,-1.85
3,1,0,0,-1.58
12,2,4,0,4.05
3,1,0,0,-1.32
2,2,0,0,-1.33
4,1,0,0,-1.19
8,3,1,0,2.23
47,10,4,4,4.84
5,2,0,0,-0.36
1,0,0,0,-2.55
40,6,3,0,4.93
6,0,0,0,-1.3
6,0,1,0,-0.3
41,5,4,1,4.94
13,2,2,0,3.57
4,0,0,0,-1.93
51,8,5,1,4.95
1,0,0,0,-2.51
14,2,1,1,4.03
3,0,1,0,-1.45
3,1,0,0,-1.7
21,2,3,0,4.65
10,1,2,0,2.58
46,7,4,0,4.87
38,5,3,2,5.0
1,0,1,0,-1.78
4,0,0,1,-0.27
3,0,0,0,-2.3
1,0,1,0,-2.01
3,0,0,0,-2.14
6,1,0,0,-0.55
11,1,4,1,4.42
5,2,2,0,1.55
2,0,0,0,-2.39
15,1,2,1,4.62
10,1,0,1,1.94
2,0,1,0,-1.64
11,4,3,0,4.03
0,1,0,0,-2.46
14,3,4,0,4.59
14,3,2,0,3.74
41,3,7,1,5.0
12,3,2,1,4.27
17,1,4,0,4.28
11,1,2,1,3.66
38,2,8,1,4.84
3,0,0,0,-2.21
1,0,0,0,-2.56
16,4,3,0,4.36
3,0,0,0,-2.22
4,0,0,0,-1.68
9,0,1,0,0.67
3,0,1,1,0.45
19,2,0,0,3.46
13,1,3,0,3.48
0,0,1,0,-2.44
3,0,0,0,-2.25
1,0,0,0,-2.36
4,0,0,0,-1.92
4,1,0,0,-1.39
3,1,1,0,-0.63
15,2,2,0,3.71
18,4,0,1,4.43
19,2,1,1,4.46
15,1,4,1,4.4
37,3,5,1,5.0
15,2,2,0,3.82
17,2,0,0,3.35
17,2,2,0,3.96
0,0,0,0,-3.03
4,0,0,0,-1.98
15,1,1,0,2.79
6,0,0,0,-1.11
20,3,0,0,3.97
45,6,3,1,5.0
3,1,0,0,-1.57
14,3,2,0,4.02
3,1,1,0,-0.67
49,4,4,0,5.0
15,2,3,0,4.21
5,0,0,0,-1.54
52,6,4,1,4.92
0,0,0,0,-2.95
1,2,0,0,-1.55
62,10,5,0,5.0
11,3,0,1,3.6
9,5,1,0,3.25
54,8,7,0,4.92
53,7,7,1,4.74
0,1,0,0,-2.34
16,1,4,0,4.44
4,0,0,0,-2.08
56,5,6,1,5.0
6,0,0,0,-1.11
14,1,5,1,4.6
2,0,0,0,-2.42
3,0,0,0,-2.22
4,0,0,0,-1.86
53,4,6,3,5.0
12,3,2,1,4.4
1,1,0,0,-2.4
53,7,4,4,5.0
3,1,0,0,-1.58
3,0,0,0,-2.19
5,0,1,0,-0.44
14,2,1,0,2.99
19,1,1,1,4.34
16,2,1,0,3.41
59,7,5,3,5.0
2,0,0,0,-2.59
33,3,4,2,4.92
44,5,8,1,5.0
54,2,4,1,4.87
23,2,0,1,4.39
1,1,0,0,-2.21
0,0,0,1,-1.39
12,3,1,0,2.89
1,0,0,0,-3.11
22,1,2,2,4.77
38,4,4,1,4.74
35,8,3,2,5.0
5,0,0,0,-1.67
16,2,4,0,4.39
7,0,0,0,-0.8
14,4,1,0,3.81
3,0,0,0,-1.97
3,2,2,1,2.57
16,1,2,0,3.26
1,0,1,0,-1.96
2,0,0,0,-2.68
46,1,5,3,5.0
2,0,0,0,-2.33
2,0,0,0,-2.33
2,0,0,0,-2.53
4,0,0,0,-1.73
3,0,0,0,-2.31
8,0,0,0,-0.71
3,1,0,0,-1.63
47,2,6,3,5.0
11,2,1,0,2.39
15,1,1,1,3.75
11,4,0,0,2.73
11,1,3,1,3.92
18,1,1,1,4.25
4,0,1,0,-1.15
5,1,0,0,-1.21
18,2,3,1,4.69
22,4,0,0,4.5
17,3,3,0,4.24
16,1,0,0,2.44
4,0,0,0,-2.03
1,0,0,0,-2.6
49,7,3,0,5.0
11,2,3,1,4.24
3,0,0,0,-2.15
44,2,6,2,5.0
3,1,0,1,0.22
1,1,0,0,-2.32
4,0,0,0,-2.04
0,0,1,0,-2.19
3,0,0,0,-2.41
38,5,2,3,4.97
22,1,3,0,4.73
4,0,0,0,-1.79
12,1,5,1,4.62
38,5,4,5,5.0
12,2,0,0,1.8
5,0,0,0,-1.29
18,2,2,0,4.13
47,8,8,3,4.93
1,0,0,0,-2.84
3,0,0,0,-2.19
3,0,0,0,-1.93
3,0,0,1,-0.49
3,0,1,0,-1.46
4,0,1,0,-0.61
13,4,2,1,4.5
15,3,1,1,4.14
0,0,0,0,-2.8
18,1,0,1,3.93
6,1,0,0,-0.68
17,2,0,0,3.04
0,1,1,0,-1.56
3,0,0,0,-2.15
17,1,1,1,4.01
13,0,1,1,3.33
3,0,1,0,-1.14
3,0,0,0,-1.89
37,11,4,3,5.0
9,1,0,0,0.31
4,0,0,0,-1.78
43,6,6,1,5.0
6,0,0,0,-1.29
12,2,2,1,4.18
3,0,1,0,-1.42
9,2,2,0,2.6
2,0,0,0,-2.14
0,0,0,0,-2.75
7,0,0,0,-1.4
2,0,1,0,-1.72
4,0,0,0,-1.65
3,1,0,0,-1.7
1,2,0,0,-1.64
3,0,0,0,-2.29
2,0,0,0,-2.37
50,6,5,3,4.8
12,2,1,1,3.58
5,0,0,0,-1.55
15,2,1,0,3.67
48,3,6,3,4.95
3,1,0,0,-1.65
2,0,1,0,-1.12
13,3,2,1,4.05
3,0,2,0,-0.36
17,1,1,1,3.89
4,1,0,0,-1.44
4,1,0,0,-1.22
55,6,5,1,4.95
16,4,2,1,4.78
40,11,3,1,5.0
16,2,0,1,3.59
7,0,0,1,0.43
11,0,1,0,1.42
3,0,1,0,-1.55
3,2,0,0,-1.12
2,0,0,0,-2.4
18,1,2,0,4.08
52,3,6,3,4.99
4,0,0,0,-1.72
4,0,0,0,-2.0
44,6,3,1,5.0
2,0,1,0,-1.67
3,0,0,0,-2.06
1,0,0,0,-2.73
12,2,1,1,3.62
4,0,1,0,-0.85
19,3,3,0,4.66
25,2,1,0,4.33
18,2,1,1,4.72
13,1,1,1,3.19
40,7,4,2,4.76
16,2,2,1,4.62
17,2,0,0,3.29
21,0,4,0,4.62
2,1,0,0,-1.95
6,0,0,0,-1.35
46,4,4,0,5.0
4,0,0,0,-1.93
10,3,3,1,4.24
42,6,7,0,5.0
2,0,0,0,-2.32
11,2,2,1,3.91
10,3,0,0,2.03
47,9,3,3,4.97
4,0,0,0,-1.96
44,6,2,0,5.0
4,0,0,0,-1.67
2,1,1,0,-0.91
43,6,5,3,5.0
43,2,5,0,4.94
15,4,3,0,4.55
2,0,0,0,-2.29
5,0,1,0,-0.76
12,2,1,1,3.43
13,1,0,0,1.42
1,0,0,0,-2.55
13,2,5,2,5.0
3,1,0,0,-1.71
13,2,3,0,3.82
13,1,1,0,2.8
3,2,0,0,-1.33
4,0,0,0,-1.72
1,1,0,0,-2.1
12,1,1,1,3.33
44,11,6,0,5.0
59,3,3,0,5.0
43,1,6,1,5.0
1,0,0,0,-2.61
0,0,2,0,-1.57
3,0,0,0,-2.14
2,0,0,0,-2.32
15,0,1,0,2.28
1,0,0,0,-2.57
1,0,1,0,-1.87
17,0,3,1,4.31
46,7,4,1,4.85
16,1,2,1,4.1
9,3,1,0,2.24
12,1,1,0,1.99
4,0,0,1,-0.36
4,1,1,1,1.39
23,3,3,0,5.0
3,0,1,0,-1.29
5,0,0,0,-1.85
3,0,0,0,-2.05
12,4,0,0,2.96
18,1,1,0,3.58
20,1,4,0,4.67
3,0,0,0,-2.28
5,0,0,1,0.08
16,4,4,2,5.0
4,1,1,0,-0.49
18,4,3,1,4.85
17,4,1,0,4.16
2,0,0,0,-2.35
2,2,1,0,0.03
2,2,0,0,-1.33
2,0,1,0,-1.4
8,0,0,0,-0.84
43,7,7,0,5.0
16,0,3,1,4.37
1,1,0,0,-2.17
3,0,0,0,-2.36
6,0,0,0,-1.07
18,1,1,1,4.27
17,0,4,0,4.27
5,0,0,0,-1.7
2,0,0,0,-2.38
4,0,1,0,-0.85
56,9,7,1,4.96
4,0,0,0,-1.9
9,0,0,0,-0.29
2,1,0,0,-2.05
3,1,0,0,-1.85
13,0,0,0,0.87
15,2,1,2,4.34
44,7,3,1,5.0
21,4,4,0,4.99
1,1,1,0,-1.29
2,0,1,0,-1.72
11,3,4,0,4.15
16,0,3,0,3.75
7,2,6,0,4.47
14,5,1,0,3.9
3,0,0,0,-2.18
2,0,0,0,-2.51
3,0,0,0,-2.13
37,5,8,0,4.93
38,5,4,4,5.0
41,8,4,1,4.76
1,0,0,0,-2.89
47,2,5,1,4.96
3,0,0,0,-2.24
1,0,0,0,-2.7
2,1,1,0,-0.99
3,0,0,1,-0.57
10,4,1,0,3.03
32,4,5,2,4.87
5,0,0,0,-1.38
17,3,2,0,4.39
5,0,0,0,-1.56
6,0,0,0,-1.3
3,0,0,0,-1.93
18,3,2,0,4.34
4,0,0,0,-1.81
6,0,0,0,-1.17
4,1,0,0,-1.06
16,1,2,2,4.82
44,5,6,2,4.89
4,0,0,0,-1.91
2,0,0,0,-2.48
22,2,2,2,4.73
18,2,0,1,4.02
3,0,1,0,-1.5
47,4,5,1,5.0
7,0,0,0,-1.4
17,1,2,0,3.9
5,1,0,0,-1.15
18,1,2,0,3.76
43,4,4,1,5.0
2,0,0,0,-2.47
1,0,0,0,-2.74
1,0,0,0,-2.83
9,1,0,0,0.22
35,8,5,1,5.0
16,4,0,2,4.64
15,0,3,1,4.37
5,1,1,0,-0.23
17,4,0,0,4.02
0,0,0,0,-2.98
6,0,0,0,-1.48
1,1,0,0,-2.24
18,3,1,0,4.18
48,6,2,1,5.0
6,0,0,0,-1.46
2,0,0,0,-2.45
5,0,0,0,-1.68
1,1,0,0,-2.29
1,0,0,0,-2.32
6,0,0,0,-1.36
12,1,2,0,3.12
1,0,0,0,-2.68
16,2,0,0,2.88
4,1,0,1,0.55
16,2,2,1,4.67
2,0,0,0,-2.48
4,1,0,0,-1.11
19,2,0,1,4.14
21,2,1,0,4.18
9,2,1,2,3.99
44,8,6,4,5.0
6,0,0,1,0.6
2,0,0,0,-2.57
12,0,0,0,0.69
19,0,2,0,3.58
3,0,0,0,-2.24
1,0,0,0,-2.65
27,7,4,2,4.93
2,0,0,0,-2.3
2,0,1,0,-1.47
4,0,0,0,-1.65
5,0,0,0,-1.75
3,0,1,0,-1.13
40,4,6,0,4.72
3,0,0,0,-2.22
2,1,0,0,-2.0
9,1,3,0,3.01
6,0,0,0,-1.59
1,1,0,0,-2.11
4,0,0,0,-2.17
16,2,1,1,4.2
1,0,0,0,-2.65
45,5,7,1,4.96
12,0,2,2,4.34
1,0,0,0,-2.81
18,1,0,1,3.87
52,10,4,1,5.0
1,1,1,0,-1.07
22,1,0,1,4.02
10,3,1,0,2.92
18,3,1,0,4.24
1,1,0,1,-0.6
14,6,2,0,4.5
3,0,0,0,-2.26
4,2,1,0,0.29
13,3,2,0,3.71
15,2,2,0,3.63
2,0,0,0,-2.34
2,2,0,0,-1.16
3,0,0,0,-1.95
22,1,0,1,4.25
13,2,2,0,3.63
2,1,0,0,-2.17
38,5,11,3,4.98
4,0,0,0,-1.93
4,3,0,0,0.05
46,4,7,0,4.86
5,0,1,0,-0.73
19,1,2,2,4.62
18,2,0,0,3.46
8,4,2,0,3.3
13,1,2,0,3.13
1,1,0,0,-2.3
3,0,0,0,-2.05
48,5,7,2,5.0
17,0,0,1,3.33
19,1,2,0,3.93
46,3,10,1,5.0
1,1,0,0,-2.09
15,2,3,0,4.37
18,2,1,1,4.47
4,1,0,0,-1.37
5,0,0,0,-1.9
20,2,0,0,3.75
2,2,0,0,-1.49
11,1,0,0,0.97
17,2,1,0,3.7
6,1,0,0,-0.7
14,4,3,0,4.47
45,7,5,2,4.74
16,3,0,0,3.32
15,2,0,0,2.91
10,2,2,2,4.3
5,0,0,0,-1.48
54,7,7,2,4.94
51,9,3,1,4.92
3,0,1,0,-1.4
18,2,2,0,3.95
6,0,0,0,-1.25
13,1,0,0,1.58
0,0,0,0,-3.08
11,2,1,0,2.34
16,3,3,0,4.16
0,0,0,0,-2.86
3,1,0,0,-1.68
15,4,0,0,3.45
3,2,0,0,-0.9
18,1,2,1,4.57
41,8,9,2,5.0
11,2,0,0,1.68
16,0,0,0,1.84
20,2,2,0,4.16
43,5,5,1,5.0
49,3,5,1,5.0
43,10,2,1,4.86
2,0,0,0,-2.27
57,6,4,0,5.0
4,0,0,0,-2.02
12,1,2,2,4.2
4,0,0,0,-1.67
22,3,2,0,4.51
2,0,0,0,-2.31
21,2,2,0,4.48
4,0,0,0,-2.21
4,0,0,0,-1.87
4,0,0,0,-1.9
2,0,0,0,-2.25
4,1,0,0,-1.18
3,0,2,0,-0.33
54,4,4,1,5.0
40,8,8,1,4.92
10,1,0,1,2.18
15,1,4,2,4.83
13,1,1,0,2.22
2,1,0,0,-1.93
7,0,1,0,-0.19
11,3,1,0,2.84
14,2,0,0,2.13
2,0,0,0,-2.68
14,0,1,3,4.7
23,0,1,0,4.12
40,3,7,2,4.99
12,1,0,0,1.33
17,5,2,1,4.61
3,0,0,1,-0.94
3,0,0,0,-2.03
2,0,0,0,-2.36
44,5,10,3,4.89
17,2,1,0,3.52
0,1,1,0,-1.58
2,0,0,0,-2.43
21,2,0,1,4.45
10,3,1,0,2.59
13,1,1,0,2.33
3,0,1,0,-1.42
48,3,5,1,5.0
16,0,1,0,2.63
18,2,1,0,3.84
3,0,0,0,-2.43
44,9,6,0,4.92
5,1,1,0,-0.06
3,0,0,0,-1.9
15,2,1,0,3.51
10,3,3,0,3.59
50,6,5,1,5.0
2,1,1,0,-1.06
9,0,2,0,1.56
33,5,10,1,4.8
37,9,3,4,4.98
16,3,0,0,3.28
46,5,4,0,4.7
18,0,0,1,3.59
21,1,2,1,4.73
18,2,0,0,3.25
1,0,0,0,-2.6
2,1,0,0,-1.75
2,0,0,0,-2.58
36,7,4,5,4.76
20,0,2,0,4.0
2,0,0,0,-2.38
1,1,0,0,-1.94
51,8,4,0,4.98
12,4,2,1,4.49
14,3,0,0,2.84
54,6,7,3,4.87
2,0,0,0,-2.3
9,2,1,1,3.24
7,0,1,0,-0.21
0,0,0,0,-2.9
4,1,0,0,-1.39
2,0,0,0,-2.33
4,0,2,0,-0.03
48,4,4,4,4.99
7,0,1,0,0.12
1,0,0,0,-2.61
48,6,6,1,4.82
13,1,2,0,3.13
2,0,0,0,-2.42
46,6,6,3,4.86
1,0,1,0,-1.84
5,0,0,0,-1.53
4,0,0,0,-2.12
12,3,1,1,3.85
2,0,0,0,-2.4
2,0,0,0,-2.39
0,0,0,0,-2.94
2,1,1,0,-0.85
3,0,0,0,-2.17
5,0,0,0,-1.62
13,1,2,0,3.22
52,4,5,1,5.0
3,0,0,0,-2.15
6,1,0,0,-0.65
13,4,2,0,3.96
17,3,1,1,4.39
4,1,0,0,-1.53
3,0,0,0,-2.18
6,1,1,0,0.25
3,0,0,0,-2.22
14,0,2,0,3.01
14,1,2,0,3.35
50,5,6,3,5.0
54,8,5,2,5.0
1,0,0,0,-2.72
44,10,6,2,5.0
2,0,0,0,-2.39
51,4,4,2,5.0
1,0,1,0,-1.87
5,0,0,0,-1.68
4,0,0,0,-1.86
2,1,0,0,-1.98
2,0,1,0,-1.36
4,0,0,0,-1.78
3,2,0,0,-0.54
5,0,0,0,-1.63
44,4,4,2,5.0
10,1,0,0,0.95
4,1,0,0,-1.26
1,0,1,0,-1.89
17,0,1,2,4.3
13,1,2,0,3.0
50,7,3,1,5.0
13,2,1,0,2.99
18,0,2,0,3.82
11,3,3,0,4.11
3,0,0,0,-2.39
10,1,1,0,1.64
12,1,1,0,2.21
32,4,7,3,5.0
3,0,0,0,-2.32
16,4,3,0,4.63
3,0,1,0,-1.35
46,0,5,4,4.91
11,2,0,1,2.82
3,0,0,0,-2.34
5,0,0,0,-1.51
4,0,0,0,-2.28
55,6,5,0,5.0
16,6,5,0,4.88
34,6,6,1,4.95
1,0,1,0,-1.77
0,0,0,0,-3.02
21,3,2,0,4.46
17,3,1,0,3.78
4,1,2,0,0.47
23,2,0,0,4.06
1,1,0,0,-1.88
13,1,1,1,3.42
47,4,6,2,5.0
2,0,1,0,-1.82
2,0,0,0,-2.43
4,0,0,0,-1.87
24,4,0,1,4.84
1,0,0,0,-2.87
4,0,0,0,-1.75
2,0,0,0,-2.63
42,3,6,1,5.0
56,7,4,1,4.99
3,0,1,0,-0.99
1,1,0,0,-1.94
16,0,3,0,3.7
21,2,2,0,4.23
9,3,0,0,1.63
15,1,0,0,2.05
20,0,1,1,4.39
1,0,1,0,-1.64
3,0,0,0,-2.17
5,0,0,0,-1.54
19,1,4,0,4.56
13,5,2,1,4.33
17,1,4,1,4.96
9,0,1,0,0.49
13,2,3,0,3.85
49,4,4,1,5.0
2,0,0,0,-2.69
37,8,8,1,4.99
48,10,9,3,4.9
2,0,0,0,-2.38
5,0,1,0,-0.69
20,1,2,0,4.35
14,0,2,0,3.08
4,0,0,0,-1.7
49,4,5,2,5.0
40,5,6,0,5.0
4,0,0,0,-2.1
2,0,0,0,-2.1
46,2,9,1,4.89
2,0,0,0,-2.22
34,4,3,0,4.92
1,1,0,0,-2.03
42,7,9,1,4.94
12,1,3,0,3.57
51,7,3,2,4.95
19,2,3,1,4.37
45,7,1,0,4.96
2,0,1,0,-1.34
20,0,2,1,4.34
8,1,0,0,0.11
6,0,0,0,-1.49
47,5,8,2,4.97
3,0,1,0,-1.3
0,0,0,0,-2.96
14,3,0,0,2.83
13,5,1,0,3.77
5,0,0,0,-1.48
3,0,0,0,-2.18
51,7,9,3,4.72
12,3,3,0,3.75
0,0,0,0,-2.77
6,0,0,0,-1.29
10,2,2,1,3.71
4,1,0,0,-1.09
45,8,6,1,4.94
2,0,0,0,-2.42
6,0,0,0,-1.14
5,0,0,0,-1.46
11,1,2,0,2.8
16,1,1,1,3.9
1,0,0,0,-2.93
42,3,4,3,5.0
5,0,1,0,-0.58
2,1,0,0,-2.14
1,0,0,0,-2.74
13,2,2,0,3.5
14,0,2,1,3.83
16,3,2,0,4.12
3,0,0,0,-2.44
20,1,2,1,4.41
3,0,0,0,-2.02
15,2,4,0,4.28
6,1,0,0,-0.74
2,0,0,0,-2.74
3,0,0,0,-2.06
12,0,3,0,3.11
4,1,1,1,1.15
8,1,2,0,1.86
3,0,1,0,-0.99
19,1,2,0,4.1
4,0,1,0,-0.72
3,0,0,0,-2.37
16,1,3,0,4.04
49,5,4,1,4.83
20,4,3,0,4.69
40,4,4,0,4.95
28,10,2,0,5.0
3,0,0,0,-2.05
15,2,0,0,2.76
0,0,0,0,-3.15
11,1,1,1,3.18
14,3,4,0,4.24
3,1,0,0,-1.53
20,3,0,2,4.76
13,1,0,0,1.68
1,0,0,0,-2.61
5,1,0,0,-0.73
4,0,0,0,-1.85
4,1,0,0,-1.27
8,1,0,0,0.03
4,1,0,0,-1.45
18,7,2,0,4.86
48,6,6,1,4.92
12,4,3,3,5.0
6,0,0,0,-1.39
45,2,5,0,4.9
19,2,4,1,4.87
6,0,0,0,-1.44
22,2,1,1,4.54
16,2,2,0,4.03
2,0,0,0,-2.31
17,0,1,0,2.98
11,0,0,0,0.22
17,0,0,0,2.31
3,0,0,0,-2.44
14,2,1,1,3.79
6,1,1,0,0.39
2,1,0,0,-1.99
9,0,0,0,-0.35
6,2,0,0,0.11
4,1,0,0,-1.36
14,4,0,0,3.27
44,2,5,0,4.84
20,0,3,0,4.32
21,2,5,3,5.0
50,4,7,0,5.0
14,3,2,1,4.22
5,1,0,0,-1.15
16,3,0,0,3.14
57,5,3,0,4.81
9,4,1,0,3.09
40,11,4,3,4.8
14,5,3,1,4.63
1,0,1,0,-1.92
15,2,2,0,3.69
8,2,1,1,3.06
43,5,8,2,5.0
4,0,0,0,-1.96
33,3,7,1,5.0
15,3,3,0,4.47
17,0,2,0,3.7
2,0,0,0,-2.71
4,0,0,0,-1.91
3,1,0,0,-1.66
5,0,0,0,-1.62
5,0,0,0,-1.57
13,2,1,0,2.95
44,7,5,2,5.0
14,0,1,0,2.14
2,0,1,0,-1.66
3,0,0,0,-2.16
45,4,4,0,4.85
1,0,0,0,-2.62
12,4,0,0,3.11
1,0,0,0,-2.48
13,2,1,2,4.26
12,3,3,2,4.62
19,2,0,0,3.53
14,3,3,1,4.82
4,2,0,0,-0.78
13,3,1,1,4.07
2,0,0,0,-2.61
0,0,1,0,-1.77
4,0,2,0,0.03
13,1,1,1,3.78
50,3,6,2,4.94
11,0,0,0,0.5
3,0,0,0,-2.27
3,0,1,0,-1.21
15,3,0,0,3.08
11,0,1,0,1.23
21,2,0,0,3.87
1,0,0,0,-2.69
4,1,0,0,-1.51
42,5,7,2,4.96
44,10,6,1,4.77
15,1,1,1,3.71
2,0,0,0,-2.52
3,1,0,0,-1.59
50,4,3,3,4.96
1,0,0,0,-2.56
49,2,6,1,5.0
2,1,0,0,-1.84
54,9,3,1,5.0
3,1,0,0,-1.73
2,1,2,0,0.23
4,0,1,1,0.46
2,0,0,0,-2.62
5,0,0,0,-1.52
2,0,0,0,-2.18
17,0,1,1,3.82
21,1,1,0,4.18
16,1,0,0,2.4
19,0,2,1,4.29
13,4,3,1,4.73
4,0,1,0,-0.91
43,6,3,1,5.0
2,0,0,0,-2.47
4,0,0,0,-2.04
42,6,5,0,5.0
16,1,1,0,3.18
7,1,0,0,-0.19
2,0,1,0,-1.64
5,0,0,0,-1.84
13,4,2,0,4.16
0,0,0,0,-3.0
6,0,0,0,-1.15
3,0,0,0,-2.07
50,4,3,2,4.94
31,1,0,0,4.46
42,8,3,3,4.9
8,2,0,0,0.7
9,4,2,0,3.56
4,0,0,1,-0.35
5,0,0,1,0.03
15,1,0,1,3.6
62,7,3,1,5.0
16,1,2,0,3.56
2,1,0,0,-1.73
15,1,1,0,2.92
13,2,1,0,2.8
3,1,0,0,-1.46
3,2,0,0,-1.08
9,0,0,0,-0.43
1,0,0,0,-2.92
13,6,1,1,4.54
41,4,10,0,4.88
5,0,0,0,-1.39
19,4,4,0,4.78
12,2,1,0,2.69
4,0,0,0,-1.97
14,2,3,1,4.38
39,3,2,3,4.85
17,2,1,0,4.03
4,0,0,0,-1.91
52,4,6,0,4.9
2,0,0,0,-2.42
2,0,1,0,-1.55
7,1,0,1,1.14
37,8,6,2,4.89
46,5,9,1,5.0
17,1,0,2,4.18
14,3,1,1,3.98
14,1,1,1,3.58
12,2,1,1,3.51
42,6,7,2,5.0
36,2,12,2,5.0
3,0,0,0,-2.56
22,2,2,0,4.43
13,2,1,0,3.05
4,0,1,0,-0.89
13,4,0,1,3.86
29,6,10,4,5.0
39,5,4,1,4.92
3,0,0,0,-2.29
18,2,2,0,4.07
3,0,1,0,-1.11
19,2,1,0,3.94
6,0,0,0,-1.39
3,0,0,0,-2.31
17,4,0,0,3.76
14,2,1,0,3.05
2,0,0,0,-2.58
2,0,0,0,-2.49
4,1,0,0,-1.25
13,1,2,1,4.43
13,0,3,1,4.0
56,5,5,2,5.0
42,9,2,4,4.86
18,4,0,1,4.72
16,0,2,1,4.08
3,1,0,0,-1.53
10,0,4,0,3.38
0,0,0,0,-2.5
16,2,2,1,4.56
3,0,0,0,-2.14
7,0,0,0,-0.98
45,4,2,0,5.0
36,12,3,3,4.88
1,0,0,0,-2.73
2,0,0,0,-2.27
13,1,2,0,3.02
1,0,0,0,-2.74
1,0,0,0,-2.73
17,3,1,0,3.82
15,0,0,1,2.94
10,2,0,1,2.68
3,1,0,0,-1.77
16,1,0,2,4.07
1,0,0,0,-2.71
46,3,6,1,4.86
1,0,0,0,-2.89
0,0,0,0,-3.07
16,3,1,1,4.32
14,1,0,1,3.03
3,0,0,0,-2.12
3,0,0,0,-2.02
3,0,0,0,-2.3
4,0,3,0,0.85
3,0,0,0,-2.09
17,2,0,0,3.14
18,0,0,1,3.67
2,2,0,1,0.3
6,0,1,0,-0.3
2,0,1,0,-1.47
23,3,1,1,4.66
16,3,0,0,3.0
15,1,0,0,2.5
16,4,4,0,4.85
3,1,0,0,-1.71
14,2,1,1,3.86
2,0,0,0,-2.75
3,0,0,0,-2.08
50,7,6,0,4.94
8,2,0,0,0.9
3,1,0,0,-1.7
0,2,0,0,-2.1
2,0,0,0,-2.57
35,5,4,1,5.0
48,7,4,0,4.71
3,0,0,0,-2.02
63,4,4,2,4.89
3,0,1,0,-1.26
2,0,1,0,-1.93
9,1,1,0,1.06
19,0,2,1,4.44
45,6,4,2,4.91
20,1,2,0,4.29
3,1,0,0,-1.71
6,0,0,0,-1.4
1,0,0,0,-2.9
3,0,0,0,-2.18
10,2,4,2,4.58
9,3,3,1,4.35
3,0,1,0,-1.06
11,2,0,2,3.87
15,1,4,0,4.51
8,4,1,0,2.64
2,0,0,0,-2.2
32,5,7,2,5.0
44,3,5,0,4.94
3,0,1,0,-1.4
2,0,0,0,-2.59
18,5,1,0,4.24
1,1,0,0,-2.22
6,0,0,0,-1.29
5,0,0,0,-1.69
22,2,2,1,4.92
4,0,0,0,-1.92
44,4,9,1,5.0
39,4,6,0,5.0
53,4,4,2,5.0
4,0,0,0,-2.1
11,4,1,0,3.49
48,3,5,3,5.0
46,5,8,5,4.96
5,0,0,0,-1.6
3,0,0,0,-1.87
5,0,0,0,-1.49
15,3,0,0,3.27
5,0,0,0,-1.43
19,1,3,1,4.64
30,5,6,1,5.0
40,8,6,0,4.95
45,4,7,0,4.97
52,3,3,2,4.95
49,6,3,1,4.97
2,1,1,0,-1.24
15,2,1,1,4.02
12,3,2,0,3.7
5,1,1,0,-0.07
17,2,2,0,3.97
4,0,0,0,-1.93
4,0,0,0,-1.72
7,3,2,1,3.91
7,0,1,0,0.15
3,1,0,0,-1.21
4,0,0,0,-1.58
16,2,3,1,4.61
2,0,0,0,-2.49
2,0,0,0,-2.75
14,5,0,0,3.44
12,3,0,1,3.29
3,1,0,0,-1.62
2,1,0,1,-0.43
4,0,0,0,-1.91
11,2,2,0,3.26
16,3,2,1,4.67
1,0,0,0,-2.78
4,0,0,0,-1.78
13,3,2,2,4.72
11,2,2,0,3.15
5,0,0,0,-1.46
15,0,3,0,3.69
1,0,0,0,-2.58
41,2,5,2,4.89
48,8,4,1,4.87
1,0,0,0,-2.56
20,2,2,0,4.31
13,1,0,0,1.61
4,1,0,0,-1.26
15,3,0,4,4.79
4,0,0,0,-1.83
15,5,1,0,4.19
19,1,1,0,3.59
2,0,0,0,-2.58
17,2,1,0,3.79
2,0,0,0,-2.56
6,0,1,0,-0.24
3,0,0,0,-2.27
7,2,0,0,0.17
47,6,4,4,4.83
11,2,0,0,1.58
18,2,0,0,3.36
41,7,7,0,5.0
1,0,0,0,-2.81
16,2,1,1,4.19
17,2,1,0,3.8
4,0,0,0,-1.83
1,1,1,0,-1.07
13,0,1,0,2.02
39,7,3,0,4.88
13,2,1,0,2.9
19,4,4,0,4.88
1,0,0,0,-2.42
16,3,0,0,3.26
3,0,1,0,-1.5
12,2,1,1,3.76
48,8,3,1,5.0
1,0,0,0,-2.72
2,0,0,0,-2.39
18,3,3,0,4.41
2,2,1,0,-0.35
2,1,1,0,-0.84
2,0,1,0,-1.64
15,1,0,2,3.79
14,2,4,2,4.62
17,2,2,0,4.06
3,0,0,0,-2.23
2,1,0,0,-1.99
5,1,0,0,-0.92
4,0,0,0,-1.74
40,7,3,1,4.72
60,4,2,1,4.91
42,4,2,2,4.81
0,0,0,0,-2.97
3,1,0,0,-1.52
12,4,1,0,3.49
47,3,5,3,4.86
5,1,0,0,-0.9
12,0,1,0,1.55
0,0,0,0,-2.93
20,4,0,0,4.21
4,0,0,0,-1.77
0,0,0,0,-2.96
1,0,0,0,-2.41
50,2,3,3,4.96
1,0,0,0,-3.03
4,0,2,0,-0.12
4,1,0,0,-1.32
1,0,0,0,-2.57
21,4,4,1,5.0
4,1,1,0,-0.28
36,9,3,1,5.0
2,0,1,0,-1.6
15,3,0,0,3.25
18,3,4,0,4.81
6,3,3,0,2.9
4,0,0,0,-2.16
7,2,1,0,1.33
14,2,1,0,3.07
11,3,1,0,2.83
16,1,1,1,4.02
16,1,4,1,4.73
10,2,2,1,3.75
20,0,2,0,3.79
13,2,2,0,3.18
46,10,4,1,4.77
18,1,2,1,4.46
16,3,4,0,4.73
3,0,0,0,-2.02
2,1,1,0,-1.12
42,7,4,1,5.0
12,2,3,1,4.26
1,1,0,0,-2.21
15,1,0,2,4.25
3,0,0,0,-2.17
41,4,4,0,4.96
10,4,1,1,3.92
14,2,2,0,3.61
4,2,1,0,0.43
5,1,0,0,-1.16
2,0,0,0,-2.38
0,0,0,0,-3.15
4,0,0,0,-1.55
41,3,4,0,5.0
49,10,0,1,5.0
2,0,0,0,-2.41
3,1,0,0,-1.75
1,1,0,0,-2.03
8,2,1,0,1.7
18,5,2,0,4.15
14,4,3,0,4.49
17,1,0,3,4.7
14,2,1,0,3.17
11,1,2,0,2.52
5,0,1,0,-0.97
19,1,2,1,4.64
34,3,4,1,4.77
0,1,0,0,-2.48
3,1,2,0,0.24
22,1,1,1,4.57
3,0,1,0,-1.55
44,4,1,1,4.69
3,0,0,0,-1.97
43,4,8,1,4.83
23,0,2,0,4.31
51,4,5,1,5.0
2,0,0,0,-2.61
5,0,0,0,-1.49
14,0,2,0,3.16
15,1,0,1,3.26
2,0,1,0,-1.65
3,0,0,0,-2.19
41,6,1,1,5.0
3,0,0,0,-2.14
4,0,0,0,-1.96
14,1,0,0,1.94
4,0,0,0,-1.98
3,0,0,0,-2.16
2,1,1,0,-0.85
56,9,7,1,4.99
2,0,0,0,-2.52
16,1,0,1,3.45
18,0,2,0,3.5
1,0,0,0,-2.82
50,7,6,1,4.99
1,2,0,0,-1.7
1,0,0,0,-2.67
43,5,2,1,5.0
21,3,2,1,4.94
12,1,1,0,2.09
1,0,0,0,-2.72
4,0,0,1,-0.24
1,1,0,0,-2.04
2,0,0,1,-1.19
3,0,0,0,-2.32
41,5,5,1,5.0
1,0,1,0,-1.91
16,1,2,1,4.08
7,2,1,0,1.22
6,0,0,0,-1.19
3,0,0,0,-2.03
1,1,0,0,-2.13
0,0,0,0,-2.97
13,0,1,1,2.88
38,6,1,2,5.0
1,0,0,0,-2.52
0,0,0,0,-3.0
34,7,5,1,5.0
16,2,2,0,3.78
3,2,0,0,-0.9
0,0,0,0,-2.97
1,0,1,0,-2.01
5,1,0,0,-1.14
44,7,6,2,4.98
5,1,0,0,-1.08
2,1,1,0,-1.07
2,1,0,0,-1.86
49,6,4,1,5.0
0,0,0,0,-2.73
15,0,4,1,4.17
2,0,0,0,-2.28
12,1,3,2,4.34
11,1,2,0,2.78
15,1,3,0,3.72
0,1,0,0,-2.42
0,0,0,0,-2.73
5,0,0,0,-1.83
2,0,0,0,-2.39
5,1,1,0,-0.02
5,0,1,0,-0.37
4,0,0,0,-2.02
18,1,1,1,4.21
4,0,1,0,-0.76
8,4,2,0,3.16
2,0,0,1,-0.89
5,3,3,1,3.95
16,0,2,0,3.49
2,0,0,0,-2.48
14,1,1,0,2.56
4,1,0,0,-1.31
3,1,0,1,0.13
2,0,0,0,-2.71
7,0,0,0,-1.07
11,4,1,0,3.16
42,3,5,0,4.99
3,0,0,0,-2.0
42,6,7,2,5.0
23,4,1,0,4.49
5,0,0,0,-1.38
14,1,0,0,2.14
6,0,1,0,-0.3
11,0,1,0,1.22
24,0,2,0,4.26
2,0,0,0,-2.43
1,0,0,1,-1.32
2,1,0,0,-2.09
2,1,0,0,-1.93
15,2,3,0,4.09
3,0,0,0,-2.08
3,1,0,0,-1.61
2,0,0,0,-2.35
2,0,0,0,-2.4
1,0,0,0,-2.9
6,1,0,0,-0.91
3,0,0,0,-2.21
12,0,0,0,0.43
16,3,2,0,4.26
3,1,0,0,-1.64
15,0,0,0,1.73
1,1,0,0,-1.97
16,1,1,1,3.74
3,0,0,0,-2.18
55,6,3,0,5.0
12,1,0,0,1.32
10,0,1,0,1.01
4,0,0,0,-2.04
3,0,0,0,-2.22
16,1,1,0,3.19
1,1,0,0,-2.04
2,1,0,0,-2.03
15,2,1,1,4.14
13,1,3,0,3.66
15,1,1,1,3.86
4,0,0,0,-2.02
10,4,0,1,3.55
10,1,4,0,3.78
6,1,0,0,-0.61
3,0,0,0,-2.36
13,1,1,1,3.69
2,1,1,0,-1.07
2,0,0,0,-2.48
0,0,0,0,-2.88
16,2,2,2,4.74
5,0,0,0,-1.39
6,1,0,0,-0.98
3,0,0,0,-2.1
5,0,0,0,-1.49
17,0,1,0,2.93
48,9,4,0,4.96
36,6,3,1,4.8
4,0,0,0,-1.86
11,2,1,0,2.75
1,0,0,0,-2.47
4,0,0,0,-1.89
2,0,0,0,-2.58
3,0,0,0,-2.04
5,0,0,0,-1.54
3,1,0,0,-1.91
17,1,2,0,3.59
2,1,0,0,-1.55
1,1,0,0,-2.35
39,5,5,1,4.97
22,1,2,1,4.78
8,0,0,0,-0.67
5,1,0,0,-1.07
4,0,0,0,-1.75
2,0,0,0,-2.36
2,0,0,0,-2.37
4,0,0,0,-2.05
12,3,1,0,3.13
42,10,4,2,5.0
4,0,0,0,-1.89
16,3,1,0,3.8
4,0,0,0,-1.94
15,1,1,1,3.92
16,2,1,0,3.47
3,0,0,1,-0.65
15,1,2,1,3.95
11,0,2,0,2.22
3,3,0,0,-0.51
4,0,0,0,-1.83
40,4,2,3,4.88
17,2,4,0,4.45
5,1,0,0,-1.07
20,4,1,0,4.44
4,0,0,0,-1.83
11,1,0,1,2.68
21,3,1,0,4.47
2,1,0,0,-1.88
2,1,0,0,-1.79
1,0,0,0,-2.83
3,1,0,0,-1.59
4,0,0,0,-1.6
3,0,0,0,-2.37
0,0,0,0,-2.79
2,1,0,0,-1.86
1,0,2,0,-1.14
3,0,0,0,-2.22
2,0,0,0,-2.28
13,1,3,0,3.94
3,0,0,0,-2.04
53,7,12,2,5.0
1,2,0,0,-1.69
17,3,1,0,3.98
10,4,0,0,2.45
62,6,3,1,4.94
42,5,3,2,4.68
3,0,1,0,-1.43
15,1,0,0,2.08
1,1,0,0,-2.18
2,0,0,0,-2.53
4,0,0,0,-1.71
2,0,0,0,-2.3
3,1,0,0,-1.76
15,1,6,0,4.6
2,0,0,1,-1.05
6,1,0,0,-0.66
18,1,3,1,4.71
5,0,0,0,-1.64
3,0,0,0,-2.25
3,0,0,0,-1.99
35,7,6,0,4.81
2,0,0,0,-2.21
2,2,0,0,-1.19
2,1,1,1,0.7
5,1,0,0,-1.15
45,10,2,0,5.0
13,1,1,0,2.64
3,0,0,0,-2.33
19,1,1,0,3.77
3,0,0,0,-2.25
18,0,0,0,2.46
2,0,0,0,-2.28
1,0,0,0,-2.62
9,0,0,0,-0.12
1,1,1,0,-1.09
19,1,2,0,4.35
25,3,3,1,4.74
16,3,0,0,3.62
15,1,1,0,2.68
12,3,1,0,3.27
3,0,0,0,-2.26
2,0,0,0,-2.18
6,4,3,0,3.65
1,1,0,0,-2.14
13,2,1,0,2.92
4,0,0,0,-1.76
52,9,6,0,5.0
13,3,2,1,4.66
12,2,0,0,1.83
41,13,7,1,5.0
27,1,1,0,4.67
4,0,0,0,-2.06
11,2,2,1,4.04
17,2,2,0,4.15
3,1,1,0,-0.63
3,0,0,0,-2.49
46,6,8,1,5.0
2,0,0,0,-2.66
4,0,0,0,-1.69
8,1,1,1,2.13
2,0,0,0,-2.2
17,2,3,0,4.22
35,4,9,0,4.85
12,4,0,2,4.26
17,2,4,0,4.44
13,0,0,1,2.56
1,1,0,0,-2.26
3,0,0,0,-2.15
40,10,1,1,4.89
49,3,2,1,5.0
49,3,2,8,5.0
2,0,1,0,-1.76
45,8,6,1,4.97
4,0,0,0,-1.94
13,1,2,0,2.89
40,14,7,2,4.87
16,0,0,0,1.7
4,0,1,0,-0.96
1,0,0,0,-2.58
2,0,0,1,-1.24
3,0,0,0,-2.21
2,0,0,0,-2.44
3,0,0,0,-2.1
9,2,1,1,3.18
48,7,4,3,5.0
7,0,0,0,-0.94
2,0,0,0,-2.59
0,0,0,0,-2.93
16,1,0,1,3.59
1,2,0,0,-1.71
13,2,1,0,3.0
0,0,0,0,-2.96
2,0,0,0,-2.44
9,3,0,1,2.82
22,0,2,0,4.25
14,5,3,0,4.5
4,2,0,0,-0.71
51,4,7,0,4.91
6,0,0,0,-1.18
2,0,0,0,-2.34
1,1,0,0,-2.17
16,2,2,0,3.98
55,13,11,0,5.0
23,3,0,1,4.44
15,5,3,1,4.74
17,3,1,0,4.05
3,0,0,0,-2.29
1,0,1,0,-1.94
3,0,0,0,-2.1
6,1,0,0,-0.9
46,6,8,1,5.0
2,0,1,0,-1.42
18,0,0,0,2.42
46,4,4,2,4.98
3,0,0,0,-2.31
6,0,0,0,-1.21
3,0,0,0,-2.24
19,1,3,1,4.61
6,0,0,0,-1.24
11,1,0,2,3.37
0,0,1,0,-2.38
49,1,7,3,5.0
2,1,0,0,-1.86
50,5,7,0,4.73
2,0,0,1,-1.29
3,1,0,0,-1.73
18,1,1,1,4.44
5,0,0,0,-1.82
5,0,0,0,-1.56
48,3,4,1,4.97
5,1,0,0,-1.23
1,0,0,0,-3.0
4,1,0,0,-1.43
2,1,0,0,-1.9
13,1,1,1,3.86
44,7,7,3,5.0
17,1,1,1,4.12
13,2,2,0,3.55
5,0,0,0,-1.6
7,1,0,0,-0.47
32,7,4,0,4.87
3,1,0,0,-1.78
6,0,0,0,-1.44
3,0,0,0,-2.12
5,1,0,0,-1.11
4,0,0,0,-2.04
46,8,7,1,4.95
5,0,0,0,-1.79
34,3,8,0,4.87
0,0,0,0,-3.06
5,0,0,0,-1.71
19,3,0,1,4.74
16,0,2,0,3.33
5,0,0,0,-1.48
13,1,0,0,1.6
1,0,0,0,-2.91
2,0,1,0,-1.51
1,1,2,0,-0.39
4,0,0,0,-1.96
3,0,0,0,-2.16
42,8,5,1,5.0
6,0,0,0,-1.09
2,1,0,0,-1.92
17,4,1,0,3.98
4,1,0,1,0.33
3,1,0,0,-1.44
3,0,0,1,-0.63
1,0,0,0,-2.69
4,0,0,1,-0.56
2,0,0,0,-2.3
3,0,0,0,-1.93
12,1,1,0,2.22
1,1,1,0,-1.26
43,4,5,2,5.0
2,0,1,1,0.03
12,0,1,0,1.43
36,4,3,4,4.86
46,5,3,0,5.0
4,0,0,0,-2.13
4,0,0,0,-1.76
18,1,1,0,3.31
15,4,1,1,4.64
55,11,3,3,5.0
21,4,0,0,4.1
2,0,0,0,-2.69
12,4,0,0,3.07
3,1,0,0,-1.64
2,2,0,0,-1.46
15,2,2,0,4.18
2,0,0,0,-2.35
3,0,0,0,-2.15
5,0,1,0,-0.81
1,0,1,0,-1.79
6,0,0,0,-1.3
5,0,0,1,-0.05
18,1,0,0,3.05
3,0,0,0,-2.27
12,2,1,0,2.62
3,0,0,0,-2.04
1,0,0,0,-2.61
14,2,4,1,4.58
0,0,0,0,-2.59
3,2,0,0,-0.86
3,0,0,0,-2.32
3,0,0,0,-2.27
1,1,0,0,-2.25
13,1,2,0,3.18
3,0,0,0,-2.03
17,1,2,1,4.56
21,2,2,0,4.16
35,4,2,0,4.97
3,0,0,0,-2.19
9,1,2,1,3.44
15,1,1,1,3.93
10,1,0,1,2.32
3,1,0,0,-1.63
55,3,7,2,5.0
46,5,8,1,4.89
2,0,0,0,-2.2
11,1,1,1,3.29
9,2,4,0,3.65
1,0,0,0,-2.95
4,0,0,0,-1.94
2,0,0,0,-2.69
14,6,5,1,4.77
2,0,0,0,-2.5
16,4,1,0,3.82
12,4,0,0,2.58
22,2,1,3,4.92
4,1,0,0,-1.07
5,0,0,0,-1.46
0,0,0,0,-3.36
5,0,0,0,-1.69
3,0,0,0,-2.19
3,0,0,0,-2.0
2,1,0,0,-1.89
4,0,0,0,-1.89
16,1,2,0,3.7
4,0,0,0,-2.25
5,0,0,0,-1.74
3,1,0,0,-1.54
2,0,0,0,-2.41
1,0,0,0,-2.96
49,5,4,2,4.92
1,0,0,0,-2.62
2,0,2,0,-0.75
2,0,0,0,-2.45
4,0,0,0,-2.19
24,0,0,0,3.73
4,2,0,0,-0.61
2,0,0,0,-2.53
3,0,0,0,-2.19
18,2,2,0,4.04
0,0,0,0,-3.1
14,1,3,1,4.38
51,5,2,4,4.84
15,3,3,1,4.69
1,0,1,0,-1.52
13,1,2,1,3.93
54,6,7,1,5.0
11,4,3,1,4.55
3,0,1,0,-1.6
3,1,1,0,-0.76
1,0,0,0,-3.06
5,0,0,1,0.1
37,4,3,1,4.86
14,1,1,0,2.62
3,0,1,0,-1.36
13,1,1,1,3.47
19,4,0,1,4.68
2,0,0,0,-2.68
12,4,1,1,4.12
3,0,0,0,-2.48
34,5,2,3,5.0
3,1,0,0,-1.85
4,2,0,0,-0.57
16,5,1,1,4.63
1,0,0,0,-2.79
2,1,0,0,-1.74
4,0,0,0,-1.74
4,1,1,0,-0.38
4,0,0,0,-1.92
4,1,0,0,-1.49
6,0,0,0,-1.1
3,0,1,0,-1.31
46,6,2,3,5.0
22,1,0,0,3.88
13,2,0,1,3.29
14,4,1,1,4.11
50,5,7,1,5.0
44,10,4,2,4.88
2,0,0,0,-2.47
4,0,0,0,-1.77
3,0,0,0,-1.95
6,0,1,0,-0.4
14,4,4,1,5.0
15,2,0,2,4.1
11,2,0,0,1.53
3,0,1,0,-1.12
1,0,0,0,-2.83
39,8,5,1,5.0
2,0,0,0,-2.41
19,0,0,1,3.59
1,0,0,0,-2.49
3,0,0,0,-2.3
4,0,0,0,-1.85
1,1,0,0,-1.93
7,0,0,0,-1.24
44,2,3,1,4.98
3,0,0,0,-1.92
15,3,2,0,4.04
3,1,0,0,-1.77
5,0,0,0,-1.31
5,0,1,0,-0.53
50,7,3,0,5.0
17,2,0,0,3.15
14,3,0,2,4.21
0,0,0,0,-2.86
2,0,0,0,-2.16
1,0,0,0,-2.76
15,2,5,0,4.66
5,3,0,1,2.05
3,0,0,0,-2.18
4,0,1,0,-1.12
19,2,2,0,4.19
2,0,0,0,-2.49
18,2,3,0,4.33
1,0,0,0,-2.59
2,0,1,0,-1.98
16,0,2,0,3.4
5,0,1,0,-0.77
27,8,5,1,4.88
4,1,0,0,-1.36
5,1,0,0,-1.26
15,1,1,0,2.84
2,0,0,0,-2.5
3,0,0,0,-2.07
45,8,3,1,4.96
12,2,1,0,2.51
13,1,0,0,1.61
15,3,3,0,4.38
14,3,0,0,2.83
9,1,2,1,3.5
1,0,0,0,-2.85
13,4,0,0,3.13
6,1,1,0,0.4
3,0,0,0,-2.04
4,1,0,0,-1.47
14,0,0,1,2.76
13,1,0,2,3.85
4,0,0,0,-2.05
48,6,6,2,5.0
6,0,0,0,-1.35
3,0,0,0,-2.23
53,3,5,0,5.0
1,0,0,0,-2.65
15,2,0,0,2.58
1,0,0,0,-2.95
13,0,0,1,2.46
56,1,7,3,4.92
3,0,0,0,-2.18
14,4,5,0,4.69
55,7,7,0,5.0
18,0,2,0,3.45
2,0,0,0,-2.47
33,6,5,1,4.92
6,0,0,0,-1.29
5,0,1,0,-0.71
37,6,1,2,5.0
1,0,1,0,-2.26
22,2,0,0,3.8
0,0,0,0,-2.85
51,8,12,0,4.93
4,0,0,0,-1.68
1,0,0,0,-2.58
1,1,0,0,-2.14
3,1,1,0,-0.93
20,3,2,0,4.73
7,1,2,0,1.51
3,1,1,0,-0.61
26,3,2,1,4.69
5,0,1,0,-0.53
1,0,1,0,-1.88
7,0,1,0,0.1
0,0,0,0,-2.78
3,0,0,1,-0.56
16,2,4,0,4.42
7,0,1,0,-0.05
2,1,0,0,-1.97
17,0,1,0,3.04
19,2,2,0,4.28
50,13,4,2,4.85
44,3,6,3,5.0
3,0,0,0,-2.14
21,5,1,1,4.95
7,6,1,0,3.18
13,3,1,0,3.44
18,1,2,0,4.07
17,3,1,0,4.15
4,1,0,0,-1.46
5,0,1,0,-0.85
10,1,0,0,0.75
5,0,0,1,-0.09
53,5,3,0,5.0
5,0,0,0,-1.29
47,6,4,1,4.94
43,9,3,2,4.94
55,8,4,2,4.88
11,2,0,1,2.89
3,0,0,0,-2.07
13,2,0,1,3.28
47,10,2,0,5.0
3,1,0,0,-1.43
5,0,0,0,-1.55
42,5,4,1,4.99
12,5,0,1,3.77
3,2,0,0,-0.77
3,0,0,0,-2.22
3,0,0,1,-0.51
58,11,5,0,4.97
54,3,8,0,4.7
46,4,6,1,4.95
5,0,0,0,-1.51
3,0,1,0,-1.52
4,0,0,1,-0.25
11,2,3,0,3.7
9,3,1,1,3.29
2,0,1,0,-1.68
13,3,1,1,3.9
44,6,2,2,5.0
55,3,3,0,4.79
7,2,3,1,4.07
3,0,0,0,-2.2
3,0,0,0,-2.16
47,4,3,1,5.0
2,1,0,0,-2.0
22,1,0,0,3.68
3,0,0,0,-2.15
6,1,0,0,-0.78
16,3,1,0,3.71
3,1,1,0,-0.55
3,0,0,0,-2.23
4,0,0,0,-1.95
12,2,1,0,2.94
14,2,3,1,4.73
19,1,1,0,3.55
4,0,0,1,-0.39
22,2,1,1,4.81
40,4,5,0,5.0
1,3,0,0,-0.84
1,1,0,0,-2.06
1,0,0,0,-2.73
4,0,0,0,-2.07
3,1,0,0,-1.68
1,0,1,0,-1.85
3,0,0,0,-2.21
15,2,0,0,2.38
15,4,1,0,3.95
13,0,2,0,2.85
13,2,1,0,3.28
14,2,3,2,4.6
2,0,0,1,-0.94
3,0,0,0,-2.28
13,4,3,1,4.72
32,4,5,2,4.79
19,2,1,0,3.74
4,1,0,0,-1.34
17,0,0,0,2.27
1,0,0,0,-2.86
3,1,0,0,-1.9
19,3,5,1,5.0
1,1,0,0,-2.22
1,0,0,0,-2.83
2,0,0,0,-2.46
4,0,0,0,-2.07
2,0,0,0,-2.67
5,0,1,0,-0.48
11,3,1,0,2.88
1,1,0,0,-2.16
39,5,3,3,4.9
2,1,0,0,-1.74
3,0,0,0,-2.21
55,6,8,2,5.0
8,2,0,0,0.57
6,0,1,0,-0.46
6,0,0,0,-1.45
12,3,4,0,4.44
13,1,2,1,4.09
10,2,1,1,3.24
2,0,0,0,-2.41
16,2,2,1,4.38
2,1,0,0,-1.72
5,0,1,0,-0.72
1,0,0,0,-2.64
2,0,1,0,-1.43
10,0,2,0,1.88
11,1,2,0,2.6
16,2,3,0,4.23
5,0,0,0,-1.61
45,7,7,1,5.0
14,0,1,1,3.34
13,1,3,0,3.8
16,2,0,0,2.87
48,4,4,0,4.79
4,1,0,0,-1.36
3,0,0,0,-2.03
44,4,4,3,5.0
2,0,0,0,-2.3
1,0,0,0,-2.39
10,3,2,0,3.21
20,4,0,0,4.39
4,0,0,0,-1.76
8,0,0,0,-0.67
2,0,0,0,-2.78
5,0,0,0,-1.65
48,3,5,0,4.99
45,6,2,0,4.8
14,2,1,1,3.92
15,1,2,0,3.49
39,7,3,2,5.0
5,0,1,0,-0.81
18,3,3,0,4.52
7,0,1,0,-0.14
9,2,2,0,2.68
15,1,0,0,1.98
14,0,1,1,3.26
2,0,0,0,-2.4
6,1,0,0,-0.75
14,2,2,0,3.64
4,0,0,0,-1.9
2,0,0,0,-2.31
1,1,2,0,-0.33
16,3,1,0,3.76
2,0,0,0,-2.39
0,1,0,0,-2.36
1,0,0,1,-1.43
1,1,0,0,-2.3
6,0,0,0,-1.29
15,0,2,1,4.1
16,5,1,1,4.57
48,10,6,4,5.0
14,3,3,0,4.41
2,0,0,0,-2.28
21,2,1,0,3.99
4,2,0,0,-0.5
2,0,2,0,-0.51
27,0,2,0,4.63
16,1,1,0,3.09
2,0,1,0,-1.62
1,0,0,0,-2.66
13,2,2,0,3.57
3,0,0,0,-2.3
1,1,1,0,-1.44
48,6,6,3,5.0
21,2,0,0,3.88
17,2,1,1,4.26
3,0,0,0,-2.18
9,1,2,0,2.29
0,0,0,0,-2.91
13,3,1,0,3.12
5,0,0,0,-1.47
12,3,1,0,3.41
0,0,0,1,-1.57
43,1,6,1,5.0
3,0,0,0,-2.43
4,0,0,0,-1.82
14,1,0,1,2.88
44,6,4,1,4.96
15,0,0,0,1.67
0,0,1,0,-2.34
8,2,2,1,3.42
6,0,0,0,-1.4
3,0,0,0,-2.06
18,1,2,0,3.89
16,2,0,0,2.87
4,0,0,0,-1.82
53,8,8,2,5.0
7,1,0,0,-0.48
19,2,0,0,3.8
1,0,0,0,-2.49
1,2,0,0,-1.35
16,1,1,0,3.09
22,2,1,0,4.36
2,1,0,1,-0.31
12,2,2,0,3.55
47,7,4,5,4.82
22,6,2,0,5.0
42,8,4,1,5.0
6,0,0,0,-1.29
12,0,1,0,1.52
2,0,0,0,-2.32
18,3,2,0,4.4
52,4,2,3,5.0
18,1,1,0,3.66
60,3,6,1,5.0
17,2,2,0,4.26
3,1,0,0,-1.85
12,3,0,0,2.6
14,1,1,0,2.52
2,0,1,0,-1.6
8,1,0,0,-0.34
12,1,1,0,2.18
14,0,1,0,2.31
2,2,0,0,-1.42
45,5,5,1,5.0
5,2,1,0,0.42
2,0,0,0,-2.54
45,7,8,3,4.73
2,0,0,0,-2.47
2,0,0,0,-2.67
23,4,2,1,4.71
17,1,0,0,2.95
44,9,7,3,4.66
34,8,5,3,4.82
1,0,0,0,-2.98
2,1,1,0,-0.86
2,1,0,0,-1.8
4,0,0,1,-0.55
3,0,0,0,-2.11
21,2,2,0,4.54
3,1,0,0,-1.57
12,2,2,0,3.02
13,3,2,0,3.64
3,1,0,0,-1.63
4,0,1,0,-1.13
28,5,0,0,4.52
5,0,0,0,-1.47
3,0,1,0,-1.3
2,0,0,0,-2.27
10,1,1,0,1.83
26,4,3,0,4.76
43,5,9,1,4.66
2,0,0,0,-2.38
5,0,0,0,-1.8
43,5,7,1,5.0
18,2,2,0,4.24
22,1,1,0,4.02
4,0,0,0,-1.78
4,2,0,0,-0.58
3,0,0,0,-2.29
4,0,0,0,-2.08
56,3,4,1,4.96
37,9,5,3,5.0
9,2,2,1,3.65
10,2,3,0,3.49
16,2,2,0,4.1
11,0,2,0,2.03
8,0,0,0,-0.62
16,3,1,0,3.75
3,0,1,0,-1.22
0,1,0,0,-2.31
4,0,0,0,-1.91
10,6,2,0,4.57
5,1,0,0,-1.01
1,0,0,0,-2.8
16,2,3,1,4.92
5,1,0,0,-0.99
6,0,1,0,-0.49
40,5,6,3,4.98
20,2,2,0,4.19
17,0,0,1,3.41
0,1,0,0,-2.43
43,4,5,0,5.0
2,0,0,0,-2.46
4,0,0,0,-1.94
41,5,3,0,4.99
8,3,3,1,3.86
2,0,0,0,-2.29
4,0,1,0,-1.15
3,0,1,0,-1.04
3,0,0,0,-2.16
4,2,0,0,-0.77
1,0,0,0,-2.55
14,3,1,2,4.56
15,2,2,1,4.26
19,4,1,0,4.39
2,0,0,1,-0.75
23,6,5,0,4.88
46,8,5,1,5.0
6,0,0,0,-1.19
4,1,0,0,-1.32
4,1,0,0,-1.33
2,2,0,0,-1.49
3,1,0,0,-1.47
3,1,1,0,-0.8
32,4,5,1,5.0
5,1,0,0,-0.91
1,0,1,0,-1.94
3,0,0,0,-2.09
4,0,0,0,-1.74
46,6,7,1,5.0
1,0,0,0,-2.77
4,0,0,0,-2.09
2,0,0,0,-2.39
3,2,0,0,-1.01
2,0,1,1,-0.06
48,5,3,0,4.88
10,3,0,0,1.91
5,0,0,0,-1.85
10,4,0,0,2.54
18,1,0,0,2.91
1,0,2,0,-1.11
22,1,1,1,4.67
13,1,1,0,2.64
15,3,1,0,3.52
1,0,1,0,-2.09
4,0,1,0,-1.01
4,0,0,0,-1.88
4,1,0,0,-1.33
15,5,3,0,4.63
16,1,3,0,3.95
14,5,0,0,3.53
15,0,0,0,1.76
17,3,5,2,5.0
7,0,0,0,-1.14
9,0,0,0,-0.51
3,0,0,0,-2.16
17,5,3,0,4.57
48,7,5,3,5.0
13,0,0,0,0.83
34,4,6,4,4.99
70,10,4,2,4.8
50,4,5,1,4.91
21,2,1,1,4.53
11,0,2,2,3.74
52,7,3,2,4.89
5,1,0,0,-1.01
4,0,0,0,-2.0
18,3,1,0,4.07
5,0,1,0,-0.69
16,2,2,0,4.31
10,2,1,0,2.23
18,1,1,1,4.05
11,0,0,1,1.74
2,1,0,0,-1.75
14,4,1,0,3.64
2,0,0,0,-2.33
14,3,4,0,4.72
1,0,0,0,-2.58
34,6,7,3,5.0
3,1,1,0,-0.6
19,3,0,0,3.88
4,0,1,0,-1.17
2,0,0,1,-0.71
2,0,0,0,-2.15
5,0,0,1,-0.15
9,2,0,0,1.02
2,0,0,0,-2.31
13,2,1,0,3.02
2,0,0,0,-2.19
9,3,3,1,4.38
1,1,0,0,-2.11
2,1,0,1,-0.33
4,0,0,0,-1.87
8,1,0,0,0.15
6,0,0,0,-1.19
3,0,0,0,-2.21
17,1,1,0,3.34
46,7,4,3,4.99
46,7,6,0,4.94
9,1,2,1,3.07
39,6,4,3,4.93
15,1,3,0,4.03
10,3,2,0,3.36
21,1,2,0,4.41
21,0,1,0,3.75
4,0,1,0,-0.7
46,6,6,1,4.91
12,3,1,0,3.1
2,0,0,0,-2.78
16,1,1,2,4.34
3,2,0,0,-0.94
16,2,1,1,4.27
3,0,0,0,-2.2
2,1,0,0,-2.02
3,0,0,0,-1.89
7,0,0,0,-1.09
46,8,6,1,4.71
3,1,0,0,-1.87
16,4,3,0,4.76
3,1,0,0,-1.5
52,8,6,0,5.0
3,0,1,0,-1.39
12,2,2,0,3.0
8,1,0,0,-0.2
10,3,1,0,2.37
21,2,1,0,4.16
15,1,1,0,3.1
60,3,9,4,4.84
13,2,2,1,4.18
1,0,0,0,-2.56
2,0,0,0,-2.67
12,1,1,0,2.26
39,9,8,0,5.0
49,9,6,4,4.93
19,3,0,1,4.57
34,3,3,5,5.0
13,3,2,0,3.92
5,1,0,0,-1.01
8,3,2,2,4.53
14,2,2,0,3.37
1,0,0,0,-2.73
2,0,0,0,-2.5
5,0,0,0,-1.69
5,1,1,0,-0.11
15,2,2,0,3.93
17,0,3,1,4.34
15,0,1,0,2.43
3,3,0,0,0.06
47,7,6,0,5.0
4,0,0,0,-1.97
17,4,2,0,4.33
51,6,4,0,4.97
3,0,0,0,-2.21
3,0,0,0,-1.89
3,0,0,0,-2.15
37,4,3,2,4.93
44,5,5,1,5.0
4,0,0,0,-1.99
3,0,0,0,-2.4
2,0,0,0,-2.51
4,1,0,0,-1.56
11,2,2,0,3.18
8,2,0,1,2.17
3,0,0,0,-2.12
16,3,3,0,4.35
37,5,4,3,5.0
20,3,1,0,4.5
5,0,1,0,-0.55
43,3,5,1,5.0
17,1,1,0,3.41
2,0,0,0,-2.21
12,2,2,0,3.35
18,1,1,1,4.18
12,1,2,1,3.81
14,2,0,0,2.33
4,0,1,0,-1.01
17,3,1,1,4.64
15,1,2,0,3.4
8,4,1,0,2.68
14,0,3,0,3.64
3,0,0,0,-2.19
5,0,0,1,-0.02
23,1,1,1,4.62
16,3,4,0,4.73
14,1,2,0,3.1
4,0,0,0,-1.76
14,2,3,0,4.09
3,0,0,0,-2.4
45,14,5,1,5.0
57,2,2,0,5.0
16,3,2,1,4.55
0,1,1,1,0.07
48,7,6,1,5.0
53,4,7,3,5.0
17,0,2,0,3.61
4,0,2,0,-0.04
13,3,0,0,2.47
1,0,0,0,-2.82
10,1,0,0,0.78
19,1,0,0,3.24
18,2,0,0,3.15
1,0,0,0,-2.8
58,7,3,1,4.95
3,1,0,0,-1.4
2,0,0,0,-2.52
6,0,0,1,0.16
12,1,3,1,4.39
12,3,1,0,3.11
20,2,3,1,4.74
0,0,0,0,-2.99
2,0,0,0,-2.55
7,0,0,0,-0.93
12,1,1,1,3.29
2,1,0,0,-2.04
3,0,0,0,-2.3
2,1,1,0,-0.85
3,1,1,0,-0.51
2,0,0,0,-2.49
11,1,1,0,1.9
5,0,0,0,-1.54
42,14,3,1,4.99
50,5,7,1,4.95
3,0,0,0,-2.17
55,7,4,5,5.0
3,0,0,0,-2.25
2,0,1,0,-1.64
2,0,0,0,-2.23
46,2,7,3,5.0
40,7,6,2,5.0
2,0,2,0,-0.64
12,2,5,0,4.57
1,1,0,0,-1.81
35,7,6,2,5.0
2,0,0,0,-2.62
1,1,0,0,-2.3
13,1,2,1,3.96
15,1,4,0,4.26
44,10,6,3,5.0
9,0,3,0,2.2
5,0,1,0,-0.82
5,0,0,0,-1.61
3,0,1,0,-1.31
1,0,0,0,-2.86
5,1,1,0,0.28
2,0,0,0,-2.37
23,4,0,0,4.38
12,0,1,1,3.04
12,3,1,1,3.84
46,11,5,3,5.0
13,2,0,0,2.07
48,7,7,0,4.95
3,0,0,0,-1.91
1,0,0,0,-2.79
13,2,3,0,3.92
13,0,1,0,1.87
3,0,0,0,-2.39
1,0,0,0,-2.62
3,0,0,0,-2.05
2,0,0,0,-2.34
3,0,0,0,-2.17
13,1,1,1,3.17
13,2,1,0,2.99
3,0,0,1,-0.77
6,0,1,0,-0.49
16,2,0,1,3.84
16,2,0,0,2.84
46,4,3,1,4.88
3,1,0,0,-1.42
2,0,1,0,-1.64
35,6,9,2,4.94
3,0,0,0,-2.06
1,0,0,0,-2.7
46,7,2,2,5.0
3,2,0,0,-1.29
3,1,0,0,-1.92
2,0,0,0,-2.58
2,0,0,0,-2.47
2,0,0,0,-2.27
47,10,8,0,4.77
3,2,3,0,1.7
19,1,3,0,4.51
37,7,7,1,4.86
5,0,0,0,-1.77
16,1,0,0,2.58
5,0,0,0,-2.04
17,1,0,0,2.74
5,0,0,0,-1.44
2,1,1,0,-1.0
46,5,2,2,4.96
2,0,0,0,-2.32
39,11,3,2,5.0
15,0,0,0,1.27
11,2,3,0,3.36
4,0,0,0,-1.83
55,7,5,1,4.83
0,0,0,0,-2.88
5,0,1,0,-0.59
16,1,0,1,3.53
3,0,1,0,-1.46
39,6,2,2,4.98
16,0,2,0,3.17
5,0,0,0,-1.63
1,0,0,0,-2.73
4,0,0,0,-2.0
3,0,0,0,-2.08
5,0,0,0,-1.36
54,5,4,4,5.0
13,2,1,0,2.77
57,4,1,2,4.87
3,0,1,0,-1.43
51,2,7,2,5.0
3,0,0,0,-2.3
4,0,1,0,-0.92
4,0,0,0,-1.92
13,1,1,1,3.42
3,0,1,0,-1.14
36,6,4,1,4.9
6,0,0,0,-1.43
2,1,0,0,-2.1
4,0,0,0,-1.47
26,2,4,0,4.94
15,0,4,1,4.68
12,0,1,0,1.58
3,0,0,0,-2.24
2,0,0,0,-2.49
16,2,2,1,4.35
50,5,7,0,4.98
43,5,8,2,4.99
2,0,0,0,-2.22
14,3,1,0,3.57
5,0,0,0,-1.5
2,0,0,0,-2.22
3,0,0,0,-2.41
4,1,0,0,-1.36
51,3,5,4,5.0
6,1,0,0,-0.79
5,0,0,0,-1.83
4,1,1,0,-0.51
2,1,1,0,-0.85
47,3,6,0,5.0
3,1,0,0,-1.63
4,0,0,1,-0.28
12,0,3,0,3.12
14,3,2,1,4.46
19,3,2,0,4.3
39,5,8,1,4.66
14,1,0,0,1.82
19,2,0,0,3.65
10,3,0,1,3.32
19,3,0,0,3.7
13,0,0,0,0.9
6,0,0,0,-1.23
53,8,3,2,5.0
9,4,3,0,4.1
3,0,0,0,-2.0
16,3,1,0,3.61
1,1,0,0,-1.93
50,4,8,0,4.91
44,6,7,2,4.91
18,2,0,1,4.2
1,0,0,0,-2.57
4,0,1,0,-0.89
17,2,2,0,4.19
4,0,0,0,-1.92
4,1,0,0,-1.14
4,0,0,0,-1.73
49,6,3,0,5.0
1,2,0,0,-1.46
15,3,1,2,4.38
10,6,2,2,4.72
41,7,4,1,4.97
1,0,0,1,-1.27
18,3,3,1,4.84
8,3,1,0,2.16
11,0,1,0,1.39
16,2,0,0,2.94
16,0,2,0,3.15
16,1,0,0,2.19
49,7,1,3,4.84
13,1,3,0,3.46
40,4,6,2,4.71
14,1,1,0,2.81
1,0,0,0,-2.45
29,1,1,0,4.53
14,0,3,1,4.24
2,0,0,0,-2.19
39,8,6,2,5.0
15,4,2,0,4.12
13,3,1,0,3.31
8,1,3,2,4.08
3,0,0,0,-2.31
5,1,0,0,-1.1
14,2,1,1,3.59
1,1,1,0,-1.3
18,2,0,0,3.06
8,2,0,1,2.16
1,1,0,0,-2.12
45,2,8,2,5.0
5,0,0,0,-1.58
4,0,0,0,-1.83
2,0,0,0,-2.22
12,0,3,0,3.32
44,7,5,0,4.95
5,0,0,0,-1.72
0,0,1,0,-1.88
5,0,0,0,-1.63
13,3,0,1,3.6
17,2,1,0,3.83
6,0,0,0,-1.22
16,4,1,2,4.91
2,1,0,0,-1.86
4,1,0,0,-1.11
53,8,3,1,4.93
2,0,0,0,-2.54
8,3,3,1,4.0
51,4,7,2,5.0
4,0,0,0,-2.05
4,1,0,0,-1.38
1,0,0,0,-2.63
17,3,0,0,3.59
13,1,1,1,3.71
46,10,3,2,4.88
4,1,0,0,-1.64
3,0,1,0,-1.23
16,1,3,2,5.0
2,0,0,0,-2.41
18,6,1,1,4.73
12,2,2,0,3.58
6,0,0,0,-1.25
4,0,0,0,-2.04
4,0,0,0,-2.14
17,4,0,0,3.46
13,5,0,1,4.03
2,0,0,0,-2.38
17,1,3,1,4.59
30,9,3,0,4.73
6,0,0,0,-1.26
3,0,1,0,-1.35
2,1,0,0,-1.52
21,1,0,1,4.08
7,0,0,0,-1.3
14,0,3,0,3.72
40,6,3,2,5.0
21,1,0,1,4.38
3,0,0,0,-2.24
12,3,1,0,3.45
43,8,5,0,5.0
2,0,0,0,-2.54
47,5,7,3,5.0
39,4,7,2,4.85
22,1,1,0,3.97
5,0,0,0,-1.82
3,1,0,0,-1.67
17,2,3,0,4.48
2,0,0,0,-2.49
14,2,1,2,4.51
14,2,2,1,4.36
46,8,4,1,5.0
6,1,0,0,-0.75
18,2,1,2,4.52
13,2,2,0,3.46
16,3,2,0,4.4
1,0,0,0,-2.5
3,0,0,0,-2.07
3,0,1,0,-1.44
2,0,0,0,-2.45
2,1,0,0,-1.7
4,1,0,0,-1.3
1,0,0,0,-2.54
3,0,1,0,-1.44
14,1,0,1,2.97
5,0,0,0,-1.75
4,0,0,0,-2.15
3,0,0,0,-2.31
3,0,0,0,-2.19
19,3,2,0,4.43
0,0,0,0,-3.04
1,0,1,0,-1.96
36,6,6,2,4.75
11,1,1,0,2.06
5,0,0,0,-1.66
12,1,2,2,4.34
1,1,0,0,-2.44
10,0,1,1,2.55
13,1,2,0,3.16
6,1,0,1,0.95
2,0,0,0,-2.57
12,1,2,0,2.98
16,4,0,0,3.51
36,4,3,4,5.0
3,1,0,0,-1.4
3,1,0,0,-1.75
14,4,1,0,3.87
3,1,0,0,-1.75
14,2,0,0,2.17
15,1,1,0,2.82
3,0,0,0,-2.22
3,0,0,0,-2.35
1,0,1,0,-1.86
3,0,0,1,-0.61
7,0,0,0,-0.75
4,1,1,0,-0.24
4,1,0,0,-1.12
9,0,0,0,-0.37
4,0,0,0,-1.83
3,0,0,1,-0.6
4,0,0,0,-2.03
12,6,3,0,4.58
11,1,0,0,1.09
15,3,2,1,4.51
3,0,0,0,-2.16
3,0,1,0,-1.43
5,0,0,0,-1.31
19,1,2,0,3.96
1,0,0,0,-2.74
3,0,0,0,-1.97
45,6,4,0,5.0
4,1,2,0,0.63
2,0,0,0,-2.45
1,1,0,0,-2.02
16,1,0,1,3.66
12,2,0,0,1.95
20,1,2,1,4.65
6,0,1,0,-0.3
14,1,1,0,2.34
13,3,5,0,4.74
11,1,1,2,3.74
9,1,1,1,2.53
2,1,1,0,-1.02
13,2,3,1,4.34
42,8,6,1,4.91
7,1,0,1,1.61
12,1,2,0,3.08
4,0,0,0,-1.84
19,2,0,0,3.65
2,1,0,0,-1.64
2,0,0,0,-2.58
3,0,0,1,-0.73
2,1,0,0,-1.84
49,6,5,0,5.0
3,0,0,0,-2.24
1,0,0,0,-2.53
41,2,7,0,4.96
18,2,0,0,3.13
18,1,1,0,3.71
15,2,2,0,4.04
2,0,1,0,-1.31
12,5,2,1,4.85
10,0,3,0,2.65
2,0,0,0,-2.49
17,1,2,0,3.53
13,0,1,1,2.98
11,1,1,0,1.95
26,1,1,0,4.19
16,0,1,1,3.75
11,0,0,0,0.4
17,4,0,0,3.69
1,0,0,0,-2.6
16,2,2,1,4.52
1,0,0,0,-2.85
3,0,2,0,-0.4
6,1,0,0,-0.62
1,0,0,1,-1.45
4,0,1,0,-1.42
1,1,0,0,-2.15
3,1,0,0,-1.74
17,0,1,0,2.67
6,1,0,0,-0.82
5,0,0,0,-1.84
2,0,1,0,-1.66
12,3,2,1,4.51
48,9,6,0,5.0
4,0,1,0,-0.94
3,0,1,0,-1.37
11,4,3,0,4.2
14,0,4,0,4.05
12,0,2,1,3.67
17,6,3,1,4.76
38,9,7,1,4.7
4,0,1,0,-0.7
1,0,0,0,-2.49
2,0,0,0,-2.44
3,0,0,1,-0.74
3,0,0,0,-2.27
13,2,3,0,3.84
13,1,1,1,3.25
3,1,0,0,-1.65
2,0,1,0,-1.63
11,2,3,0,3.49
2,0,0,0,-2.44
1,1,0,0,-2.02
16,4,0,1,4.18
5,0,0,0,-1.44
0,0,2,0,-1.25
17,0,2,0,3.54
17,6,2,1,4.68
34,7,1,2,5.0
7,5,0,1,3.37
42,5,3,3,5.0
52,6,5,0,5.0
2,1,0,0,-2.04
16,3,1,1,4.48
2,0,0,0,-2.51
3,0,1,0,-1.37
3,0,0,0,-2.17
26,1,1,0,4.35
4,0,0,0,-1.99
38,5,8,3,4.9
4,0,0,0,-1.93
20,3,0,0,3.74
7,0,1,0,-0.11
38,8,5,1,5.0
1,0,1,0,-2.05
12,0,2,1,3.56
4,2,1,0,0.58
3,0,0,1,-0.41
41,5,4,0,4.74
1,1,0,0,-2.14
16,3,2,0,4.01
5,0,0,0,-1.78
46,8,8,3,5.0
4,0,0,0,-1.74
5,0,1,0,-0.52
17,2,1,0,3.42
46,5,6,3,5.0
2,0,0,0,-2.49
22,4,1,1,4.53
3,0,0,0,-2.08
6,0,0,0,-1.53
2,1,0,0,-1.9
48,7,2,1,5.0
14,0,1,0,2.19
17,4,0,1,4.33
45,6,4,0,5.0
2,0,0,0,-2.38
42,5,7,0,5.0
2,0,1,0,-1.58
8,4,2,0,3.45
52,7,4,0,5.0
2,0,0,0,-2.3
7,0,0,0,-1.29
52,9,7,1,4.91
56,5,3,4,5.0
45,4,9,2,5.0
13,4,2,1,4.52
14,2,2,0,3.75
0,1,0,0,-2.31
10,1,1,0,1.59
1,0,1,0,-2.13
15,1,2,0,3.81
15,4,2,0,4.23
18,3,2,0,4.38
6,1,0,0,-0.97
47,8,5,2,5.0
6,1,2,1,2.56
15,4,1,0,3.88
40,8,3,3,4.98
18,4,1,0,4.47
5,0,0,0,-1.33
0,0,0,0,-2.86
15,4,0,0,3.59
4,0,0,0,-1.85
3,1,0,0,-1.68
18,1,0,0,2.67
13,0,1,2,4.15
3,0,0,0,-2.12
6,4,1,0,2.22
7,0,0,0,-0.81
3,0,0,0,-2.34
1,0,0,0,-2.81
22,2,2,0,4.51
10,1,3,1,4.04
2,0,0,0,-2.36
48,8,5,0,5.0
4,1,0,1,0.52
21,3,2,1,4.68
21,3,2,0,4.96
12,4,0,0,2.82
7,2,2,1,3.38
11,1,2,0,2.68
37,7,7,2,4.97
1,1,0,0,-1.87
4,2,0,0,-0.45
0,0,0,0,-2.88
3,0,0,0,-2.15
4,0,1,0,-1.31
23,3,0,0,4.17
1,0,0,0,-2.72
15,3,1,0,3.59
2,0,0,0,-2.4
16,1,4,0,4.31
5,0,0,0,-1.56
0,0,0,0,-2.9
17,4,1,0,4.27
13,4,3,1,4.7
2,0,0,0,-2.17
17,3,2,0,4.26
5,0,0,0,-1.43
4,0,0,0,-2.08
15,1,1,0,2.81
3,0,1,0,-1.5
17,2,2,1,4.78
3,0,0,0,-2.17
17,4,1,0,3.92
0,0,0,0,-3.07
43,8,4,0,5.0
12,3,1,1,3.87
20,1,2,0,4.07
4,0,2,0,-0.19
17,1,4,0,4.61
0,0,0,0,-2.7
3,0,0,0,-2.01
2,0,0,0,-2.22
1,0,0,0,-2.64
1,0,2,0,-1.03
6,0,0,0,-1.61
16,2,0,0,2.79
2,0,0,0,-2.45
17,2,4,0,4.63
6,1,0,0,-0.71
1,0,1,0,-1.91
12,1,3,0,3.32
16,1,0,1,3.72
3,0,0,0,-2.18
2,0,0,0,-2.5
42,10,6,2,4.8
5,2,0,0,-0.1
4,1,0,0,-1.6
2,0,0,0,-2.4
15,1,2,1,4.08
3,0,0,0,-2.18
12,2,1,0,2.67
8,1,2,0,1.97
24,1,1,1,4.61
15,4,2,0,4.32
1,0,1,1,-0.39
6,0,0,0,-1.34
4,0,0,2,1.43
3,1,0,0,-1.57
41,8,7,3,5.0
13,3,1,0,3.2
14,2,2,0,3.64
3,0,0,0,-2.28
3,0,1,0,-1.32
15,2,1,0,3.18
40,5,5,4,4.89
15,0,0,0,1.72
1,0,0,0,-2.83
19,0,2,1,4.38
2,0,0,0,-2.25
19,4,1,0,4.21
5,0,0,0,-1.48
2,1,0,0,-2.02
3,0,1,0,-1.34
4,2,0,0,-0.51
51,10,4,3,4.84
44,5,4,2,5.0
1,0,0,0,-2.7
3,0,0,0,-1.85
5,0,0,0,-1.35
40,8,5,2,5.0
3,0,0,0,-2.38
1,0,0,0,-2.58
14,2,1,0,2.97
51,6,2,3,5.0
46,5,5,0,4.99
4,1,1,1,1.29
6,0,0,0,-1.32
4,0,0,0,-1.99
2,0,0,0,-2.55
2,0,0,0,-2.52
3,1,0,0,-1.45
2,0,0,0,-2.64
3,0,1,0,-1.4
14,3,2,1,4.73
9,3,2,1,3.91
53,8,9,0,5.0
47,9,2,1,4.88
4,1,0,0,-1.49
4,0,0,0,-1.84
4,2,0,0,-0.72
17,1,1,0,3.48
1,0,0,0,-2.77
3,0,1,0,-1.3
43,5,8,1,5.0
41,9,6,1,5.0
20,1,2,0,4.16
4,0,0,0,-1.85
54,9,4,1,5.0
16,3,2,0,4.14
16,3,2,0,3.92
13,3,0,0,2.44
1,0,0,0,-2.68
17,1,3,0,4.13
11,6,1,1,4.58
2,0,0,0,-2.24
18,5,2,3,5.0
7,0,0,0,-0.89
13,1,4,0,4.3
18,1,0,1,3.52
5,0,0,1,-0.22
52,5,3,1,4.83
4,0,1,0,-1.18
4,0,0,0,-1.92
16,4,1,1,4.53
10,0,2,1,3.16
4,0,0,0,-1.82
10,1,2,0,2.48
3,1,0,0,-1.63
3,0,0,0,-2.26
2,0,0,0,-2.65
4,0,0,0,-1.91
1,0,2,0,-0.9
4,0,0,0,-1.73
10,2,4,1,4.3
45,5,5,1,5.0
3,1,0,0,-1.48
15,0,1,0,2.54
14,3,2,0,3.97
2,0,0,0,-2.85
22,1,0,0,3.72
46,3,4,3,4.96
13,0,2,0,2.88
1,0,0,0,-2.69
16,4,0,2,4.79
1,0,0,0,-2.79
4,0,0,1,-0.38
1,1,0,0,-2.23
57,3,4,1,5.0
2,1,0,0,-1.76
5,0,0,0,-1.63
3,0,1,0,-1.17
3,0,0,0,-2.14
1,2,0,0,-1.83
2,0,0,0,-2.31
5,0,0,0,-1.81
4,0,0,0,-2.2
4,0,0,0,-1.99
4,0,0,0,-2.07
18,1,0,0,2.97
18,2,2,0,4.25
13,2,2,0,3.6
6,0,0,0,-1.33
12,0,0,0,0.57
2,0,0,0,-2.53
17,1,3,0,4.15
46,11,4,0,5.0
3,0,0,0,-2.02
5,1,1,0,-0.24
3,0,1,1,0.45
14,3,1,0,3.54
20,4,0,0,4.48
4,0,0,0,-1.87
13,2,2,1,4.4
3,1,2,0,0.34
4,2,0,0,-0.61
21,1,2,0,4.3
2,0,0,0,-2.43
48,7,6,0,5.0
40,9,3,0,5.0
22,4,1,1,4.95
7,1,0,0,-0.27
42,7,7,0,5.0
16,1,1,1,3.87
18,1,1,0,3.66
16,1,1,0,3.13
3,0,0,0,-2.01
5,2,1,0,0.8
13,4,2,0,3.93
10,1,1,0,1.58
12,3,1,0,3.16
2,0,3,0,0.1
8,0,0,0,-0.89
16,1,1,2,4.48
2,0,0,0,-2.54
5,0,1,0,-0.78
17,1,4,0,4.59
2,0,0,0,-2.14
9,3,0,0,1.63
19,2,0,0,3.65
1,0,0,0,-2.49
2,0,0,0,-2.68
10,1,2,0,2.5
1,1,1,0,-1.1
1,0,0,0,-2.52
2,0,0,0,-2.38
2,0,0,0,-2.51
3,0,0,0,-2.01
5,0,0,0,-1.59
2,0,0,0,-2.42
50,4,5,0,4.73
14,1,0,0,2.02
5,1,0,0,-1.1
1,0,0,0,-2.68
3,0,0,0,-2.19
14,2,3,1,4.62
13,3,1,1,3.89
5,0,0,0,-1.67
10,2,1,0,2.14
39,7,1,5,4.82
15,2,1,0,3.53
13,2,0,0,2.18
5,0,0,0,-1.84
4,1,0,0,-1.64
3,0,0,0,-2.11
5,0,0,0,-1.64
11,1,1,0,1.98
6,0,0,0,-1.24
2,1,0,0,-2.0
19,5,2,0,4.45
47,3,10,1,5.0
13,3,1,1,4.07
2,0,0,0,-2.68
4,0,0,0,-1.63
1,1,0,0,-2.16
17,0,0,2,3.84
4,0,0,0,-2.04
4,0,0,0,-1.82
4,1,1,0,-0.54
36,4,2,0,4.81
7,0,0,0,-1.07
3,0,0,0,-2.18
2,0,0,1,-0.92
7,0,0,0,-0.99
3,0,0,0,-2.44
4,0,0,0,-1.74
35,6,3,0,5.0
18,2,2,0,3.96
39,6,4,4,5.0
16,1,1,0,3.15
17,1,0,0,2.81
20,1,3,0,4.39
14,2,0,0,2.26
49,5,5,4,4.88
15,4,2,0,4.29
14,3,1,0,3.43
46,8,7,0,4.91
9,0,1,0,0.32
1,0,0,0,-2.87
19,1,1,0,3.55
13,3,1,1,4.14
2,0,0,1,-0.92
6,1,0,0,-0.61
49,9,4,2,5.0
3,0,0,0,-2.1
48,11,5,2,4.82
6,0,0,0,-1.34
16,1,0,0,2.44
53,7,6,1,5.0
1,0,0,0,-2.84
2,2,0,0,-1.38
12,3,2,1,4.33
44,5,4,1,4.97
1,0,0,0,-2.44
14,2,3,0,3.91
2,1,0,0,-1.76
38,10,4,0,4.98
3,1,0,0,-1.67
8,0,0,0,-0.54
8,0,0,0,-0.32
8,1,1,0,0.59
36,5,9,2,4.91
3,0,1,0,-1.52
21,2,0,0,3.83
2,0,0,1,-1.06
3,0,0,1,-0.57
46,7,2,2,4.75
32,3,5,2,4.82
45,5,5,0,4.92
2,1,0,0,-2.06
9,1,0,3,3.61
7,0,0,0,-1.02
6,0,1,0,-0.27
4,0,0,0,-1.93
1,0,0,0,-2.45
2,0,0,0,-2.45
3,2,0,0,-0.91
18,3,1,1,4.51
46,7,6,0,5.0
20,2,3,0,4.61
47,8,4,2,5.0
21,1,2,0,4.19
16,1,2,1,4.24
44,7,3,1,4.98
52,6,6,1,4.98
12,4,0,0,2.79
2,0,1,0,-2.1
46,5,6,1,4.8
2,1,0,1,-0.23
0,0,0,0,-2.86
15,2,1,0,3.34
2,0,0,0,-2.38
1,0,1,0,-1.86
10,1,2,2,4.46
21,0,1,0,3.66
3,0,0,0,-2.0
7,0,0,0,-0.87
3,0,1,0,-1.37
55,4,5,1,4.86
0,0,0,0,-2.96
15,5,0,0,3.79
10,1,2,0,2.37
11,2,0,0,1.59
20,1,3,1,4.57
10,0,2,1,3.07
10,4,0,0,2.45
17,0,0,0,2.16
13,0,3,1,4.1
2,0,0,0,-2.51
6,1,0,0,-0.74
3,0,0,0,-2.16
0,1,0,0,-2.32
18,3,0,0,3.65
0,0,0,0,-2.88
1,2,0,0,-1.57
14,5,0,0,3.65
16,2,2,1,4.53
3,0,0,0,-2.17
38,4,5,0,5.0
18,2,2,0,4.08
19,0,1,0,3.34
13,2,1,0,2.88
17,2,0,0,3.07
3,0,0,1,-0.76
3,0,0,0,-2.07
48,2,3,2,5.0
13,2,0,1,3.56
22,0,2,0,4.17
16,0,2,0,3.44
12,3,0,0,2.36
18,3,1,1,4.48
50,9,8,2,4.83
18,1,2,0,3.98
38,6,1,0,5.0
38,5,2,1,5.0
3,0,1,0,-1.32
5,0,0,0,-1.59
3,1,0,0,-1.46
36,6,3,2,5.0
9,1,3,0,2.85
4,0,0,0,-1.74
11,4,0,0,2.75
0,1,0,0,-2.39
47,6,9,3,5.0
51,10,7,1,4.73
50,8,7,0,4.89
4,0,0,0,-1.96
2,0,0,0,-2.35
2,0,0,0,-2.58
37,8,5,1,5.0
5,1,1,0,-0.1
44,6,3,0,5.0
14,0,3,0,3.49
2,0,0,0,-2.16
12,2,2,0,3.16
38,3,9,0,5.0
17,3,2,0,4.31
4,0,0,0,-1.94
46,5,3,2,5.0
2,0,0,0,-2.52
51,2,7,1,5.0
15,2,0,0,2.6
5,0,0,0,-1.58
16,1,2,0,3.71
3,0,0,0,-2.2
1,1,0,0,-2.09
2,1,1,0,-1.03
16,2,0,3,4.7
8,2,1,0,1.43
1,1,1,0,-1.37
22,3,1,0,4.41
12,4,1,0,3.72
16,2,2,0,3.97
6,2,1,0,1.0
2,0,1,0,-1.47
48,4,6,4,4.87
5,0,0,0,-1.53
1,0,0,0,-2.62
5,0,0,0,-1.69
13,1,2,0,3.21
4,0,0,0,-2.1
53,11,5,0,5.0
16,2,1,0,3.76
11,2,1,3,4.67
4,1,1,0,-0.32
3,1,0,0,-1.69
2,0,0,0,-2.18
4,1,0,0,-1.65
12,2,3,0,3.73
38,5,5,1,4.97
2,0,0,0,-2.53
3,0,0,0,-2.24
3,1,0,0,-1.43
40,6,4,3,4.94
2,0,1,0,-1.54
14,4,4,0,4.59
17,2,0,0,3.04
41,13,4,0,5.0
50,7,6,3,4.94
6,0,0,0,-1.12
1,1,0,0,-2.03
52,5,1,0,4.85
19,1,2,1,4.48
2,0,0,0,-2.11
11,4,0,0,2.61
42,5,10,1,5.0
44,8,6,2,5.0
45,7,3,2,4.92
25,1,2,0,4.66
2,0,0,0,-2.65
38,4,4,3,5.0
51,7,6,2,5.0
2,1,0,0,-2.2
13,2,0,0,2.13
5,1,0,1,0.44
6,2,1,0,0.85
11,4,2,0,3.75
4,1,0,0,-1.2
4,1,0,0,-1.47
16,2,1,0,3.44
4,0,0,0,-2.08
24,2,1,0,4.3
11,1,2,0,2.9
6,1,0,0,-0.62
22,4,0,0,4.14
17,1,3,2,4.94
1,1,0,0,-2.01
46,0,6,1,4.95
21,5,2,0,4.86
28,1,4,2,5.0
3,0,0,0,-2.17
3,1,0,0,-1.74
14,2,2,1,4.38
22,0,1,1,4.25
3,0,0,0,-2.28
14,5,0,1,4.13
14,2,1,2,4.52
37,7,4,1,5.0
15,0,1,0,2.39
15,5,1,0,4.35
3,0,1,0,-1.36
6,0,0,0,-1.32
2,1,0,0,-2.04
21,1,1,1,4.35
1,1,0,0,-2.02
24,2,1,1,4.62
1,0,0,0,-2.81
1,0,0,0,-2.83
2,0,0,0,-2.71
17,3,3,0,4.35
12,2,1,0,2.47
2,0,0,0,-2.54
17,2,3,0,4.31
13,2,3,0,3.9
4,1,0,0,-1.27
16,1,1,0,3.19
1,0,0,0,-2.84
2,2,0,0,-1.11
1,0,0,0,-2.58
19,1,2,0,4.18
2,0,1,0,-1.61
2,0,0,0,-2.32
56,6,2,0,5.0
15,1,1,0,3.06
16,2,4,0,4.6
4,1,0,0,-1.63
41,1,12,0,5.0
3,0,1,0,-1.26
17,2,1,0,3.58
43,7,4,2,4.9
60,5,5,2,5.0
4,0,0,0,-1.67
2,1,0,0,-1.92
15,3,1,1,4.19
7,1,1,0,0.53
54,6,2,0,4.77
47,7,4,1,4.98
47,6,3,1,5.0
5,0,0,0,-1.53
2,0,0,0,-2.59
2,1,0,0,-1.82
47,13,6,1,4.97
17,3,1,1,4.22
2,0,2,0,-0.95
36,5,7,2,5.0
12,2,2,1,4.31
15,4,0,2,4.28
22,1,2,1,4.71
17,3,1,0,3.93
4,0,0,2,1.28
1,0,1,0,-1.82
2,0,1,0,-1.72
1,1,1,0,-1.19
34,2,7,5,5.0
17,1,3,0,4.31
36,4,3,0,5.0
3,0,0,0,-2.3
17,1,1,0,3.28
53,3,4,2,4.86
4,0,0,0,-1.96
18,3,1,1,4.43
18,2,2,0,4.28
1,0,0,0,-2.69
35,7,4,1,4.74
0,1,0,0,-2.39
38,11,4,0,4.95
19,4,4,1,5.0
3,0,1,0,-1.23
15,3,3,1,4.56
1,0,0,0,-2.65
2,0,1,1,0.23
5,1,0,0,-1.26
0,0,1,0,-2.08
3,0,0,0,-2.3
52,6,6,0,4.81
10,0,0,1,1.59
14,1,2,1,4.04
2,0,0,0,-2.44
4,0,0,0,-1.91
9,4,0,1,3.17
47,11,6,0,5.0
43,12,1,0,4.93
13,1,3,0,3.95
13,5,0,0,3.59
3,0,0,0,-2.04
8,0,2,1,2.71
1,0,0,0,-2.4
13,2,3,0,4.06
4,0,0,0,-1.7
18,1,0,0,3.02
34,9,6,0,5.0
2,0,1,0,-1.62
4,1,0,0,-1.26
3,0,0,1,-0.68
1,0,0,0,-2.54
2,0,0,0,-2.4
11,4,2,0,3.93
7,2,1,0,1.39
14,3,2,0,3.89
40,6,7,0,4.9
8,3,0,2,3.8
14,2,1,0,3.23
2,0,0,0,-2.51
47,11,8,2,4.7
3,0,0,0,-2.08
4,1,0,0,-1.12
3,0,0,0,-2.31
13,1,1,0,2.5
3,0,0,0,-1.99
3,1,0,0,-1.71
12,2,4,0,3.88
12,3,4,1,4.85
5,0,1,0,-0.9
3,1,0,0,-1.58
9,2,1,1,3.21
4,0,0,0,-1.94
3,0,2,0,-0.01
19,3,3,0,4.63
15,3,4,0,4.63
11,2,1,0,2.38
43,2,5,0,5.0
3,0,0,0,-2.11
5,0,0,0,-1.64
2,0,0,0,-2.58
15,0,2,0,2.92
20,2,1,0,3.95
4,0,0,0,-1.65
1,0,0,0,-2.94
2,0,1,0,-1.36
5,0,0,0,-1.33
12,3,5,0,4.55
5,1,0,0,-0.76
2,0,1,0,-1.61
0,0,0,0,-2.97
3,0,0,0,-2.28
11,2,0,0,1.55
11,2,0,0,1.69
48,9,6,0,4.99
49,4,1,0,4.92
43,4,3,0,4.81
2,0,0,0,-2.66
2,1,0,0,-2.09
6,1,0,1,0.88
46,4,7,1,5.0
3,0,0,0,-2.01
41,8,4,0,5.0
5,0,0,1,0.01
15,1,1,0,2.76
14,2,1,1,3.69
2,0,1,0,-1.54
3,0,0,0,-2.2
6,0,0,0,-1.33
2,0,0,0,-2.56
5,0,1,0,-0.71
53,7,7,3,4.74
1,0,0,0,-2.8
12,1,3,1,4.12
3,0,1,0,-1.14
2,1,0,0,-1.97
1,0,0,0,-2.49
3,1,0,0,-1.62
22,1,2,2,4.65
3,0,0,0,-2.23
22,1,2,0,4.46
2,0,0,0,-2.35
50,5,3,1,4.87
13,1,1,1,3.75
12,2,3,0,3.9
15,3,1,0,3.88
24,2,2,0,4.65
18,1,0,0,3.12
15,3,2,1,4.44
8,0,0,0,-0.54
1,0,0,0,-2.79
5,1,0,0,-0.76
43,9,5,1,4.66
21,3,1,0,4.6
4,0,1,0,-1.24
2,0,0,0,-2.75
5,0,1,0,-0.84
54,6,8,2,5.0
13,3,4,0,4.48
15,4,1,0,4.03
3,0,0,0,-2.28
13,3,5,0,4.59
20,2,0,0,3.6
3,0,0,0,-2.19
19,1,2,1,4.55
5,1,0,0,-1.01
13,3,0,1,3.69
2,1,0,0,-2.1
15,0,1,0,2.59
1,0,0,0,-2.59
3,0,1,0,-1.27
3,0,0,0,-2.3
2,0,0,0,-2.55
48,7,3,0,4.97
49,7,5,1,5.0
2,0,0,0,-2.59
2,0,0,0,-2.64
2,3,0,0,-0.79
40,5,6,2,5.0
15,1,3,0,3.99
42,11,5,1,5.0
44,5,5,0,4.88
5,0,0,0,-1.61
15,3,2,1,4.62
13,1,4,0,3.95
35,9,3,1,5.0
11,0,1,1,2.8
4,0,0,0,-1.95
4,0,0,0,-1.67
1,1,0,0,-2.24
13,3,1,1,3.87
20,2,1,1,4.5
41,6,7,0,4.93
1,1,0,0,-2.16
47,11,9,3,5.0
12,3,0,1,3.49
14,3,1,0,3.42
4,0,0,0,-1.9
46,8,9,2,5.0
17,5,0,1,4.35
6,1,0,0,-0.93
18,3,3,0,4.46
18,2,0,0,3.25
4,0,0,0,-1.92
23,2,2,0,4.49
2,0,0,0,-2.52
1,1,0,0,-2.33
3,0,0,0,-2.31
7,0,0,0,-0.81
3,0,0,0,-2.25
16,1,1,0,2.87
15,2,1,1,3.96
10,0,0,2,3.07
5,0,1,0,-0.74
3,0,0,0,-2.19
4,0,0,0,-1.87
6,2,0,0,-0.03
55,6,10,0,4.86
48,6,5,2,4.95
37,9,7,4,4.93
2,1,0,0,-1.9
1,0,0,0,-2.35
43,10,2,0,4.9
6,0,0,0,-1.06
1,0,0,0,-2.85
10,5,1,1,4.07
4,0,0,0,-2.06
4,0,1,0,-1.11
19,4,2,1,4.95
2,1,0,0,-1.9
6,0,0,0,-1.56
11,1,0,0,0.86
15,1,2,1,3.82
17,0,1,0,2.89
2,0,1,0,-1.63
2,1,0,0,-1.95
5,0,0,0,-1.43
5,0,0,0,-1.76
18,2,1,1,4.39
2,0,0,1,-1.11
9,1,3,0,3.08
5,0,0,0,-1.85
48,3,3,1,4.9
2,0,0,0,-2.15
20,2,2,0,4.27
11,1,2,0,2.47
13,1,1,0,2.48
46,11,3,2,5.0
13,2,1,1,3.87
11,5,0,0,3.16
17,1,0,0,2.53
2,1,0,0,-1.82
26,12,5,2,4.9
6,1,0,1,0.87
2,0,1,0,-1.86
2,0,0,0,-2.51
43,7,6,1,4.79
2,0,0,0,-2.55
14,2,2,0,3.62
3,1,0,0,-1.43
3,1,0,0,-1.87
46,9,6,0,5.0
4,0,0,0,-1.84
14,2,2,0,3.54
45,5,5,2,4.89
4,0,0,0,-1.69
44,5,4,2,4.83
16,1,1,0,3.38
4,1,0,0,-1.23
3,0,0,0,-1.92
45,6,7,2,5.0
14,1,0,1,2.82
1,1,0,0,-2.09
2,1,0,1,-0.49
51,6,9,3,5.0
34,8,3,2,5.0
2,0,0,1,-0.96
3,0,0,0,-2.19
3,0,1,0,-1.25
10,0,3,0,3.02
1,0,0,0,-2.52
2,0,0,0,-2.77
3,0,0,0,-1.97
3,0,0,0,-2.18
2,0,0,0,-2.41
35,8,4,4,5.0
42,10,4,1,5.0
3,0,1,0,-1.54
15,0,3,0,3.62
2,0,1,0,-1.52
3,0,1,0,-1.19
4,0,0,0,-1.6
5,0,0,0,-1.57
46,7,3,0,4.99
17,3,0,0,3.32
3,0,0,0,-2.28
18,2,0,0,3.2
18,4,0,1,4.44
47,11,7,0,4.89
11,4,1,1,3.94
3,1,1,0,-0.7
12,3,1,0,3.05
2,0,0,0,-2.84
1,0,0,0,-2.74
39,5,6,1,4.96
5,0,0,0,-1.69
44,5,4,1,4.89
14,4,2,1,4.82
18,6,2,0,4.59
5,1,0,0,-1.05
18,2,0,0,3.51
6,0,0,0,-1.39
54,3,3,1,4.95
3,0,0,0,-2.57
3,1,1,0,-0.76
4,0,0,0,-1.84
39,11,2,1,5.0
1,0,0,0,-2.79
4,1,0,0,-1.43
52,8,5,1,5.0
44,7,5,2,4.98
2,0,0,0,-2.46
4,0,0,0,-1.81
12,4,2,1,4.65
2,0,1,0,-1.54
4,1,0,0,-1.2
50,4,3,1,5.0
37,7,3,3,5.0
15,2,0,1,3.73
3,0,0,0,-2.29
12,3,2,1,4.41
11,1,3,0,3.62
12,0,1,1,2.83
12,1,2,0,2.97
13,2,1,0,3.0
5,2,0,0,-0.28
21,2,1,2,4.85
6,2,0,0,-0.14
5,0,0,0,-1.47
4,0,0,0,-1.7
4,0,0,0,-2.01
1,0,0,0,-2.83
3,0,0,0,-2.19
5,1,0,0,-0.94
10,0,1,1,2.44
14,5,1,0,4.07
1,0,0,0,-2.73
2,0,1,0,-1.55
10,2,1,0,1.9
14,1,1,0,2.57
3,0,0,0,-2.22
19,1,2,0,4.14
9,1,2,0,2.34
20,2,1,0,4.26
14,2,1,0,2.98
16,3,1,0,3.57
3,0,0,0,-2.38
53,5,5,1,4.81
2,0,1,0,-1.82
2,1,0,0,-2.04
2,0,0,1,-1.03
14,4,0,2,4.77
66,7,8,3,4.77
15,3,0,1,3.95
6,0,0,0,-1.42
2,0,0,0,-2.63
6,1,1,0,0.58
1,1,1,0,-1.38
3,0,0,0,-2.2
20,1,4,0,4.72
16,3,1,0,3.74
3,0,0,0,-2.41
13,3,0,0,2.88
3,0,0,2,0.87
2,2,1,0,-0.27
6,0,1,0,-0.4
1,1,1,0,-1.31
13,2,3,1,4.48
3,1,0,0,-1.55
16,4,2,0,4.4
12,5,1,0,3.72
2,1,0,0,-2.08
14,3,0,1,3.59
4,0,1,0,-0.97
16,3,0,2,4.52
42,11,5,4,4.95
2,0,0,0,-2.45
2,2,0,1,0.27
1,1,0,0,-1.9
12,6,0,0,3.5
16,2,0,0,2.73
41,8,4,0,5.0
1,1,0,0,-2.2
40,4,6,3,4.87
7,4,1,1,3.36
5,0,0,0,-1.63
18,2,2,0,4.12
15,4,2,0,4.04
14,2,0,0,2.47
1,0,0,0,-2.66
19,0,2,0,4.05
6,1,0,0,-0.62
45,3,7,2,5.0
11,1,2,0,2.77
5,0,0,0,-1.45
48,6,5,0,4.84
12,3,2,0,3.65
3,1,0,0,-1.64
2,1,0,0,-1.82
38,8,7,0,4.92
37,7,3,2,5.0
2,0,1,0,-1.54
1,0,0,0,-2.57
9,0,1,0,0.55
8,3,2,0,2.89
12,1,0,0,1.23
2,0,0,0,-2.48
2,0,0,0,-2.29
25,2,1,0,4.53
2,0,0,0,-2.64
19,2,2,0,3.99
1,0,2,0,-0.77
17,2,3,0,4.13
10,3,1,0,2.59
22,2,1,0,4.47
10,2,0,0,1.22
2,0,0,1,-1.05
2,0,0,0,-2.48
16,0,3,0,3.78
4,0,0,0,-1.99
4,0,0,0,-1.98
15,1,2,0,3.67
15,1,3,0,3.98
2,0,0,0,-2.58
14,4,2,1,4.85
3,0,0,0,-1.96
2,0,1,0,-1.52
0,0,0,0,-2.91
3,0,0,0,-2.24
14,1,2,0,3.46
2,1,0,0,-1.54
16,0,3,0,4.15
3,0,0,0,-2.3
3,0,0,0,-1.98
4,0,1,0,-1.1
14,2,3,0,4.27
2,0,0,0,-2.48
1,2,0,0,-1.54
4,1,0,0,-1.43
7,1,1,0,0.42
34,8,7,1,5.0
2,0,0,0,-2.46
1,0,0,0,-2.92
40,5,6,0,5.0
17,0,7,0,4.65
5,0,0,0,-1.93
11,2,2,0,3.0
17,5,3,2,5.0
5,0,0,0,-1.5
3,0,0,0,-2.1
6,1,0,0,-0.55
3,0,0,0,-2.29
14,3,0,0,2.66
15,2,3,1,4.48
11,1,5,1,4.62
2,0,0,1,-0.97
14,2,0,0,2.39
48,5,5,2,5.0
13,0,3,0,3.43
4,1,1,0,-0.42
19,1,6,0,4.87
3,0,0,0,-1.96
45,4,5,2,5.0
11,1,0,1,2.31
2,0,0,0,-2.27
17,3,4,1,4.73
4,0,0,0,-1.84
2,0,0,0,-2.25
5,0,0,0,-1.96
2,0,0,1,-1.2
19,6,2,0,4.65
18,1,3,0,4.16
44,13,6,1,4.82
3,1,0,0,-1.62
4,0,0,0,-1.98
15,3,3,0,4.38
4,0,0,0,-1.99
44,9,5,2,5.0
3,0,0,0,-2.23
18,1,3,0,4.33
6,1,0,0,-0.43
9,1,2,0,2.01
13,1,3,1,4.23
2,0,0,0,-2.62
3,1,0,0,-1.82
5,0,0,0,-1.86
5,1,0,1,0.48
18,3,0,0,3.88
17,4,0,0,3.65
17,2,1,0,3.72
38,2,11,1,5.0
13,4,1,0,3.61
15,5,1,0,4.39
44,4,2,1,4.95
16,3,2,1,4.6
23,1,1,0,4.2
19,1,3,0,4.09
1,0,0,0,-2.55
16,2,1,0,3.61
16,1,1,0,2.93
15,2,4,1,4.6
15,2,2,0,4.0
10,0,2,0,1.83
2,0,0,0,-2.19
4,0,0,0,-1.66
1,1,0,0,-2.3
1,0,0,0,-2.69
3,0,1,0,-1.52
1,0,1,0,-2.01
2,0,1,0,-1.87
22,1,0,0,3.44
2,0,1,1,-0.03
17,2,1,0,3.7
1,0,0,0,-2.69
14,2,1,1,3.76
14,1,2,0,3.54
0,3,0,0,-1.26
2,0,0,0,-2.53
2,1,0,0,-1.98
10,2,0,1,2.73
3,0,0,0,-1.84
16,1,2,0,3.82
7,2,0,1,1.89
1,0,0,0,-2.67
2,0,0,0,-2.24
8,2,2,0,2.6
13,3,1,1,4.12
5,0,0,0,-1.79
11,0,1,0,1.32
17,1,0,0,2.84
6,0,0,0,-1.22
1,0,0,0,-2.69
6,0,0,1,0.31
13,1,1,0,2.57
2,1,0,0,-1.92
12,1,1,1,3.13
15,2,0,0,2.51
6,0,0,0,-1.48
3,0,0,0,-2.26
39,12,6,1,5.0
3,0,0,0,-2.18
53,3,5,0,5.0
4,0,0,0,-1.97
13,3,0,0,2.51
13,2,1,0,3.07
2,1,0,0,-2.15
15,3,2,0,3.97
3,0,0,0,-2.36
12,1,1,0,1.99
41,3,5,2,5.0
16,1,0,1,3.42
15,4,0,0,3.56
2,1,0,0,-1.82
37,6,4,1,5.0
4,0,0,1,-0.4
15,0,1,0,2.14
11,4,0,0,2.47
4,0,1,0,-1.06
2,0,0,0,-2.4
12,1,1,0,1.94
2,0,0,0,-2.81
19,2,1,0,4.1
1,0,0,0,-2.67
53,8,4,1,5.0
3,0,0,0,-2.14
14,2,0,0,2.42
6,1,3,0,2.34
15,1,2,1,4.07
15,0,1,0,2.38
6,0,0,0,-1.13
14,1,1,2,4.02
16,2,3,0,4.34
2,1,0,0,-1.65
7,1,0,0,-0.36
6,0,0,0,-1.49
20,3,0,0,3.74
2,1,0,0,-1.81
2,0,0,0,-2.55
3,0,0,0,-2.0
0,0,0,0,-3.0
46,9,4,2,4.96
1,0,0,0,-2.86
4,0,0,0,-1.8
4,0,1,0,-0.98
13,0,2,0,2.84
2,0,0,0,-2.68
3,0,0,0,-2.32
51,5,1,1,4.98
3,0,0,0,-2.2
11,1,1,0,2.05
17,1,2,1,4.28
2,0,0,0,-2.41
4,0,1,0,-1.02
10,0,2,1,3.18
16,2,1,0,3.4
39,6,4,1,4.98
20,0,1,2,4.78
3,1,1,0,-0.53
7,0,0,0,-0.83
4,0,0,1,-0.5
3,0,0,0,-2.05
3,0,1,0,-1.06
17,2,2,0,3.91
0,0,0,0,-2.95
2,0,0,0,-2.53
19,2,1,0,3.96
19,4,2,0,4.6
52,7,8,1,4.96
2,1,0,0,-1.91
42,6,4,1,4.98
5,0,0,0,-1.28
14,3,1,0,3.43
18,1,1,1,4.6
15,2,3,1,4.63
51,5,6,0,5.0
18,1,2,1,4.68
2,0,1,0,-1.5
13,5,1,1,4.51
3,0,0,0,-2.33
19,2,2,0,4.19
62,4,7,2,4.87
19,1,1,1,4.03
41,6,4,3,5.0
17,2,2,1,4.68
18,2,2,0,4.14
3,0,0,0,-2.21
3,2,0,0,-1.07
11,4,2,0,3.56
18,1,0,0,2.91
46,6,6,0,4.96
3,1,0,0,-1.39
22,2,1,3,4.66
0,1,1,0,-1.9
42,8,10,2,4.88
4,0,0,0,-1.88
7,0,0,0,-0.7
5,0,1,0,-0.71
14,3,3,1,4.44
11,1,0,0,1.0
12,2,1,0,2.79
3,1,0,0,-1.77
3,0,1,0,-1.42
13,1,3,2,4.75
45,8,4,2,4.9
0,0,1,0,-2.37
2,1,0,0,-1.85
3,3,0,0,-0.38
15,2,2,0,3.76
3,0,0,0,-2.08
19,2,1,0,4.04
2,0,0,0,-2.57
8,1,0,0,-0.18
16,1,2,0,3.72
11,1,0,0,1.03
23,1,1,0,4.05
2,0,0,0,-2.57
2,1,0,0,-1.72
41,6,10,2,4.92
6,0,1,0,-0.41
17,4,1,1,4.74
2,0,0,0,-2.57
2,1,0,0,-2.05
3,0,0,0,-2.09
42,6,6,0,5.0
4,0,0,1,-0.09
5,1,0,0,-0.99
10,2,1,1,3.5
53,8,5,4,4.86
17,1,1,0,3.19
10,0,0,0,0.02
1,0,0,0,-2.65
43,4,5,3,5.0
52,7,5,1,4.97
16,2,2,2,4.74
13,7,1,1,4.59
2,0,0,0,-2.54
2,0,0,0,-2.42
37,7,3,1,5.0
2,0,0,0,-2.5
48,7,5,0,5.0
16,0,0,0,2.13
1,1,0,0,-2.06
2,0,1,0,-1.55
4,0,1,0,-1.13
12,1,1,1,3.29
8,2,1,1,3.05
13,0,0,0,0.95
6,0,2,0,0.66
3,0,0,0,-2.12
3,0,0,0,-2.0
1,0,0,0,-2.77
41,6,10,1,5.0
23,2,1,1,4.74
17,2,0,1,3.85
6,0,0,0,-1.65
4,0,2,0,-0.22
3,1,0,0,-1.58
17,3,1,0,4.02
14,2,0,0,2.72
5,0,1,0,-0.58
13,2,0,0,2.12
18,2,3,1,4.37
49,10,2,2,5.0
6,0,0,0,-1.41
5,0,1,0,-0.58
3,0,0,0,-2.38
48,7,5,1,5.0
4,0,1,0,-0.72
14,5,1,2,4.84
10,2,1,0,2.14
35,4,3,0,4.95
15,2,2,0,4.03
1,0,1,0,-1.82
3,0,0,0,-2.07
5,1,0,0,-1.14
2,0,1,0,-1.84
7,0,0,0,-0.91
0,0,0,0,-3.1
10,2,0,0,1.09
19,3,2,0,4.2
15,3,2,0,4.34
15,0,1,0,2.33
1,0,1,1,-0.43
17,2,3,0,4.46
1,0,1,0,-1.96
5,1,0,0,-1.19
3,1,1,0,-0.32
2,1,0,0,-1.76
40,7,2,4,5.0
46,6,4,2,4.89
7,2,2,0,2.25
3,0,0,0,-2.31
2,0,0,0,-2.52
4,0,0,0,-1.86
0,0,0,0,-3.03
9,2,4,0,4.0
37,7,8,1,5.0
3,1,1,0,-0.59
3,0,1,0,-1.5
3,0,0,0,-2.08
21,3,0,2,4.66
37,13,4,2,5.0
24,2,0,0,4.1
16,3,0,1,3.92
5,0,0,1,0.15
5,0,0,0,-1.74
19,1,5,0,4.64
21,0,3,0,4.05
40,2,6,1,5.0
13,1,1,0,2.44
17,4,1,1,4.7
1,0,2,0,-1.0
17,3,2,1,4.33
22,3,1,1,4.88
2,0,1,0,-1.59
16,4,1,1,4.37
15,3,1,0,3.97
2,1,0,0,-1.99
12,0,3,0,3.0
2,0,0,0,-2.8
4,0,0,0,-1.86
2,0,0,0,-2.42
4,0,0,0,-1.92
14,2,2,0,3.96
4,0,0,0,-1.98
13,3,2,0,3.95
59,10,7,3,4.8
5,1,0,0,-0.86
44,5,1,1,4.76
3,0,0,0,-2.18
48,4,1,3,5.0
20,0,1,0,3.32
5,2,0,0,-0.36
11,1,0,0,0.87
5,0,0,0,-1.57
20,2,2,0,4.42
16,2,2,1,4.49
2,0,1,0,-1.72
17,4,2,1,4.79
2,0,0,0,-2.54
2,0,0,0,-2.5
1,0,0,0,-2.35
19,3,0,0,3.77
18,4,3,0,4.42
5,0,0,0,-1.36
2,0,0,0,-2.45
14,1,2,0,3.1
1,0,0,0,-3.07
14,4,0,0,3.17
6,0,0,0,-1.23
42,7,8,0,5.0
58,9,4,1,4.83
13,1,1,1,3.67
17,0,3,0,3.96
24,7,3,0,4.88
10,0,2,1,2.99
19,1,0,1,3.97
6,1,0,0,-0.85
23,1,2,1,4.72
16,2,3,0,4.19
4,1,0,0,-0.98
1,0,0,0,-2.82
1,0,0,0,-2.72
2,1,0,0,-1.91
4,0,0,0,-1.68
2,0,0,0,-2.5
1,0,0,1,-1.61
14,1,1,0,2.78
2,0,0,0,-2.77
17,2,2,1,4.71
3,0,0,0,-2.08
2,0,0,0,-2.62
45,9,7,1,5.0
16,2,1,1,4.26
43,6,3,1,4.84
58,10,10,1,5.0
36,4,4,0,5.0
4,0,0,0,-2.01
14,3,0,0,2.97
2,3,0,0,-0.58
3,0,0,0,-2.48
11,2,2,0,2.98
18,2,1,2,4.67
14,1,0,0,1.79
7,1,5,1,4.38
12,0,1,0,1.48
3,1,1,0,-0.75
46,8,3,2,5.0
4,0,0,0,-1.8
6,0,0,0,-1.57
13,5,2,0,4.26
16,2,4,0,4.66
42,1,4,1,5.0
2,0,0,0,-2.4
29,2,6,1,5.0
10,0,3,0,2.6
16,2,1,0,3.5
15,2,2,0,3.83
19,1,1,1,4.48
2,0,0,0,-2.35
3,0,0,0,-2.11
13,2,3,0,3.82
5,0,0,0,-1.6
43,6,3,0,4.9
15,2,1,0,3.27
21,2,0,0,3.9
2,4,0,0,0.09
5,0,0,0,-1.66
4,0,0,0,-1.93
0,0,0,0,-2.98
4,0,1,0,-1.0
15,2,1,0,3.33
18,0,4,1,4.61
3,0,0,0,-2.17
4,0,0,0,-1.7
23,3,1,0,4.41
11,1,1,1,3.21
15,1,0,0,2.31
13,0,1,1,3.23
3,2,0,0,-1.11
16,1,1,0,3.24
9,1,2,2,4.13
2,1,0,0,-1.72
42,7,5,2,5.0
2,0,0,0,-2.45
16,1,1,0,3.28
5,1,0,1,0.47
1,0,0,0,-2.76
17,2,2,0,4.11
1,0,0,0,-2.94
1,1,1,0,-1.26
4,0,1,0,-1.04
3,0,1,0,-1.37
3,0,0,0,-2.34
3,0,0,0,-2.16
3,1,1,0,-0.68
18,3,3,2,4.8
4,0,0,0,-1.73
17,1,0,0,2.83
12,5,2,1,4.53
8,0,0,0,-0.55
1,0,0,0,-2.87
5,0,0,0,-1.68
14,4,2,1,4.17
2,1,1,0,-0.96
11,1,1,0,1.78
22,1,1,2,4.71
4,0,0,0,-1.73
3,1,1,0,-0.78
2,1,0,0,-1.72
7,0,0,1,0.53
0,0,0,0,-2.88
0,0,0,0,-2.93
3,1,0,0,-1.48
1,0,0,0,-2.69
12,3,0,0,2.28
3,0,0,0,-1.93
2,0,0,0,-2.15
4,0,0,0,-2.08
21,2,0,0,3.92
4,0,1,0,-1.01
2,0,0,0,-2.55
1,0,0,0,-2.88
7,4,1,1,3.63
19,3,1,2,4.89
15,2,3,1,4.66
4,1,0,0,-1.2
12,2,1,0,2.47
2,1,0,0,-1.91
1,2,0,0,-1.69
20,1,1,0,3.93
5,0,0,0,-1.73
14,3,0,1,4.12
3,0,0,0,-2.13
47,10,11,1,5.0
13,2,1,0,2.72
3,0,1,0,-1.38
1,1,0,0,-2.49
4,0,0,0,-2.0
9,1,2,0,2.34
3,0,0,0,-2.13
4,0,0,0,-1.67
3,1,0,0,-1.43
47,4,6,3,5.0
8,3,3,1,4.08
4,0,0,1,-0.56
3,0,0,0,-2.3
5,0,0,0,-1.87
5,0,0,0,-1.75
2,1,0,0,-2.19
2,0,0,0,-2.51
3,1,0,0,-1.49
4,1,0,0,-0.94
17,0,0,0,2.19
2,0,0,0,-2.3
55,4,3,0,5.0
3,0,0,0,-2.03
42,6,7,3,5.0
5,0,1,0,-0.78
17,2,2,0,4.03
1,0,0,0,-2.51
2,1,0,0,-1.86
40,4,5,0,4.91
67,5,5,3,4.79
1,0,0,1,-1.31
1,0,0,0,-2.81
14,4,0,0,3.49
3,0,0,0,-2.37
35,8,7,0,5.0
47,5,2,1,4.87
18,3,3,0,4.64
9,3,1,0,2.34
14,3,2,0,3.88
2,0,1,1,-0.36
9,3,2,0,3.23
12,2,3,1,4.23
16,1,1,1,4.03
1,0,0,0,-2.73
7,2,1,0,1.26
4,0,0,0,-2.27
41,12,6,5,5.0
24,7,3,5,4.87
4,1,0,0,-1.08
1,0,0,0,-2.4
12,2,0,0,1.82
16,1,0,0,2.32
1,0,0,0,-2.68
2,0,0,0,-2.44
11,1,1,0,1.67
1,0,1,0,-2.07
46,6,4,2,5.0
0,0,1,0,-2.24
42,8,10,0,5.0
4,0,1,0,-0.95
16,1,1,1,3.99
2,0,0,0,-2.51
3,0,0,0,-2.0
43,11,2,3,4.96
18,0,1,0,3.05
21,5,0,0,4.37
13,2,1,2,4.22
3,0,0,0,-2.05
28,7,11,0,4.76
49,4,6,1,4.99
4,0,0,2,1.38
2,0,0,0,-2.13
5,0,0,0,-1.33
15,0,1,0,2.5
2,0,0,0,-2.46
3,0,0,0,-2.32
3,2,0,0,-1.18
50,6,5,0,4.87
11,1,0,0,1.09
3,0,0,0,-2.26
3,0,0,0,-1.98
49,8,4,2,5.0
18,0,2,1,4.18
15,2,2,0,3.53
21,0,3,1,4.49
3,1,1,0,-0.9
0,0,0,0,-3.06
4,0,1,0,-0.93
4,0,1,0,-0.99
15,1,3,0,3.85
17,2,0,2,4.61
11,1,5,0,4.12
3,1,0,0,-1.46
13,1,1,1,3.68
2,0,0,0,-2.58
14,3,0,0,2.8
17,0,4,0,4.57
49,9,6,0,5.0
1,1,0,0,-2.24
46,6,5,2,5.0
3,0,0,0,-2.36
53,3,4,1,4.81
48,7,8,1,4.83
12,3,0,0,2.51
43,7,4,1,5.0
8,2,3,1,3.9
1,0,0,0,-2.47
5,0,1,0,-0.7
4,1,0,0,-1.45
42,10,1,0,5.0
3,1,0,0,-1.95
4,1,1,0,-0.13
3,0,0,1,-0.73
4,1,0,1,0.42
13,1,3,0,3.8
5,1,0,1,0.41
23,0,2,1,4.8
39,9,6,6,4.98
5,1,0,0,-0.86
49,10,5,1,5.0
5,0,0,0,-1.68
2,0,0,0,-2.33
16,0,0,0,2.17
17,2,6,1,4.77
3,0,0,0,-2.01
1,1,0,0,-2.01
0,0,0,0,-2.76
11,3,4,0,4.13
1,2,0,0,-1.55
21,1,4,2,5.0
4,0,0,0,-1.74
43,7,7,1,4.85
1,0,0,0,-2.62
41,6,7,2,4.7
19,4,1,0,4.47
3,0,0,0,-1.95
14,3,3,0,4.32
5,0,1,0,-0.91
14,3,2,0,3.88
2,0,0,0,-2.46
2,0,0,0,-2.35
36,2,4,1,4.85
20,1,1,0,3.57
2,0,0,0,-2.44
45,4,6,0,4.98
2,0,1,0,-1.7
3,0,0,0,-2.33
15,4,3,0,4.27
51,4,1,2,4.91
3,1,0,0,-1.46
4,2,0,0,-0.3
6,0,0,0,-1.1
2,0,1,0,-1.51
16,0,2,0,3.22
2,2,1,0,-0.29
10,4,0,1,3.65
0,1,0,0,-2.4
15,2,3,1,4.71
37,2,3,0,5.0
1,0,0,0,-2.28
12,0,0,0,0.84
14,5,2,2,4.51
58,8,5,4,4.81
16,2,1,0,3.48
35,10,7,0,5.0
36,4,6,1,4.89
17,4,2,0,4.37
3,0,0,0,-2.3
4,0,0,1,-0.36
17,2,0,0,3.32
16,1,0,1,3.15
11,2,2,0,3.08
13,3,3,0,3.98
0,1,0,0,-2.3
44,5,4,2,5.0
2,0,0,0,-2.53
4,0,0,0,-1.66
36,3,2,1,4.96
20,0,1,0,3.62
1,1,1,0,-1.09
4,1,0,0,-1.33
16,2,0,0,2.86
17,4,1,1,4.5
0,0,0,0,-2.92
16,3,2,0,4.16
9,2,1,0,2.19
4,0,0,0,-1.75
2,0,0,0,-2.58
2,0,1,1,0.29
16,3,0,1,4.17
19,2,2,0,4.14
1,0,0,0,-2.67
40,3,6,0,5.0
1,0,0,0,-2.63
5,0,0,0,-1.71
4,0,0,0,-1.81
4,0,0,0,-1.66
21,2,3,1,4.94
4,0,0,0,-2.19
3,0,0,0,-2.27
4,0,0,0,-1.88
46,6,4,0,5.0
4,1,1,0,-0.11
3,0,0,0,-1.96
18,0,0,1,3.34
1,1,0,0,-2.27
3,0,0,0,-2.05
12,5,2,0,4.43
14,6,0,0,4.06
0,1,0,1,-0.92
50,5,8,2,4.98
0,1,0,0,-2.22
0,0,0,0,-3.13
3,0,0,0,-2.42
2,0,0,0,-2.17
30,5,4,1,4.97
19,2,1,0,3.86
15,4,2,0,4.46
40,8,4,1,5.0
17,3,1,0,3.93
3,0,1,0,-1.36
5,0,0,0,-1.53
3,1,1,0,-0.56
2,0,0,0,-2.45
35,3,6,0,5.0
20,0,0,1,3.78
4,0,0,0,-2.12
2,1,0,0,-2.13
38,5,3,1,5.0
49,8,5,0,4.96
17,3,3,0,4.6
1,1,0,0,-2.37
1,1,0,0,-1.99
1,1,0,0,-2.21
4,0,1,0,-0.96
4,1,0,1,0.52
39,6,7,2,4.94
2,0,0,0,-2.34
38,6,4,0,5.0
5,0,0,0,-1.59
14,2,1,1,4.08
54,1,3,2,4.95
6,0,0,0,-1.16
4,0,0,0,-1.56
9,0,0,0,-0.18
4,0,0,0,-1.88
2,1,0,0,-2.03
14,3,0,0,3.15
20,3,1,0,4.32
52,5,3,1,4.97
17,2,1,0,3.81
0,0,0,0,-2.83
15,1,3,0,3.97
13,1,0,1,2.89
2,0,0,0,-2.37
19,2,1,1,4.5
2,0,0,0,-2.7
2,0,0,0,-2.46
17,3,1,0,4.12
1,0,1,0,-1.96
4,0,1,0,-0.79
43,6,2,0,5.0
2,0,0,0,-2.29
23,2,0,0,4.11
17,4,1,1,4.63
3,0,0,0,-2.28
21,2,1,0,4.03
22,2,2,2,4.7
21,1,0,2,4.43
25,1,3,0,4.66
11,3,1,0,2.87
1,0,0,0,-2.7
13,6,5,1,5.0
53,8,7,0,5.0
6,4,2,1,3.67
4,0,0,0,-1.98
14,2,3,1,4.38
2,0,0,0,-2.44
12,4,1,0,3.39
3,0,1,0,-1.59
42,7,8,1,5.0
24,3,2,1,4.8
1,0,0,0,-2.93
4,0,0,0,-1.99
16,2,1,3,4.48
2,0,0,0,-2.61
8,0,1,0,0.12
5,0,0,0,-1.63
2,0,0,0,-2.1
23,2,1,0,4.04
1,0,0,0,-2.94
1,0,0,0,-2.85
10,0,2,0,2.05
13,2,2,0,3.68
3,1,0,0,-1.53
4,2,0,0,-0.94
2,1,0,1,-0.34
2,0,0,0,-2.61
18,3,0,0,3.45
2,0,0,0,-2.44
22,3,0,0,4.12
3,0,0,0,-2.22
34,6,6,3,5.0
4,0,0,0,-1.81
2,0,0,0,-2.37
8,3,1,0,2.11
14,1,1,2,4.1
3,0,0,1,-0.86
4,0,0,0,-1.88
36,9,4,0,4.96
51,5,6,2,4.96
37,2,2,2,4.76
5,0,0,0,-1.55
4,1,0,0,-1.38
2,0,0,0,-2.33
5,0,0,0,-1.61
12,2,0,0,1.96
5,1,0,0,-1.3
56,8,3,3,5.0
5,1,0,0,-0.94
49,9,7,2,4.82
1,1,1,0,-1.27
15,1,3,0,3.76
22,0,0,0,3.38
20,4,3,1,4.82
0,0,0,0,-3.08
13,3,1,1,4.1
5,0,0,0,-1.82
2,1,0,0,-1.76
0,1,1,0,-1.45
0,0,0,1,-1.59
9,4,0,0,2.16
6,1,0,0,-0.75
58,12,6,2,4.94
15,2,3,1,4.48
1,0,0,1,-1.32
1,0,1,0,-1.85
11,2,3,0,3.48
37,6,5,0,4.99
13,2,2,0,3.46
2,0,0,0,-2.55
23,4,3,1,5.0
2,0,0,0,-2.31
7,0,0,0,-0.94
47,8,3,1,5.0
3,0,1,0,-1.15
23,0,1,0,3.75
2,1,0,0,-2.09
1,0,0,0,-2.74
37,5,7,1,5.0
6,0,0,0,-1.37
46,9,7,0,5.0
38,8,3,1,5.0
3,2,0,0,-0.85
52,6,3,3,4.9
3,0,0,0,-2.2
11,3,1,0,2.76
0,1,0,0,-2.49
18,3,2,1,4.48
10,2,1,0,2.11
10,1,0,0,0.73
11,0,1,1,2.82
3,1,0,0,-1.62
6,0,0,0,-1.6
15,1,4,1,4.63
13,2,1,0,2.96
3,0,0,0,-2.17
46,6,3,0,5.0
8,3,1,1,3.31
3,0,0,0,-2.22
42,7,6,0,5.0
43,7,8,1,5.0
37,3,3,2,5.0
16,1,2,0,3.82
50,8,4,0,5.0
8,0,1,0,0.52
41,6,6,1,5.0
4,0,1,0,-0.69
48,3,5,0,5.0
2,1,0,0,-1.97
39,5,3,0,4.73
2,1,1,0,-0.97
6,0,0,0,-1.09
3,0,0,0,-2.12
5,0,1,0,-0.54
16,3,2,0,3.92
39,7,1,3,5.0
44,5,2,3,5.0
19,0,1,0,3.34
4,0,0,0,-1.82
18,2,2,1,4.81
52,6,6,1,5.0
11,2,1,2,4.1
11,3,0,0,2.02
48,4,4,2,4.81
3,1,0,0,-1.46
47,8,8,2,5.0
14,2,2,0,3.85
3,0,0,0,-2.22
0,0,0,0,-2.6
1,0,0,1,-1.45
3,0,0,0,-2.1
7,0,0,0,-1.08
1,0,0,0,-3.03
4,1,1,0,-0.15
53,11,4,0,5.0
2,0,0,0,-2.62
13,1,0,0,1.7
2,0,0,0,-2.47
1,1,1,0,-1.32
2,0,0,0,-2.47
2,0,0,1,-0.72
4,0,0,0,-1.81
16,2,0,0,2.96
2,0,0,0,-2.51
19,3,1,0,4.21
4,0,1,0,-0.94
19,1,1,0,3.73
12,1,2,1,4.19
4,0,0,0,-1.85
45,8,5,1,4.92
6,0,1,0,-0.3
15,5,2,1,4.66
5,1,1,0,0.01
2,0,0,0,-2.64
56,6,8,2,4.92
3,0,0,0,-2.37
4,0,0,0,-2.01
11,3,4,1,4.56
6,0,0,0,-1.58
2,1,2,0,0.11
4,1,1,0,-0.55
48,8,7,4,4.9
11,1,1,0,1.8
14,1,0,0,1.72
11,2,1,1,3.67
34,9,8,2,5.0
16,2,2,0,4.02
9,2,0,0,1.03
17,1,2,0,3.85
6,0,0,1,0.34
8,0,0,0,-0.46
4,2,0,0,-0.62
18,2,3,0,4.54
48,5,2,4,4.76
5,2,0,0,-0.53
44,5,2,1,5.0
7,0,0,0,-0.92
38,4,3,0,5.0
1,0,0,0,-2.76
14,3,1,0,3.69
2,0,2,0,-0.5
3,0,2,0,-0.37
1,0,0,0,-2.84
3,0,0,0,-2.19
2,0,0,0,-2.27
38,6,4,3,4.98
17,3,2,0,4.41
3,0,0,0,-2.13
4,1,0,0,-1.11
37,6,6,1,4.74
50,8,4,3,5.0
14,4,3,0,4.66
17,4,5,0,4.61
17,2,4,0,4.81
1,0,0,0,-2.67
12,2,0,0,1.78
6,0,0,0,-1.41
2,1,0,0,-1.96
53,6,9,3,5.0
4,1,0,0,-1.17
9,2,3,0,3.4
3,0,1,0,-1.47
20,1,2,0,4.12
48,8,7,0,4.97
41,4,4,1,5.0
1,0,0,0,-2.66
10,0,2,0,2.06
3,0,0,1,-0.5
1,0,0,0,-2.58
6,0,0,0,-1.67
4,1,1,0,-0.47
5,0,0,0,-1.74
2,0,0,1,-0.9
46,10,1,1,5.0
2,1,0,0,-1.71
16,1,2,0,3.83
12,1,2,1,3.84
21,0,1,0,3.59
6,1,0,0,-0.51
7,0,0,0,-1.17
2,0,0,0,-2.58
3,0,0,0,-2.44
11,1,1,1,3.2
1,0,0,0,-2.93
1,0,1,0,-2.07
14,1,1,0,2.72
16,1,0,0,2.41
9,1,1,0,1.22
47,3,5,0,4.59
4,1,0,0,-1.11
14,2,1,0,3.29
13,1,1,1,3.51
3,0,0,0,-2.07
44,4,7,0,5.0
5,0,0,0,-1.67
39,1,5,3,4.73
18,2,2,0,4.3
13,5,3,0,4.27
4,1,0,0,-1.29
50,4,2,2,4.99
14,3,1,0,3.82
3,0,0,0,-2.02
37,5,4,1,5.0
2,1,1,0,-0.76
45,4,7,3,5.0
5,0,0,0,-1.7
17,2,1,0,3.87
2,0,0,1,-0.76
40,4,5,0,5.0
1,0,0,0,-2.69
1,1,0,0,-1.99
12,3,2,1,4.18
2,1,0,0,-1.8
1,0,0,0,-2.72
6,2,0,0,0.05
20,1,4,0,4.7
2,1,0,0,-2.3
14,1,2,0,3.48
4,0,1,0,-1.14
19,1,2,0,4.22
12,1,3,0,3.56
4,0,1,0,-0.99
18,3,3,1,4.79
8,3,1,1,3.29
47,9,3,2,5.0
5,0,0,0,-1.68
22,2,3,0,4.55
12,1,1,0,2.31
3,0,0,0,-2.5
12,4,1,0,3.49
42,3,9,2,5.0
14,1,1,2,4.18
1,0,0,1,-1.51
1,0,0,0,-2.81
3,0,0,0,-2.09
16,5,1,0,4.04
11,0,0,1,1.69
11,0,3,1,3.66
15,1,2,0,3.55
18,2,1,1,4.18
3,0,0,0,-2.14
13,1,1,0,2.58
3,1,0,0,-1.55
4,0,0,0,-2.0
5,0,0,0,-1.34
24,0,1,0,4.4
2,0,0,0,-2.53
16,1,2,2,4.28
5,0,0,0,-1.55
2,0,1,0,-1.46
4,0,0,0,-2.28
1,1,0,0,-2.11
4,0,0,0,-2.08
2,1,0,0,-1.75
18,1,2,1,4.22
18,2,1,1,4.42
0,0,0,0,-2.87
4,0,0,0,-1.92
14,4,1,0,3.34
3,0,0,0,-2.27
10,4,0,0,2.31
4,0,0,0,-2.13
17,4,3,0,4.53
5,0,1,0,-0.64
3,0,0,0,-2.06
40,3,5,2,5.0
8,0,0,0,-0.51
3,0,1,0,-1.13
22,1,1,1,4.51
3,0,0,0,-2.03
11,1,3,0,2.98
3,1,1,0,-0.44
3,1,0,1,0.23
17,1,2,0,3.86
13,3,2,0,3.71
17,2,3,1,4.82
1,0,0,0,-2.39
15,2,2,2,5.0
16,5,1,1,4.63
11,2,1,0,2.42
14,3,3,0,4.12
0,0,0,0,-2.82
2,1,1,0,-0.98
58,4,6,1,5.0
16,0,0,0,1.84
3,0,0,0,-2.12
17,1,2,0,3.93
2,0,0,0,-2.43
2,1,0,0,-1.88
3,0,0,0,-1.97
2,0,0,0,-2.47
4,0,0,0,-1.75
13,3,1,0,3.41
2,0,0,0,-2.2
4,0,0,0,-1.76
5,1,0,0,-0.85
3,0,0,0,-1.97
5,0,0,0,-1.76
16,1,1,0,3.24
14,1,1,0,2.93
12,3,2,1,4.07
15,1,1,1,3.89
1,0,0,0,-2.42
5,1,0,0,-1.11
5,1,0,0,-0.83
52,7,7,2,5.0
3,0,0,0,-2.28
5,3,0,0,0.47
1,0,0,0,-2.61
13,1,2,1,4.1
12,1,0,1,2.66
4,0,0,0,-1.93
8,1,3,1,3.24
15,1,2,1,4.2
4,0,0,0,-1.74
17,2,5,0,4.54
3,1,0,0,-1.72
14,2,2,1,4.34
12,3,1,2,4.53
16,4,1,1,4.62
2,0,1,1,-0.0
2,1,1,0,-1.08
20,3,1,1,4.48
3,2,0,0,-1.11
18,1,4,2,4.73
1,0,0,0,-2.82
11,3,1,1,3.8
60,4,5,1,4.89
16,2,1,0,3.59
4,0,0,0,-2.09
14,5,4,0,4.78
13,0,2,0,2.64
54,3,4,1,5.0
43,4,3,1,5.0
3,1,0,0,-1.53
45,8,8,1,4.93
3,1,0,0,-1.63
4,0,0,0,-1.76
3,0,0,0,-2.23
7,1,2,0,1.4
5,0,0,0,-1.58
2,1,0,1,-0.37
2,0,0,0,-2.51
15,3,1,0,3.73
41,11,7,1,5.0
11,3,0,0,2.36
2,1,1,0,-0.86
5,1,0,0,-0.87
4,0,0,0,-1.95
14,1,4,1,4.4
45,4,6,0,4.91
43,6,2,2,4.79
20,2,1,0,4.06
14,2,3,0,3.8
1,0,0,0,-2.5
3,0,0,0,-2.11
3,0,0,0,-2.11
1,0,0,0,-2.36
38,7,6,2,4.94
4,0,0,0,-2.1
4,0,1,0,-0.87
5,0,0,0,-1.64
22,4,0,0,4.16
16,2,2,1,4.65
14,2,1,0,3.29
4,0,1,0,-0.78
2,0,0,0,-2.51
8,2,2,0,2.37
3,1,0,0,-1.45
10,2,0,2,3.58
3,0,0,0,-2.22
19,2,1,0,4.02
15,2,0,1,3.91
41,11,6,0,4.64
2,0,2,0,-0.72
44,7,7,2,4.85
1,1,1,0,-1.16
0,0,0,0,-3.11
2,0,0,0,-2.37
3,0,0,0,-2.49
15,3,1,0,3.78
59,5,2,1,5.0
4,0,0,0,-1.89
16,4,2,0,4.09
4,1,0,0,-1.28
40,4,5,0,5.0
12,1,4,0,3.95
42,9,4,0,5.0
14,0,2,1,3.56
0,1,1,0,-1.47
3,0,0,0,-2.01
